id,name,origin,teaType,ingredients,flavorProfile,bitterness,sweetness,floralNotes,spiceLevel,aroma,caffeine,calories,preparationTime,steepTemperature,waterRatio,healthBenefits,moodTags,season,price,rating,reviewsCount,description,foodPairings,imageUrl
TEA-IN-0001,Margaret's Hope Golden Tips,Darjeeling (Makaibari),Darjeeling,100% Hand-Picked Camellia Sinensis Single Estate Darjeeling Leaves,Muscatel; Honey; Floral,2.1,7.9,9.0,1.8,8.2,40,0,3,83,2.5g per 200ml (or 1:1 milk-water for Chai),High Antioxidants; Cellular Protection; Gentle Vitality; Heart Wellness,Refreshed; Meditative; Focused; Calm,Second Flush Summer,739.0,4.56,203,"An exquisite handcrafted darjeeling harvest from the famed terroirs of Darjeeling (Makaibari). Imbued with prominent sensory notes of Muscatel, Honey, Floral, this blend exhibits an aroma rating of 8.2/10. Specially curated for refreshed, meditative rituals, it offers potent high antioxidants, cellular protection.",Traditional Osmania Butter Biscuits; Warm Cardamom Nankhatai; Irani Cafe Bun Maska & Chai,https://images.unsplash.com/photo-1594631252845-29fc4cc8cde9?auto=format&fit=crop&w=800&q=80
TEA-IN-0002,Smoked Wild Bamboo Assam Lot #650,Assam (Upper Brahmaputra Valley),Assam,100% High-Grade Assam Whole Leaf & Golden Buds (Camellia Sinensis var. Assamica),Honey; Caramel; Toasted Grain; Malty; Dark Cocoa,7.2,3.3,1.9,3.4,9.2,62,1,4,95,2.5g per 200ml (or 1:1 milk-water for Chai),Digestive Power; Immune Strength,Uplifted; Motivated; Focused,All Season,1143.0,4.74,331,"An exquisite handcrafted assam harvest from the famed terroirs of Assam (Upper Brahmaputra Valley). Imbued with prominent sensory notes of Honey, Caramel, Toasted Grain, this blend exhibits an aroma rating of 9.2/10. Specially curated for uplifted, motivated rituals, it offers potent digestive power, immune strength.",Poha with Roasted Peanuts; Traditional Osmania Butter Biscuits; Warm Cardamom Nankhatai,https://images.unsplash.com/photo-1514733670139-4d87a1941d55?auto=format&fit=crop&w=800&q=80
TEA-IN-0003,Fiery Adrak & Kali Mirch Kadak Chai Lot #268,Delhi Old Quarter,Masala Chai,"Assam CTC Black Tea, Green Cardamom Pods, Crushed Dry Ginger, Ceylon Cinnamon, Cloves, Black Pepper, Star Anise, Saffron",Spicy; Creamy; Ginger (Adrak); Cardamom (Elaichi),3.8,8.2,3.1,8.0,9.3,63,18,4,95,2.5g per 200ml (or 1:1 milk-water for Chai),Digestive Comfort; Cold & Cough Relief; Anti-inflammatory; Instant Warming,Refreshed; Uplifted; Comforting,Winter Warmth,394.0,4.7,318,"An exquisite handcrafted masala chai harvest from the famed terroirs of Delhi Old Quarter. Imbued with prominent sensory notes of Spicy, Creamy, Ginger (Adrak), this blend exhibits an aroma rating of 9.3/10. Specially curated for refreshed, uplifted rituals, it offers potent digestive comfort, cold & cough relief.",Shrewsbury Butter Biscuits; Traditional Osmania Butter Biscuits,https://images.unsplash.com/photo-1571934811356-5cc061b6821f?auto=format&fit=crop&w=800&q=80
TEA-IN-0004,Gulmarg Winter Spice Kahwa Lot #242,Kashmir (Srinagar Valley),Kashmir Kahwa,"Kashmiri Green Tea Leaves, Pampore Pure Saffron Strands, Green Cardamom, Cinnamon, Crushed Almond Slivers, Dried Rose Petals",Saffron (Kesar); Cinnamon; Sweet Almond; Floral Honey; Nutty,1.2,6.1,6.4,6.9,9.8,21,0,4,83,2.5g per 200ml (or 1:1 milk-water for Chai),Stress Relief; Digestive Fire; Skin Glow & Radiance; Immunity Boost,Refreshed; Meditative,All Season,1725.0,4.48,276,"An exquisite handcrafted kashmir kahwa harvest from the famed terroirs of Kashmir (Srinagar Valley). Imbued with prominent sensory notes of Saffron (Kesar), Cinnamon, Sweet Almond, this blend exhibits an aroma rating of 9.8/10. Specially curated for refreshed, meditative rituals, it offers potent stress relief, digestive fire.",Gulab Jamun with Rosewater Syrup; Crisp Hot Samosas with Mint & Tamarind Chutney,https://images.unsplash.com/photo-1576092768241-dec231879fc3?auto=format&fit=crop&w=800&q=80
TEA-IN-0005,Blue Mountain Aromatic Orthdox Lot #620 '24,Nilgiri (Ooty Highlands),Nilgiri,100% High-Elevation Nilgiri Camellia Sinensis,Bright Citrus; Floral; Crisp Fruit; Sweet Melon,1.9,6.4,8.9,2.3,9.4,46,3,3,86,2.5g per 200ml (or 1:1 milk-water for Chai),Antioxidant Rich; Gentle Alertness,Refreshed; Uplifted,Autumnal Harvest,1391.0,4.41,290,"An exquisite handcrafted nilgiri harvest from the famed terroirs of Nilgiri (Ooty Highlands). Imbued with prominent sensory notes of Bright Citrus, Floral, Crisp Fruit, this blend exhibits an aroma rating of 9.4/10. Specially curated for refreshed, uplifted rituals, it offers potent antioxidant rich, gentle alertness.",Poha with Roasted Peanuts; Irani Cafe Bun Maska & Chai,https://images.unsplash.com/photo-1546852199-2d8e8c4aa477?auto=format&fit=crop&w=800&q=80
TEA-IN-0006,Brahmi & Shankhpushpi Memory Tonic Lot #509 '26,Himalayan Foothills,Ayurvedic Tisane,"Organic Tulsi (Holy Basil), Ashwagandha Root, Wild Himalayan Turmeric, Brahmi Leaves, Licorice (Mulethi), Fennel Seeds (Saunf), Lemongrass",Cooling; Herbal; Botanical,1.4,7.6,5.8,3.0,7.6,0,4,5,99,2.5g per 200ml (or 1:1 milk-water for Chai),Cortisol / Stress Reduction; Immunity Fortification; Joint & Anti-inflammatory; Deep Restful Sleep,Calm; Relaxed; Meditative,All Season,908.0,4.69,262,"An exquisite handcrafted ayurvedic tisane harvest from the famed terroirs of Himalayan Foothills. Imbued with prominent sensory notes of Cooling, Herbal, Botanical, this blend exhibits an aroma rating of 7.6/10. Specially curated for calm, relaxed rituals, it offers potent cortisol / stress reduction, immunity fortification.",Shrewsbury Butter Biscuits; Traditional Osmania Butter Biscuits; Irani Cafe Bun Maska & Chai,https://images.unsplash.com/photo-1597481499750-3e6b22637e12?auto=format&fit=crop&w=800&q=80
TEA-IN-0007,Himalayan Cedar Scented Kangra,Himachal Pradesh (Dharamshala),Kangra Valley,100% Certified GI Tagged Kangra Valley Whole Leaf Tea,Roasted Corn; Sweet Vegetal; Pine Mist; Nutty; Mellow Green,2.1,6.6,6.6,1.6,8.3,44,0,2,81,2.5g per 200ml (or 1:1 milk-water for Chai),Antioxidant Shield; Digestive Ease; High Polyphenols; Peaceful Focus,Calm; Meditative; Focused,All Season,1249.0,4.87,67,"An exquisite handcrafted kangra valley harvest from the famed terroirs of Himachal Pradesh (Dharamshala). Imbued with prominent sensory notes of Roasted Corn, Sweet Vegetal, Pine Mist, this blend exhibits an aroma rating of 8.3/10. Specially curated for calm, meditative rituals, it offers potent antioxidant shield, digestive ease.",Shrewsbury Butter Biscuits; Crisp Hot Samosas with Mint & Tamarind Chutney; Kolkata Style Kathi Rolls,https://images.unsplash.com/photo-1576092768241-dec231879fc3?auto=format&fit=crop&w=800&q=80
TEA-IN-0008,Kanchenjunga Mist Golden Tips Lot #319 '24,Sikkim (Ravangla Highlands),Sikkim Temi,100% Organic Single Estate Temi Leaves,Honeyed Wood; Sweet Floral; Muscatel,1.8,6.0,7.5,2.9,9.2,35,5,4,86,2.5g per 200ml (or 1:1 milk-water for Chai),Cardiovascular Support; Pure Organic Nutrition; L-Theanine Serenity; Skin Vitality,Meditative; Serene,Monsoon Special,1472.0,4.35,54,"An exquisite handcrafted sikkim temi harvest from the famed terroirs of Sikkim (Ravangla Highlands). Imbued with prominent sensory notes of Honeyed Wood, Sweet Floral, Muscatel, this blend exhibits an aroma rating of 9.2/10. Specially curated for meditative, serene rituals, it offers potent cardiovascular support, pure organic nutrition.",Shrewsbury Butter Biscuits; Crisp Hot Samosas with Mint & Tamarind Chutney,https://images.unsplash.com/photo-1546852199-2d8e8c4aa477?auto=format&fit=crop&w=800&q=80
TEA-IN-0009,Misty Mountain Bio-Dynamic First Flush Lot #684,Darjeeling (Makaibari),Darjeeling,100% Hand-Picked Camellia Sinensis Single Estate Darjeeling Leaves,Citrus Zest; Floral; Green Apple; Pine Wood,3.0,7.5,8.3,1.4,9.0,53,1,4,83,2.5g per 200ml (or 1:1 milk-water for Chai),Mental Clarity; High Antioxidants; Gentle Vitality,Calm; Uplifted; Meditative,First Flush Spring,2277.0,4.9,145,"An exquisite handcrafted darjeeling harvest from the famed terroirs of Darjeeling (Makaibari). Imbued with prominent sensory notes of Citrus Zest, Floral, Green Apple, this blend exhibits an aroma rating of 9.0/10. Specially curated for calm, uplifted rituals, it offers potent mental clarity, high antioxidants.",Shrewsbury Butter Biscuits; Warm Cardamom Nankhatai,https://images.unsplash.com/photo-1594631252845-29fc4cc8cde9?auto=format&fit=crop&w=800&q=80
TEA-IN-0010,Smoked Wild Bamboo Assam Lot #657 '26,Assam (Jorhat),Assam,100% High-Grade Assam Whole Leaf & Golden Buds (Camellia Sinensis var. Assamica),Dark Cocoa; Molasses; Woody,7.4,5.8,2.6,3.5,8.4,82,0,4,97,2.5g per 200ml (or 1:1 milk-water for Chai),Cardiovascular Support; Immune Strength,Energetic; Focused; Cozy; Uplifted,All Season,681.0,4.49,21,"An exquisite handcrafted assam harvest from the famed terroirs of Assam (Jorhat). Imbued with prominent sensory notes of Dark Cocoa, Molasses, Woody, this blend exhibits an aroma rating of 8.4/10. Specially curated for energetic, focused rituals, it offers potent cardiovascular support, immune strength.",Crisp Hot Samosas with Mint & Tamarind Chutney; Kolkata Style Kathi Rolls; Warm Cardamom Nankhatai,https://images.unsplash.com/photo-1571934811356-5cc061b6821f?auto=format&fit=crop&w=800&q=80
TEA-IN-0011,Fiery Adrak & Kali Mirch Kadak Chai,Kolkata Street Estate,Masala Chai,"Assam CTC Black Tea, Green Cardamom Pods, Crushed Dry Ginger, Ceylon Cinnamon, Cloves, Black Pepper, Star Anise, Saffron",Cardamom (Elaichi); Ginger (Adrak); Cinnamon (Dalchini); Sweet Heat; Spicy,5.1,6.5,1.3,9.9,9.7,44,17,5,99,2.5g per 200ml (or 1:1 milk-water for Chai),Cold & Cough Relief; Digestive Comfort; Immunity Shield,Refreshed; Energetic; Cozy; Comforting,First Flush Spring,734.0,4.32,397,"An exquisite handcrafted masala chai harvest from the famed terroirs of Kolkata Street Estate. Imbued with prominent sensory notes of Cardamom (Elaichi), Ginger (Adrak), Cinnamon (Dalchini), this blend exhibits an aroma rating of 9.7/10. Specially curated for refreshed, energetic rituals, it offers potent cold & cough relief, digestive comfort.",Traditional Osmania Butter Biscuits; Irani Cafe Bun Maska & Chai,https://images.unsplash.com/photo-1571934811356-5cc061b6821f?auto=format&fit=crop&w=800&q=80
TEA-IN-0012,Pink Salted Noon Chai (Sheer Chai) Lot #931,Kashmir (Gulmarg Hills),Kashmir Kahwa,"Kashmiri Green Tea Leaves, Pampore Pure Saffron Strands, Green Cardamom, Cinnamon, Crushed Almond Slivers, Dried Rose Petals",Cardamom; Delicate Green; Saffron (Kesar),1.3,8.1,7.3,5.1,9.5,17,3,4,82,2.5g per 200ml (or 1:1 milk-water for Chai),Calming Warmth; Skin Glow & Radiance; Immunity Boost,Refreshed; Meditative; Calm,First Flush Spring,1312.0,4.97,39,"An exquisite handcrafted kashmir kahwa harvest from the famed terroirs of Kashmir (Gulmarg Hills). Imbued with prominent sensory notes of Cardamom, Delicate Green, Saffron (Kesar), this blend exhibits an aroma rating of 9.5/10. Specially curated for refreshed, meditative rituals, it offers potent calming warmth, skin glow & radiance.",Crisp Hot Samosas with Mint & Tamarind Chutney; Kolkata Style Kathi Rolls; Warm Cardamom Nankhatai,https://images.unsplash.com/photo-1576092768241-dec231879fc3?auto=format&fit=crop&w=800&q=80
TEA-IN-0013,Coonoor Highland Fragrant Amber Lot #422,Nilgiri (Ooty Highlands),Nilgiri,100% High-Elevation Nilgiri Camellia Sinensis,Bright Citrus; Crisp Fruit; Light Malt; Plum,3.5,6.3,8.7,0.9,8.1,43,4,3,90,2.5g per 200ml (or 1:1 milk-water for Chai),Weight Balance; Heart Health; Antioxidant Rich; Daily Refreshment,Calm; Creative; Uplifted; Focused,All Season,1384.0,4.76,109,"An exquisite handcrafted nilgiri harvest from the famed terroirs of Nilgiri (Ooty Highlands). Imbued with prominent sensory notes of Bright Citrus, Crisp Fruit, Light Malt, this blend exhibits an aroma rating of 8.1/10. Specially curated for calm, creative rituals, it offers potent weight balance, heart health.",Spicy Bhakarwadi & Mathri; Traditional Osmania Butter Biscuits,https://images.unsplash.com/photo-1546852199-2d8e8c4aa477?auto=format&fit=crop&w=800&q=80
TEA-IN-0014,Chamomile & Shankhpushpi Deep Sleep,Kerala (Western Ghats),Ayurvedic Tisane,"Organic Tulsi (Holy Basil), Ashwagandha Root, Wild Himalayan Turmeric, Brahmi Leaves, Licorice (Mulethi), Fennel Seeds (Saunf), Lemongrass",Cooling; Woody; Botanical,2.5,6.4,5.3,3.8,8.9,0,5,5,100,2.5g per 200ml (or 1:1 milk-water for Chai),Cortisol / Stress Reduction; Gut Health & Detox; Immunity Fortification; Joint & Anti-inflammatory,Calm; Soothing; Relaxed; Cozy,Autumnal Harvest,697.0,4.82,253,"An exquisite handcrafted ayurvedic tisane harvest from the famed terroirs of Kerala (Western Ghats). Imbued with prominent sensory notes of Cooling, Woody, Botanical, this blend exhibits an aroma rating of 8.9/10. Specially curated for calm, soothing rituals, it offers potent cortisol / stress reduction, gut health & detox.",Crisp Hot Samosas with Mint & Tamarind Chutney; Traditional Osmania Butter Biscuits,https://images.unsplash.com/photo-1544787219-7f47ccb76574?auto=format&fit=crop&w=800&q=80
TEA-IN-0015,Wild Herb Infused Kangra Tea '25,Himachal Pradesh (Palampur),Kangra Valley,100% Certified GI Tagged Kangra Valley Whole Leaf Tea,Floral; Roasted Corn; Pine Mist; Nutty; Mellow Green,2.0,5.9,7.4,1.8,8.7,42,3,2,77,2.5g per 200ml (or 1:1 milk-water for Chai),Digestive Ease; Peaceful Focus,Refreshed; Uplifted; Meditative,All Season,1132.0,4.61,404,"An exquisite handcrafted kangra valley harvest from the famed terroirs of Himachal Pradesh (Palampur). Imbued with prominent sensory notes of Floral, Roasted Corn, Pine Mist, this blend exhibits an aroma rating of 8.7/10. Specially curated for refreshed, uplifted rituals, it offers potent digestive ease, peaceful focus.",Shrewsbury Butter Biscuits; Gulab Jamun with Rosewater Syrup; Irani Cafe Bun Maska & Chai,https://images.unsplash.com/photo-1576092768241-dec231879fc3?auto=format&fit=crop&w=800&q=80
TEA-IN-0016,Sikkim Royal Orthodox Muscatel Lot #382,Sikkim (Ravangla Highlands),Sikkim Temi,100% Organic Single Estate Temi Leaves,Sweet Floral; Gentle Spice; Peach,2.9,6.6,7.3,2.8,8.1,33,3,3,90,2.5g per 200ml (or 1:1 milk-water for Chai),Pure Organic Nutrition; Cardiovascular Support; Skin Vitality,Meditative; Serene,Autumnal Harvest,457.0,4.54,405,"An exquisite handcrafted sikkim temi harvest from the famed terroirs of Sikkim (Ravangla Highlands). Imbued with prominent sensory notes of Sweet Floral, Gentle Spice, Peach, this blend exhibits an aroma rating of 8.1/10. Specially curated for meditative, serene rituals, it offers potent pure organic nutrition, cardiovascular support.",Dhokla with Green Chilies; Spicy Bhakarwadi & Mathri,https://images.unsplash.com/photo-1576092768241-dec231879fc3?auto=format&fit=crop&w=800&q=80
TEA-IN-0017,Misty Mountain Bio-Dynamic First Flush Lot #660 '24,Darjeeling (Okayti),Darjeeling,100% Hand-Picked Camellia Sinensis Single Estate Darjeeling Leaves,Muscatel; Honey; Apricot,2.7,6.1,8.5,1.1,9.3,49,5,3,87,2.5g per 200ml (or 1:1 milk-water for Chai),Mental Clarity; High Antioxidants; Cellular Protection; Heart Wellness,Meditative; Focused,Second Flush Summer,942.0,4.52,409,"An exquisite handcrafted darjeeling harvest from the famed terroirs of Darjeeling (Okayti). Imbued with prominent sensory notes of Muscatel, Honey, Apricot, this blend exhibits an aroma rating of 9.3/10. Specially curated for meditative, focused rituals, it offers potent mental clarity, high antioxidants.",Spicy Bhakarwadi & Mathri; Warm Cardamom Nankhatai,https://images.unsplash.com/photo-1594631252845-29fc4cc8cde9?auto=format&fit=crop&w=800&q=80
TEA-IN-0018,Smoked Wild Bamboo Assam,Assam (Golaghat),Assam,100% High-Grade Assam Whole Leaf & Golden Buds (Camellia Sinensis var. Assamica),Honey; Malty; Toasted Grain,4.1,4.9,4.0,2.5,8.6,77,5,4,95,2.5g per 200ml (or 1:1 milk-water for Chai),Digestive Power; Cardiovascular Support; High Sustained Energy; Metabolic Fire,Energetic; Focused; Motivated; Uplifted,All Season,946.0,4.83,103,"An exquisite handcrafted assam harvest from the famed terroirs of Assam (Golaghat). Imbued with prominent sensory notes of Honey, Malty, Toasted Grain, this blend exhibits an aroma rating of 8.6/10. Specially curated for energetic, focused rituals, it offers potent digestive power, cardiovascular support.",Dhokla with Green Chilies; Poha with Roasted Peanuts; Irani Cafe Bun Maska & Chai,https://images.unsplash.com/photo-1571934811356-5cc061b6821f?auto=format&fit=crop&w=800&q=80
TEA-IN-0019,Royal Elaichi & Kesar Rich Chai,Delhi Old Quarter,Masala Chai,"Assam CTC Black Tea, Green Cardamom Pods, Crushed Dry Ginger, Ceylon Cinnamon, Cloves, Black Pepper, Star Anise, Saffron",Peppery; Creamy; Sweet Heat; Clove (Laung); Spicy,5.0,8.3,2.2,9.3,9.1,60,55,4,95,2.5g per 200ml (or 1:1 milk-water for Chai),Digestive Comfort; Immunity Shield; Anti-inflammatory; Instant Warming,Refreshed; Energetic; Comforting; Cozy,Monsoon Special,487.0,4.55,444,"An exquisite handcrafted masala chai harvest from the famed terroirs of Delhi Old Quarter. Imbued with prominent sensory notes of Peppery, Creamy, Sweet Heat, this blend exhibits an aroma rating of 9.1/10. Specially curated for refreshed, energetic rituals, it offers potent digestive comfort, immunity shield.",Gulab Jamun with Rosewater Syrup; Spicy Bhakarwadi & Mathri,https://images.unsplash.com/photo-1571934811356-5cc061b6821f?auto=format&fit=crop&w=800&q=80
TEA-IN-0020,Traditional Samovar Cinnamon Kahwa,Kashmir (Pampore Saffron Fields),Kashmir Kahwa,"Kashmiri Green Tea Leaves, Pampore Pure Saffron Strands, Green Cardamom, Cinnamon, Crushed Almond Slivers, Dried Rose Petals",Delicate Green; Cinnamon; Saffron (Kesar),2.3,7.8,9.2,7.3,9.5,27,4,4,82,2.5g per 200ml (or 1:1 milk-water for Chai),Stress Relief; Digestive Fire; Immunity Boost,Refreshed; Relaxed; Meditative; Cozy,Second Flush Summer,1616.0,4.53,325,"An exquisite handcrafted kashmir kahwa harvest from the famed terroirs of Kashmir (Pampore Saffron Fields). Imbued with prominent sensory notes of Delicate Green, Cinnamon, Saffron (Kesar), this blend exhibits an aroma rating of 9.5/10. Specially curated for refreshed, relaxed rituals, it offers potent stress relief, digestive fire.",Gulab Jamun with Rosewater Syrup; Traditional Osmania Butter Biscuits; Irani Cafe Bun Maska & Chai,https://images.unsplash.com/photo-1563822249548-9a72b6353cd1?auto=format&fit=crop&w=800&q=80
TEA-IN-0021,Nilgiri Frost Tea Winter Pluck '25,Nilgiri (Coonoor),Nilgiri,100% High-Elevation Nilgiri Camellia Sinensis,Floral; Light Malt; Sweet Melon; Crisp Fruit; Plum,2.4,6.6,7.4,1.9,8.7,35,2,3,91,2.5g per 200ml (or 1:1 milk-water for Chai),Weight Balance; Heart Health; Daily Refreshment; Gentle Alertness,Calm; Uplifted; Focused,Second Flush Summer,481.0,4.66,410,"An exquisite handcrafted nilgiri harvest from the famed terroirs of Nilgiri (Coonoor). Imbued with prominent sensory notes of Floral, Light Malt, Sweet Melon, this blend exhibits an aroma rating of 8.7/10. Specially curated for calm, uplifted rituals, it offers potent weight balance, heart health.",Kashmiri Girda Flatbread with Butter; Kolkata Style Kathi Rolls; Traditional Osmania Butter Biscuits,https://images.unsplash.com/photo-1597481499750-3e6b22637e12?auto=format&fit=crop&w=800&q=80
TEA-IN-0022,Brahmi & Shankhpushpi Memory Tonic Lot #384 '26,Himalayan Foothills,Ayurvedic Tisane,"Organic Tulsi (Holy Basil), Ashwagandha Root, Wild Himalayan Turmeric, Brahmi Leaves, Licorice (Mulethi), Fennel Seeds (Saunf), Lemongrass",Cooling; Herbal; Woody; Tulsi Mint,2.0,7.9,7.3,3.2,8.2,0,5,7,96,2.5g per 200ml (or 1:1 milk-water for Chai),Cortisol / Stress Reduction; Gut Health & Detox; Immunity Fortification; Deep Restful Sleep,Calm; Soothing; Meditative; Cozy,Autumnal Harvest,373.0,4.34,271,"An exquisite handcrafted ayurvedic tisane harvest from the famed terroirs of Himalayan Foothills. Imbued with prominent sensory notes of Cooling, Herbal, Woody, this blend exhibits an aroma rating of 8.2/10. Specially curated for calm, soothing rituals, it offers potent cortisol / stress reduction, gut health & detox.",Crisp Hot Samosas with Mint & Tamarind Chutney; Warm Cardamom Nankhatai; Irani Cafe Bun Maska & Chai,https://images.unsplash.com/photo-1597481499750-3e6b22637e12?auto=format&fit=crop&w=800&q=80
TEA-IN-0023,Snow Mist Kangra First Flush Lot #256,Himachal Pradesh (Palampur),Kangra Valley,100% Certified GI Tagged Kangra Valley Whole Leaf Tea,Mellow Green; Floral; Roasted Corn; Pine Mist,2.4,6.3,8.5,0.7,8.5,37,4,2,83,2.5g per 200ml (or 1:1 milk-water for Chai),High Polyphenols; Metabolic Balance; Antioxidant Shield,Refreshed; Focused; Meditative; Uplifted,First Flush Spring,547.0,4.35,21,"An exquisite handcrafted kangra valley harvest from the famed terroirs of Himachal Pradesh (Palampur). Imbued with prominent sensory notes of Mellow Green, Floral, Roasted Corn, this blend exhibits an aroma rating of 8.5/10. Specially curated for refreshed, focused rituals, it offers potent high polyphenols, metabolic balance.",Poha with Roasted Peanuts; Kolkata Style Kathi Rolls; Irani Cafe Bun Maska & Chai,https://images.unsplash.com/photo-1563822249548-9a72b6353cd1?auto=format&fit=crop&w=800&q=80
TEA-IN-0024,High Altitude Cloud Pluck Temi Red,Sikkim (Ravangla Highlands),Sikkim Temi,100% Organic Single Estate Temi Leaves,Muscatel; Gentle Spice; Caramel,2.9,7.8,7.6,2.4,9.4,45,5,3,88,2.5g per 200ml (or 1:1 milk-water for Chai),Pure Organic Nutrition; L-Theanine Serenity; Cardiovascular Support,Refreshed; Serene,All Season,933.0,4.49,296,"An exquisite handcrafted sikkim temi harvest from the famed terroirs of Sikkim (Ravangla Highlands). Imbued with prominent sensory notes of Muscatel, Gentle Spice, Caramel, this blend exhibits an aroma rating of 9.4/10. Specially curated for refreshed, serene rituals, it offers potent pure organic nutrition, l-theanine serenity.",Gulab Jamun with Rosewater Syrup; Kolkata Style Kathi Rolls; Warm Cardamom Nankhatai,https://images.unsplash.com/photo-1576092768241-dec231879fc3?auto=format&fit=crop&w=800&q=80
TEA-IN-0025,Single Estate Royal Amber Darjeeling Lot #543 '26,Darjeeling (Makaibari),Darjeeling,100% Hand-Picked Camellia Sinensis Single Estate Darjeeling Leaves,Honey; Apricot; Green Apple,2.1,5.4,9.9,1.8,9.2,53,5,4,89,2.5g per 200ml (or 1:1 milk-water for Chai),Mental Clarity; High Antioxidants; Gentle Vitality; Heart Wellness,Calm; Refreshed; Meditative; Focused,First Flush Spring,1160.0,4.77,167,"An exquisite handcrafted darjeeling harvest from the famed terroirs of Darjeeling (Makaibari). Imbued with prominent sensory notes of Honey, Apricot, Green Apple, this blend exhibits an aroma rating of 9.2/10. Specially curated for calm, refreshed rituals, it offers potent mental clarity, high antioxidants.",Kashmiri Girda Flatbread with Butter; Crisp Onion & Paneer Pakoras; Kolkata Style Kathi Rolls,https://images.unsplash.com/photo-1546852199-2d8e8c4aa477?auto=format&fit=crop&w=800&q=80
TEA-IN-0026,Robust Morning Chai Blend,Assam (Sibsagar),Assam,100% High-Grade Assam Whole Leaf & Golden Buds (Camellia Sinensis var. Assamica),Honey; Molasses; Caramel,4.9,3.4,3.3,4.1,9.1,50,4,5,98,2.5g per 200ml (or 1:1 milk-water for Chai),Digestive Power; Cardiovascular Support; High Sustained Energy; Immune Strength,Focused; Motivated; Cozy,Monsoon Special,1176.0,4.71,142,"An exquisite handcrafted assam harvest from the famed terroirs of Assam (Sibsagar). Imbued with prominent sensory notes of Honey, Molasses, Caramel, this blend exhibits an aroma rating of 9.1/10. Specially curated for focused, motivated rituals, it offers potent digestive power, cardiovascular support.",Gulab Jamun with Rosewater Syrup; Kashmiri Girda Flatbread with Butter; Kolkata Style Kathi Rolls,https://images.unsplash.com/photo-1514733670139-4d87a1941d55?auto=format&fit=crop&w=800&q=80
TEA-IN-0027,Fiery Adrak & Kali Mirch Kadak Chai Lot #666,Kolkata Street Estate,Masala Chai,"Assam CTC Black Tea, Green Cardamom Pods, Crushed Dry Ginger, Ceylon Cinnamon, Cloves, Black Pepper, Star Anise, Saffron",Cardamom (Elaichi); Peppery; Cinnamon (Dalchini); Creamy; Clove (Laung),3.7,7.8,1.3,9.9,9.6,44,60,5,99,2.5g per 200ml (or 1:1 milk-water for Chai),Anti-inflammatory; Cold & Cough Relief; Instant Warming,Refreshed; Comforting,Second Flush Summer,763.0,4.65,440,"An exquisite handcrafted masala chai harvest from the famed terroirs of Kolkata Street Estate. Imbued with prominent sensory notes of Cardamom (Elaichi), Peppery, Cinnamon (Dalchini), this blend exhibits an aroma rating of 9.6/10. Specially curated for refreshed, comforting rituals, it offers potent anti-inflammatory, cold & cough relief.",Spicy Bhakarwadi & Mathri; Warm Cardamom Nankhatai,https://images.unsplash.com/photo-1544787219-7f47ccb76574?auto=format&fit=crop&w=800&q=80
TEA-IN-0028,Himalayan Crushed Walnut & Kahwa Blend,Kashmir (Gulmarg Hills),Kashmir Kahwa,"Kashmiri Green Tea Leaves, Pampore Pure Saffron Strands, Green Cardamom, Cinnamon, Crushed Almond Slivers, Dried Rose Petals",Delicate Green; Sweet Almond; Cardamom; Floral Honey,3.0,7.5,6.5,6.6,9.3,23,4,4,83,2.5g per 200ml (or 1:1 milk-water for Chai),Digestive Fire; Skin Glow & Radiance,Refreshed; Cozy; Calm,First Flush Spring,1202.0,4.7,71,"An exquisite handcrafted kashmir kahwa harvest from the famed terroirs of Kashmir (Gulmarg Hills). Imbued with prominent sensory notes of Delicate Green, Sweet Almond, Cardamom, this blend exhibits an aroma rating of 9.3/10. Specially curated for refreshed, cozy rituals, it offers potent digestive fire, skin glow & radiance.",Gulab Jamun with Rosewater Syrup; Crisp Hot Samosas with Mint & Tamarind Chutney,https://images.unsplash.com/photo-1563822249548-9a72b6353cd1?auto=format&fit=crop&w=800&q=80
TEA-IN-0029,Blue Mountain Aromatic Orthdox,Nilgiri (Kotagiri),Nilgiri,100% High-Elevation Nilgiri Camellia Sinensis,Light Malt; Honey; Sweet Melon; Crisp Fruit; Plum,3.2,8.4,6.2,2.1,8.4,47,3,3,90,2.5g per 200ml (or 1:1 milk-water for Chai),Heart Health; Gentle Alertness; Antioxidant Rich; Daily Refreshment,Calm; Focused,All Season,1124.0,4.37,105,"An exquisite handcrafted nilgiri harvest from the famed terroirs of Nilgiri (Kotagiri). Imbued with prominent sensory notes of Light Malt, Honey, Sweet Melon, this blend exhibits an aroma rating of 8.4/10. Specially curated for calm, focused rituals, it offers potent heart health, gentle alertness.",Spicy Bhakarwadi & Mathri; Kolkata Style Kathi Rolls,https://images.unsplash.com/photo-1546852199-2d8e8c4aa477?auto=format&fit=crop&w=800&q=80
TEA-IN-0030,"Sacred Tulsi Trio (Rama, Krishna, Vana)",Kerala (Western Ghats),Ayurvedic Tisane,"Organic Tulsi (Holy Basil), Ashwagandha Root, Wild Himalayan Turmeric, Brahmi Leaves, Licorice (Mulethi), Fennel Seeds (Saunf), Lemongrass",Warm Ginger; Cooling; Sweet Earthy; Woody,1.4,5.7,5.0,3.6,8.9,0,1,5,99,2.5g per 200ml (or 1:1 milk-water for Chai),Gut Health & Detox; Immunity Fortification,Calm; Soothing; Relaxed,Monsoon Special,587.0,4.53,320,"An exquisite handcrafted ayurvedic tisane harvest from the famed terroirs of Kerala (Western Ghats). Imbued with prominent sensory notes of Warm Ginger, Cooling, Sweet Earthy, this blend exhibits an aroma rating of 8.9/10. Specially curated for calm, soothing rituals, it offers potent gut health & detox, immunity fortification.",Poha with Roasted Peanuts; Shrewsbury Butter Biscuits; Irani Cafe Bun Maska & Chai,https://images.unsplash.com/photo-1544787219-7f47ccb76574?auto=format&fit=crop&w=800&q=80
TEA-IN-0031,Wild Herb Infused Kangra Tea Lot #568 '24,Himachal Pradesh (Dharamshala),Kangra Valley,100% Certified GI Tagged Kangra Valley Whole Leaf Tea,Floral; Roasted Corn; Pine Mist; Nutty; Mellow Green,3.5,7.6,5.4,1.1,7.7,30,5,3,75,2.5g per 200ml (or 1:1 milk-water for Chai),High Polyphenols; Digestive Ease; Metabolic Balance; Peaceful Focus,Refreshed; Meditative,All Season,949.0,4.51,245,"An exquisite handcrafted kangra valley harvest from the famed terroirs of Himachal Pradesh (Dharamshala). Imbued with prominent sensory notes of Floral, Roasted Corn, Pine Mist, this blend exhibits an aroma rating of 7.7/10. Specially curated for refreshed, meditative rituals, it offers potent high polyphenols, digestive ease.",Poha with Roasted Peanuts; Kolkata Style Kathi Rolls,https://images.unsplash.com/photo-1576092768241-dec231879fc3?auto=format&fit=crop&w=800&q=80
TEA-IN-0032,Sikkim Green Dragon Spring Leaf Lot #193 '25,Sikkim (Ravangla Highlands),Sikkim Temi,100% Organic Single Estate Temi Leaves,Honeyed Wood; Muscatel; Sweet Floral; Caramel,3.0,6.4,6.8,2.1,9.5,40,2,3,87,2.5g per 200ml (or 1:1 milk-water for Chai),Pure Organic Nutrition; Cardiovascular Support,Refreshed; Meditative; Focused; Calm,Monsoon Special,996.0,4.76,364,"An exquisite handcrafted sikkim temi harvest from the famed terroirs of Sikkim (Ravangla Highlands). Imbued with prominent sensory notes of Honeyed Wood, Muscatel, Sweet Floral, this blend exhibits an aroma rating of 9.5/10. Specially curated for refreshed, meditative rituals, it offers potent pure organic nutrition, cardiovascular support.",Shrewsbury Butter Biscuits; Warm Cardamom Nankhatai,https://images.unsplash.com/photo-1576092768241-dec231879fc3?auto=format&fit=crop&w=800&q=80
TEA-IN-0033,Castleton Muscatel Supreme Lot #481,Darjeeling (Jungpana),Darjeeling,100% Hand-Picked Camellia Sinensis Single Estate Darjeeling Leaves,Floral; Honey; Honeysuckle; Pine Wood; Muscatel,2.1,5.1,9.7,1.3,9.8,35,0,4,84,2.5g per 200ml (or 1:1 milk-water for Chai),High Antioxidants; Cellular Protection; Gentle Vitality,Uplifted; Focused,Autumnal Harvest,1637.0,4.79,232,"An exquisite handcrafted darjeeling harvest from the famed terroirs of Darjeeling (Jungpana). Imbued with prominent sensory notes of Floral, Honey, Honeysuckle, this blend exhibits an aroma rating of 9.8/10. Specially curated for uplifted, focused rituals, it offers potent high antioxidants, cellular protection.",Shrewsbury Butter Biscuits; Gulab Jamun with Rosewater Syrup; Crisp Onion & Paneer Pakoras,https://images.unsplash.com/photo-1546852199-2d8e8c4aa477?auto=format&fit=crop&w=800&q=80
TEA-IN-0034,Malty Breakfast Kadak CTC Lot #387,Assam (Golaghat),Assam,100% High-Grade Assam Whole Leaf & Golden Buds (Camellia Sinensis var. Assamica),Dark Cocoa; Honey; Molasses; Malty,5.3,4.6,3.9,4.1,7.2,73,4,5,95,2.5g per 200ml (or 1:1 milk-water for Chai),High Sustained Energy; Metabolic Fire,Uplifted; Focused,Monsoon Special,1047.0,4.68,320,"An exquisite handcrafted assam harvest from the famed terroirs of Assam (Golaghat). Imbued with prominent sensory notes of Dark Cocoa, Honey, Molasses, this blend exhibits an aroma rating of 7.2/10. Specially curated for uplifted, focused rituals, it offers potent high sustained energy, metabolic fire.",Dhokla with Green Chilies; Traditional Osmania Butter Biscuits,https://images.unsplash.com/photo-1544787219-7f47ccb76574?auto=format&fit=crop&w=800&q=80
TEA-IN-0035,Five-Spice Maharaja Special Chai Lot #908 '24,Kolkata Street Estate,Masala Chai,"Assam CTC Black Tea, Green Cardamom Pods, Crushed Dry Ginger, Ceylon Cinnamon, Cloves, Black Pepper, Star Anise, Saffron",Cinnamon (Dalchini); Clove (Laung); Ginger (Adrak); Spicy,3.8,8.4,4.0,8.9,9.8,43,16,4,95,2.5g per 200ml (or 1:1 milk-water for Chai),Digestive Comfort; Immunity Shield,Uplifted; Cozy,Second Flush Summer,531.0,4.37,277,"An exquisite handcrafted masala chai harvest from the famed terroirs of Kolkata Street Estate. Imbued with prominent sensory notes of Cinnamon (Dalchini), Clove (Laung), Ginger (Adrak), this blend exhibits an aroma rating of 9.8/10. Specially curated for uplifted, cozy rituals, it offers potent digestive comfort, immunity shield.",Gulab Jamun with Rosewater Syrup; Kashmiri Girda Flatbread with Butter,https://images.unsplash.com/photo-1544787219-7f47ccb76574?auto=format&fit=crop&w=800&q=80
TEA-IN-0036,Royal Kashmiri Saffron Almond Kahwa Lot #988 '25,Kashmir (Gulmarg Hills),Kashmir Kahwa,"Kashmiri Green Tea Leaves, Pampore Pure Saffron Strands, Green Cardamom, Cinnamon, Crushed Almond Slivers, Dried Rose Petals",Cinnamon; Nutty; Saffron (Kesar),1.9,8.9,6.2,6.4,9.4,25,3,5,83,2.5g per 200ml (or 1:1 milk-water for Chai),Stress Relief; Skin Glow & Radiance,Calm; Meditative; Cozy,Autumnal Harvest,638.0,4.78,355,"An exquisite handcrafted kashmir kahwa harvest from the famed terroirs of Kashmir (Gulmarg Hills). Imbued with prominent sensory notes of Cinnamon, Nutty, Saffron (Kesar), this blend exhibits an aroma rating of 9.4/10. Specially curated for calm, meditative rituals, it offers potent stress relief, skin glow & radiance.",Shrewsbury Butter Biscuits; Gulab Jamun with Rosewater Syrup; Dhokla with Green Chilies,https://images.unsplash.com/photo-1576092768241-dec231879fc3?auto=format&fit=crop&w=800&q=80
TEA-IN-0037,Coonoor Highland Fragrant Amber Lot #524,Nilgiri (Kotagiri),Nilgiri,100% High-Elevation Nilgiri Camellia Sinensis,Bright Citrus; Sweet Melon; Plum,2.1,7.0,6.3,1.4,9.0,42,1,4,86,2.5g per 200ml (or 1:1 milk-water for Chai),Gentle Alertness; Antioxidant Rich; Daily Refreshment,Refreshed; Creative; Uplifted; Calm,All Season,406.0,4.5,179,"An exquisite handcrafted nilgiri harvest from the famed terroirs of Nilgiri (Kotagiri). Imbued with prominent sensory notes of Bright Citrus, Sweet Melon, Plum, this blend exhibits an aroma rating of 9.0/10. Specially curated for refreshed, creative rituals, it offers potent gentle alertness, antioxidant rich.",Poha with Roasted Peanuts; Spicy Bhakarwadi & Mathri; Crisp Onion & Paneer Pakoras,https://images.unsplash.com/photo-1546852199-2d8e8c4aa477?auto=format&fit=crop&w=800&q=80
TEA-IN-0038,Ashwagandha Stress Relief Golden Elixir,Himalayan Foothills,Ayurvedic Tisane,"Organic Tulsi (Holy Basil), Ashwagandha Root, Wild Himalayan Turmeric, Brahmi Leaves, Licorice (Mulethi), Fennel Seeds (Saunf), Lemongrass",Herbal; Cooling; Woody; Botanical; Tulsi Mint,2.6,5.4,6.2,2.5,8.1,0,3,7,99,2.5g per 200ml (or 1:1 milk-water for Chai),Joint & Anti-inflammatory; Immunity Fortification,Soothing; Relaxed; Meditative,Autumnal Harvest,344.0,4.8,35,"An exquisite handcrafted ayurvedic tisane harvest from the famed terroirs of Himalayan Foothills. Imbued with prominent sensory notes of Herbal, Cooling, Woody, this blend exhibits an aroma rating of 8.1/10. Specially curated for soothing, relaxed rituals, it offers potent joint & anti-inflammatory, immunity fortification.",Dhokla with Green Chilies; Poha with Roasted Peanuts,https://images.unsplash.com/photo-1597481499750-3e6b22637e12?auto=format&fit=crop&w=800&q=80
TEA-IN-0039,Wild Herb Infused Kangra Tea,Himachal Pradesh (Palampur),Kangra Valley,100% Certified GI Tagged Kangra Valley Whole Leaf Tea,Floral; Sweet Vegetal; Pine Mist; Nutty; Mellow Green,1.9,6.4,7.5,1.7,8.1,26,0,2,77,2.5g per 200ml (or 1:1 milk-water for Chai),Digestive Ease; Peaceful Focus; Antioxidant Shield,Uplifted; Meditative; Focused,Autumnal Harvest,847.0,4.51,132,"An exquisite handcrafted kangra valley harvest from the famed terroirs of Himachal Pradesh (Palampur). Imbued with prominent sensory notes of Floral, Sweet Vegetal, Pine Mist, this blend exhibits an aroma rating of 8.1/10. Specially curated for uplifted, meditative rituals, it offers potent digestive ease, peaceful focus.",Dhokla with Green Chilies; Kolkata Style Kathi Rolls; Warm Cardamom Nankhatai,https://images.unsplash.com/photo-1563822249548-9a72b6353cd1?auto=format&fit=crop&w=800&q=80
TEA-IN-0040,Sikkim Green Dragon Spring Leaf,"Sikkim (Temi Tea Estate, South Sikkim)",Sikkim Temi,100% Organic Single Estate Temi Leaves,Honeyed Wood; Sweet Floral; Caramel; Muscatel; Gentle Spice,1.9,6.3,7.1,1.7,8.0,44,1,3,88,2.5g per 200ml (or 1:1 milk-water for Chai),Pure Organic Nutrition; L-Theanine Serenity; Cardiovascular Support; Skin Vitality,Refreshed; Meditative,Second Flush Summer,588.0,4.31,186,"An exquisite handcrafted sikkim temi harvest from the famed terroirs of Sikkim (Temi Tea Estate, South Sikkim). Imbued with prominent sensory notes of Honeyed Wood, Sweet Floral, Caramel, this blend exhibits an aroma rating of 8.0/10. Specially curated for refreshed, meditative rituals, it offers potent pure organic nutrition, l-theanine serenity.",Poha with Roasted Peanuts; Kashmiri Girda Flatbread with Butter; Spicy Bhakarwadi & Mathri,https://images.unsplash.com/photo-1546852199-2d8e8c4aa477?auto=format&fit=crop&w=800&q=80
TEA-IN-0041,Castleton Muscatel Supreme Lot #471,Darjeeling (Jungpana),Darjeeling,100% Hand-Picked Camellia Sinensis Single Estate Darjeeling Leaves,Honey; Floral; Citrus Zest,3.6,6.0,8.8,1.3,8.8,37,2,3,85,2.5g per 200ml (or 1:1 milk-water for Chai),Cellular Protection; Heart Wellness,Refreshed; Focused; Calm,First Flush Spring,871.0,4.4,408,"An exquisite handcrafted darjeeling harvest from the famed terroirs of Darjeeling (Jungpana). Imbued with prominent sensory notes of Honey, Floral, Citrus Zest, this blend exhibits an aroma rating of 8.8/10. Specially curated for refreshed, focused rituals, it offers potent cellular protection, heart wellness.",Warm Cardamom Nankhatai; Irani Cafe Bun Maska & Chai,https://images.unsplash.com/photo-1546852199-2d8e8c4aa477?auto=format&fit=crop&w=800&q=80
TEA-IN-0042,Malty Breakfast Kadak CTC Lot #744,Assam (Jorhat),Assam,100% High-Grade Assam Whole Leaf & Golden Buds (Camellia Sinensis var. Assamica),Honey; Toasted Grain; Malty; Caramel,6.6,5.7,2.3,4.3,8.4,72,4,5,100,2.5g per 200ml (or 1:1 milk-water for Chai),Digestive Power; Cardiovascular Support; Immune Strength,Energetic; Uplifted,Monsoon Special,631.0,4.5,350,"An exquisite handcrafted assam harvest from the famed terroirs of Assam (Jorhat). Imbued with prominent sensory notes of Honey, Toasted Grain, Malty, this blend exhibits an aroma rating of 8.4/10. Specially curated for energetic, uplifted rituals, it offers potent digestive power, cardiovascular support.",Gulab Jamun with Rosewater Syrup; Kashmiri Girda Flatbread with Butter; Crisp Hot Samosas with Mint & Tamarind Chutney,https://images.unsplash.com/photo-1544787219-7f47ccb76574?auto=format&fit=crop&w=800&q=80
TEA-IN-0043,Star Anise & Nutmeg Winter Chai Lot #668 '26,Rajasthan Royal Palace,Masala Chai,"Assam CTC Black Tea, Green Cardamom Pods, Crushed Dry Ginger, Ceylon Cinnamon, Cloves, Black Pepper, Star Anise, Saffron",Spicy; Peppery; Sweet Heat,5.7,6.0,3.4,9.1,9.3,54,24,4,98,2.5g per 200ml (or 1:1 milk-water for Chai),Cold & Cough Relief; Anti-inflammatory; Immunity Shield; Instant Warming,Refreshed; Uplifted; Comforting,Second Flush Summer,622.0,4.34,343,"An exquisite handcrafted masala chai harvest from the famed terroirs of Rajasthan Royal Palace. Imbued with prominent sensory notes of Spicy, Peppery, Sweet Heat, this blend exhibits an aroma rating of 9.3/10. Specially curated for refreshed, uplifted rituals, it offers potent cold & cough relief, anti-inflammatory.",Poha with Roasted Peanuts; Spicy Bhakarwadi & Mathri; Warm Cardamom Nankhatai,https://images.unsplash.com/photo-1571934811356-5cc061b6821f?auto=format&fit=crop&w=800&q=80
TEA-IN-0044,Pampore Golden Saffron Green Infusion '25,Kashmir (Pampore Saffron Fields),Kashmir Kahwa,"Kashmiri Green Tea Leaves, Pampore Pure Saffron Strands, Green Cardamom, Cinnamon, Crushed Almond Slivers, Dried Rose Petals",Delicate Green; Sweet Almond; Cardamom; Floral Honey,1.5,8.6,9.4,6.8,9.2,16,5,3,82,2.5g per 200ml (or 1:1 milk-water for Chai),Stress Relief; Digestive Fire; Skin Glow & Radiance; Immunity Boost,Calm; Relaxed; Meditative; Cozy,Second Flush Summer,931.0,4.95,194,"An exquisite handcrafted kashmir kahwa harvest from the famed terroirs of Kashmir (Pampore Saffron Fields). Imbued with prominent sensory notes of Delicate Green, Sweet Almond, Cardamom, this blend exhibits an aroma rating of 9.2/10. Specially curated for calm, relaxed rituals, it offers potent stress relief, digestive fire.",Shrewsbury Butter Biscuits; Crisp Hot Samosas with Mint & Tamarind Chutney; Crisp Onion & Paneer Pakoras,https://images.unsplash.com/photo-1563822249548-9a72b6353cd1?auto=format&fit=crop&w=800&q=80
TEA-IN-0045,High Altitude Floral White Nilgiri Lot #259,Nilgiri (Coonoor),Nilgiri,100% High-Elevation Nilgiri Camellia Sinensis,Light Malt; Floral; Sweet Melon; Plum,3.1,6.3,8.3,2.2,9.3,35,2,3,94,2.5g per 200ml (or 1:1 milk-water for Chai),Weight Balance; Heart Health; Antioxidant Rich; Daily Refreshment,Calm; Creative; Focused; Uplifted,Second Flush Summer,1412.0,4.83,447,"An exquisite handcrafted nilgiri harvest from the famed terroirs of Nilgiri (Coonoor). Imbued with prominent sensory notes of Light Malt, Floral, Sweet Melon, this blend exhibits an aroma rating of 9.3/10. Specially curated for calm, creative rituals, it offers potent weight balance, heart health.",Shrewsbury Butter Biscuits; Kashmiri Girda Flatbread with Butter; Traditional Osmania Butter Biscuits,https://images.unsplash.com/photo-1597481499750-3e6b22637e12?auto=format&fit=crop&w=800&q=80
TEA-IN-0046,Triphala & Fennel Digestive Nectar Lot #389 '26,Uttarakhand Sacred Valleys,Ayurvedic Tisane,"Organic Tulsi (Holy Basil), Ashwagandha Root, Wild Himalayan Turmeric, Brahmi Leaves, Licorice (Mulethi), Fennel Seeds (Saunf), Lemongrass",Herbal; Sweet Earthy; Woody; Botanical; Tulsi Mint,1.8,7.9,7.3,5.2,7.8,0,5,6,97,2.5g per 200ml (or 1:1 milk-water for Chai),Immunity Fortification; Deep Restful Sleep,Calm; Meditative; Cozy,Second Flush Summer,905.0,4.58,222,"An exquisite handcrafted ayurvedic tisane harvest from the famed terroirs of Uttarakhand Sacred Valleys. Imbued with prominent sensory notes of Herbal, Sweet Earthy, Woody, this blend exhibits an aroma rating of 7.8/10. Specially curated for calm, meditative rituals, it offers potent immunity fortification, deep restful sleep.",Gulab Jamun with Rosewater Syrup; Traditional Osmania Butter Biscuits,https://images.unsplash.com/photo-1544787219-7f47ccb76574?auto=format&fit=crop&w=800&q=80
TEA-IN-0047,Palampur Orthodox Spring Gold Lot #484,Himachal Pradesh (Dharamshala),Kangra Valley,100% Certified GI Tagged Kangra Valley Whole Leaf Tea,Floral; Roasted Corn; Pine Mist; Nutty; Mellow Green,1.8,5.7,7.5,1.0,7.3,25,3,4,77,2.5g per 200ml (or 1:1 milk-water for Chai),Digestive Ease; Metabolic Balance; Antioxidant Shield,Calm; Uplifted; Meditative; Focused,Monsoon Special,602.0,4.73,338,"An exquisite handcrafted kangra valley harvest from the famed terroirs of Himachal Pradesh (Dharamshala). Imbued with prominent sensory notes of Floral, Roasted Corn, Pine Mist, this blend exhibits an aroma rating of 7.3/10. Specially curated for calm, uplifted rituals, it offers potent digestive ease, metabolic balance.",Kolkata Style Kathi Rolls; Warm Cardamom Nankhatai,https://images.unsplash.com/photo-1563822249548-9a72b6353cd1?auto=format&fit=crop&w=800&q=80
TEA-IN-0048,Temi Estate 100% Organic First Flush Lot #612,"Sikkim (Temi Tea Estate, South Sikkim)",Sikkim Temi,100% Organic Single Estate Temi Leaves,Sweet Floral; Honeyed Wood; Peach; Caramel; Gentle Spice,1.5,7.3,7.1,1.3,8.6,42,1,4,86,2.5g per 200ml (or 1:1 milk-water for Chai),Pure Organic Nutrition; Cardiovascular Support; Skin Vitality,Refreshed; Focused; Calm,All Season,1239.0,4.37,317,"An exquisite handcrafted sikkim temi harvest from the famed terroirs of Sikkim (Temi Tea Estate, South Sikkim). Imbued with prominent sensory notes of Sweet Floral, Honeyed Wood, Peach, this blend exhibits an aroma rating of 8.6/10. Specially curated for refreshed, focused rituals, it offers potent pure organic nutrition, cardiovascular support.",Crisp Onion & Paneer Pakoras; Traditional Osmania Butter Biscuits,https://images.unsplash.com/photo-1576092768241-dec231879fc3?auto=format&fit=crop&w=800&q=80
TEA-IN-0049,Silver Needle White Darjeeling,Darjeeling (Makaibari),Darjeeling,100% Hand-Picked Camellia Sinensis Single Estate Darjeeling Leaves,Honey; Floral; Muscatel,3.1,8.3,9.1,2.0,9.0,34,1,3,87,2.5g per 200ml (or 1:1 milk-water for Chai),Mental Clarity; High Antioxidants,Refreshed; Uplifted; Meditative,Second Flush Summer,1210.0,4.83,355,"An exquisite handcrafted darjeeling harvest from the famed terroirs of Darjeeling (Makaibari). Imbued with prominent sensory notes of Honey, Floral, Muscatel, this blend exhibits an aroma rating of 9.0/10. Specially curated for refreshed, uplifted rituals, it offers potent mental clarity, high antioxidants.",Crisp Hot Samosas with Mint & Tamarind Chutney; Traditional Osmania Butter Biscuits; Warm Cardamom Nankhatai,https://images.unsplash.com/photo-1594631252845-29fc4cc8cde9?auto=format&fit=crop&w=800&q=80
TEA-IN-0050,Smoked Wild Bamboo Assam Lot #548 '26,Assam (Upper Brahmaputra Valley),Assam,100% High-Grade Assam Whole Leaf & Golden Buds (Camellia Sinensis var. Assamica),Honey; Toasted Grain; Malty; Dark Cocoa; Molasses,5.5,6.3,2.0,2.1,8.7,62,4,5,95,2.5g per 200ml (or 1:1 milk-water for Chai),Digestive Power; Cardiovascular Support; High Sustained Energy; Immune Strength,Uplifted; Cozy; Focused,Autumnal Harvest,337.0,4.89,200,"An exquisite handcrafted assam harvest from the famed terroirs of Assam (Upper Brahmaputra Valley). Imbued with prominent sensory notes of Honey, Toasted Grain, Malty, this blend exhibits an aroma rating of 8.7/10. Specially curated for uplifted, cozy rituals, it offers potent digestive power, cardiovascular support.",Gulab Jamun with Rosewater Syrup; Crisp Onion & Paneer Pakoras; Irani Cafe Bun Maska & Chai,https://images.unsplash.com/photo-1514733670139-4d87a1941d55?auto=format&fit=crop&w=800&q=80
TEA-IN-0051,Dhaba Style Kulhad Strong Chai Lot #911 '24,Kolkata Street Estate,Masala Chai,"Assam CTC Black Tea, Green Cardamom Pods, Crushed Dry Ginger, Ceylon Cinnamon, Cloves, Black Pepper, Star Anise, Saffron",Spicy; Cardamom (Elaichi); Ginger (Adrak),5.0,5.8,2.5,9.4,9.2,40,53,6,98,2.5g per 200ml (or 1:1 milk-water for Chai),Immunity Shield; Digestive Comfort; Cold & Cough Relief; Anti-inflammatory,Refreshed; Energetic; Uplifted; Comforting,Winter Warmth,451.0,4.51,162,"An exquisite handcrafted masala chai harvest from the famed terroirs of Kolkata Street Estate. Imbued with prominent sensory notes of Spicy, Cardamom (Elaichi), Ginger (Adrak), this blend exhibits an aroma rating of 9.2/10. Specially curated for refreshed, energetic rituals, it offers potent immunity shield, digestive comfort.",Dhokla with Green Chilies; Kolkata Style Kathi Rolls; Irani Cafe Bun Maska & Chai,https://images.unsplash.com/photo-1544787219-7f47ccb76574?auto=format&fit=crop&w=800&q=80
TEA-IN-0052,Pampore Golden Saffron Green Infusion Lot #612,Kashmir (Srinagar Valley),Kashmir Kahwa,"Kashmiri Green Tea Leaves, Pampore Pure Saffron Strands, Green Cardamom, Cinnamon, Crushed Almond Slivers, Dried Rose Petals",Cardamom; Sweet Almond; Saffron (Kesar),2.8,6.4,8.7,7.1,9.2,24,5,4,81,2.5g per 200ml (or 1:1 milk-water for Chai),Digestive Fire; Skin Glow & Radiance,Calm; Refreshed; Meditative; Relaxed,Second Flush Summer,1211.0,4.38,122,"An exquisite handcrafted kashmir kahwa harvest from the famed terroirs of Kashmir (Srinagar Valley). Imbued with prominent sensory notes of Cardamom, Sweet Almond, Saffron (Kesar), this blend exhibits an aroma rating of 9.2/10. Specially curated for calm, refreshed rituals, it offers potent digestive fire, skin glow & radiance.",Poha with Roasted Peanuts; Warm Cardamom Nankhatai; Irani Cafe Bun Maska & Chai,https://images.unsplash.com/photo-1576092768241-dec231879fc3?auto=format&fit=crop&w=800&q=80
TEA-IN-0053,High Altitude Floral White Nilgiri,Nilgiri (Kotagiri),Nilgiri,100% High-Elevation Nilgiri Camellia Sinensis,Honey; Light Malt; Bright Citrus; Sweet Melon,1.9,8.0,7.7,1.7,8.1,41,5,4,93,2.5g per 200ml (or 1:1 milk-water for Chai),Antioxidant Rich; Daily Refreshment,Calm; Refreshed; Uplifted,Winter Warmth,1352.0,4.34,83,"An exquisite handcrafted nilgiri harvest from the famed terroirs of Nilgiri (Kotagiri). Imbued with prominent sensory notes of Honey, Light Malt, Bright Citrus, this blend exhibits an aroma rating of 8.1/10. Specially curated for calm, refreshed rituals, it offers potent antioxidant rich, daily refreshment.",Spicy Bhakarwadi & Mathri; Irani Cafe Bun Maska & Chai,https://images.unsplash.com/photo-1597481499750-3e6b22637e12?auto=format&fit=crop&w=800&q=80
TEA-IN-0054,Moringa & Lemongrass Detox Flush '24,Himalayan Foothills,Ayurvedic Tisane,"Organic Tulsi (Holy Basil), Ashwagandha Root, Wild Himalayan Turmeric, Brahmi Leaves, Licorice (Mulethi), Fennel Seeds (Saunf), Lemongrass",Sweet Earthy; Herbal; Fennel Sweetness; Cooling; Woody,1.4,7.8,7.6,5.4,8.0,0,4,6,96,2.5g per 200ml (or 1:1 milk-water for Chai),Cortisol / Stress Reduction; Gut Health & Detox; Joint & Anti-inflammatory; Deep Restful Sleep,Soothing; Relaxed; Meditative; Cozy,Autumnal Harvest,701.0,4.32,341,"An exquisite handcrafted ayurvedic tisane harvest from the famed terroirs of Himalayan Foothills. Imbued with prominent sensory notes of Sweet Earthy, Herbal, Fennel Sweetness, this blend exhibits an aroma rating of 8.0/10. Specially curated for soothing, relaxed rituals, it offers potent cortisol / stress reduction, gut health & detox.",Poha with Roasted Peanuts; Dhokla with Green Chilies; Traditional Osmania Butter Biscuits,https://images.unsplash.com/photo-1544787219-7f47ccb76574?auto=format&fit=crop&w=800&q=80
TEA-IN-0055,Wild Herb Infused Kangra Tea Lot #925 '25,Himachal Pradesh (Dharamshala),Kangra Valley,100% Certified GI Tagged Kangra Valley Whole Leaf Tea,Floral; Sweet Vegetal; Pine Mist; Nutty; Mellow Green,1.7,5.7,5.2,1.2,8.0,29,4,2,80,2.5g per 200ml (or 1:1 milk-water for Chai),Peaceful Focus; Digestive Ease; High Polyphenols; Antioxidant Shield,Refreshed; Focused; Meditative,Monsoon Special,646.0,4.56,335,"An exquisite handcrafted kangra valley harvest from the famed terroirs of Himachal Pradesh (Dharamshala). Imbued with prominent sensory notes of Floral, Sweet Vegetal, Pine Mist, this blend exhibits an aroma rating of 8.0/10. Specially curated for refreshed, focused rituals, it offers potent peaceful focus, digestive ease.",Kolkata Style Kathi Rolls; Irani Cafe Bun Maska & Chai,https://images.unsplash.com/photo-1563822249548-9a72b6353cd1?auto=format&fit=crop&w=800&q=80
TEA-IN-0056,Kanchenjunga Mist Golden Tips Lot #692 '24,"Sikkim (Temi Tea Estate, South Sikkim)",Sikkim Temi,100% Organic Single Estate Temi Leaves,Honeyed Wood; Gentle Spice; Sweet Floral,3.0,7.2,7.8,2.0,8.5,30,3,4,86,2.5g per 200ml (or 1:1 milk-water for Chai),Cardiovascular Support; L-Theanine Serenity,Refreshed; Meditative; Serene; Calm,Second Flush Summer,1323.0,4.82,207,"An exquisite handcrafted sikkim temi harvest from the famed terroirs of Sikkim (Temi Tea Estate, South Sikkim). Imbued with prominent sensory notes of Honeyed Wood, Gentle Spice, Sweet Floral, this blend exhibits an aroma rating of 8.5/10. Specially curated for refreshed, meditative rituals, it offers potent cardiovascular support, l-theanine serenity.",Spicy Bhakarwadi & Mathri; Irani Cafe Bun Maska & Chai,https://images.unsplash.com/photo-1546852199-2d8e8c4aa477?auto=format&fit=crop&w=800&q=80
TEA-IN-0057,Misty Mountain Bio-Dynamic First Flush Lot #300,Darjeeling (Makaibari),Darjeeling,100% Hand-Picked Camellia Sinensis Single Estate Darjeeling Leaves,Honeysuckle; Green Apple; Pine Wood,2.2,6.5,8.4,1.3,9.7,45,4,3,82,2.5g per 200ml (or 1:1 milk-water for Chai),Mental Clarity; High Antioxidants; Gentle Vitality; Heart Wellness,Calm; Refreshed; Uplifted; Meditative,First Flush Spring,1672.0,4.65,187,"An exquisite handcrafted darjeeling harvest from the famed terroirs of Darjeeling (Makaibari). Imbued with prominent sensory notes of Honeysuckle, Green Apple, Pine Wood, this blend exhibits an aroma rating of 9.7/10. Specially curated for calm, refreshed rituals, it offers potent mental clarity, high antioxidants.",Shrewsbury Butter Biscuits; Gulab Jamun with Rosewater Syrup; Kashmiri Girda Flatbread with Butter,https://images.unsplash.com/photo-1546852199-2d8e8c4aa477?auto=format&fit=crop&w=800&q=80
TEA-IN-0058,Royal Mangalam Golden Needle '25,Assam (Jorhat),Assam,100% High-Grade Assam Whole Leaf & Golden Buds (Camellia Sinensis var. Assamica),Honey; Caramel; Malty; Dark Cocoa; Molasses,6.1,4.8,2.5,3.0,8.4,66,0,5,97,2.5g per 200ml (or 1:1 milk-water for Chai),Digestive Power; Cardiovascular Support; High Sustained Energy; Immune Strength,Energetic; Motivated; Cozy; Focused,Monsoon Special,815.0,4.78,117,"An exquisite handcrafted assam harvest from the famed terroirs of Assam (Jorhat). Imbued with prominent sensory notes of Honey, Caramel, Malty, this blend exhibits an aroma rating of 8.4/10. Specially curated for energetic, motivated rituals, it offers potent digestive power, cardiovascular support.",Poha with Roasted Peanuts; Traditional Osmania Butter Biscuits,https://images.unsplash.com/photo-1544787219-7f47ccb76574?auto=format&fit=crop&w=800&q=80
TEA-IN-0059,Caramelized Jaggery (Gur) Spiced Chai Lot #523 '25,Kolkata Street Estate,Masala Chai,"Assam CTC Black Tea, Green Cardamom Pods, Crushed Dry Ginger, Ceylon Cinnamon, Cloves, Black Pepper, Star Anise, Saffron",Clove (Laung); Sweet Heat; Ginger (Adrak); Cinnamon (Dalchini),4.5,6.8,2.4,9.6,9.7,61,48,4,99,2.5g per 200ml (or 1:1 milk-water for Chai),Digestive Comfort; Instant Warming,Refreshed; Energetic; Uplifted; Comforting,Winter Warmth,413.0,4.94,172,"An exquisite handcrafted masala chai harvest from the famed terroirs of Kolkata Street Estate. Imbued with prominent sensory notes of Clove (Laung), Sweet Heat, Ginger (Adrak), this blend exhibits an aroma rating of 9.7/10. Specially curated for refreshed, energetic rituals, it offers potent digestive comfort, instant warming.",Traditional Osmania Butter Biscuits; Warm Cardamom Nankhatai,https://images.unsplash.com/photo-1571934811356-5cc061b6821f?auto=format&fit=crop&w=800&q=80
TEA-IN-0060,Rose Petal & Kashmiri Cardamom Kahwa Lot #425,Kashmir (Gulmarg Hills),Kashmir Kahwa,"Kashmiri Green Tea Leaves, Pampore Pure Saffron Strands, Green Cardamom, Cinnamon, Crushed Almond Slivers, Dried Rose Petals",Delicate Green; Cinnamon; Floral Honey; Saffron (Kesar),2.1,8.8,8.5,5.9,9.6,23,3,4,81,2.5g per 200ml (or 1:1 milk-water for Chai),Digestive Fire; Skin Glow & Radiance; Immunity Boost,Calm; Meditative,All Season,1321.0,4.46,362,"An exquisite handcrafted kashmir kahwa harvest from the famed terroirs of Kashmir (Gulmarg Hills). Imbued with prominent sensory notes of Delicate Green, Cinnamon, Floral Honey, this blend exhibits an aroma rating of 9.6/10. Specially curated for calm, meditative rituals, it offers potent digestive fire, skin glow & radiance.",Dhokla with Green Chilies; Kolkata Style Kathi Rolls; Irani Cafe Bun Maska & Chai,https://images.unsplash.com/photo-1576092768241-dec231879fc3?auto=format&fit=crop&w=800&q=80
TEA-IN-0061,High Altitude Floral White Nilgiri,Nilgiri (Blue Mountains),Nilgiri,100% High-Elevation Nilgiri Camellia Sinensis,Floral; Light Malt; Honey; Crisp Fruit; Plum,2.2,7.7,6.4,2.4,9.5,38,5,4,92,2.5g per 200ml (or 1:1 milk-water for Chai),Weight Balance; Antioxidant Rich,Refreshed; Creative; Focused; Uplifted,First Flush Spring,1380.0,4.95,168,"An exquisite handcrafted nilgiri harvest from the famed terroirs of Nilgiri (Blue Mountains). Imbued with prominent sensory notes of Floral, Light Malt, Honey, this blend exhibits an aroma rating of 9.5/10. Specially curated for refreshed, creative rituals, it offers potent weight balance, antioxidant rich.",Gulab Jamun with Rosewater Syrup; Spicy Bhakarwadi & Mathri,https://images.unsplash.com/photo-1597481499750-3e6b22637e12?auto=format&fit=crop&w=800&q=80
TEA-IN-0062,"Sacred Tulsi Trio (Rama, Krishna, Vana) Lot #210 '25",Madhya Pradesh Herbal Forests,Ayurvedic Tisane,"Organic Tulsi (Holy Basil), Ashwagandha Root, Wild Himalayan Turmeric, Brahmi Leaves, Licorice (Mulethi), Fennel Seeds (Saunf), Lemongrass",Cooling; Sweet Earthy; Botanical,1.2,8.0,6.2,4.0,9.4,0,3,6,96,2.5g per 200ml (or 1:1 milk-water for Chai),Cortisol / Stress Reduction; Immunity Fortification; Deep Restful Sleep,Soothing; Relaxed; Meditative; Cozy,Autumnal Harvest,837.0,4.65,64,"An exquisite handcrafted ayurvedic tisane harvest from the famed terroirs of Madhya Pradesh Herbal Forests. Imbued with prominent sensory notes of Cooling, Sweet Earthy, Botanical, this blend exhibits an aroma rating of 9.4/10. Specially curated for soothing, relaxed rituals, it offers potent cortisol / stress reduction, immunity fortification.",Dhokla with Green Chilies; Poha with Roasted Peanuts,https://images.unsplash.com/photo-1544787219-7f47ccb76574?auto=format&fit=crop&w=800&q=80
TEA-IN-0063,Wild Herb Infused Kangra Tea,Himachal Pradesh (Kangra Valley),Kangra Valley,100% Certified GI Tagged Kangra Valley Whole Leaf Tea,Mellow Green; Sweet Vegetal; Pine Mist,1.8,6.1,5.9,0.9,8.5,44,2,4,84,2.5g per 200ml (or 1:1 milk-water for Chai),High Polyphenols; Peaceful Focus,Calm; Refreshed; Meditative,Second Flush Summer,922.0,4.45,88,"An exquisite handcrafted kangra valley harvest from the famed terroirs of Himachal Pradesh (Kangra Valley). Imbued with prominent sensory notes of Mellow Green, Sweet Vegetal, Pine Mist, this blend exhibits an aroma rating of 8.5/10. Specially curated for calm, refreshed rituals, it offers potent high polyphenols, peaceful focus.",Kashmiri Girda Flatbread with Butter; Kolkata Style Kathi Rolls; Warm Cardamom Nankhatai,https://images.unsplash.com/photo-1563822249548-9a72b6353cd1?auto=format&fit=crop&w=800&q=80
TEA-IN-0064,Kanchenjunga Mist Golden Tips Lot #721,Sikkim (Ravangla Highlands),Sikkim Temi,100% Organic Single Estate Temi Leaves,Honeyed Wood; Gentle Spice; Caramel; Sweet Floral,2.9,8.3,8.4,2.6,9.2,45,5,3,89,2.5g per 200ml (or 1:1 milk-water for Chai),Pure Organic Nutrition; L-Theanine Serenity,Calm; Meditative; Focused; Serene,All Season,1150.0,4.36,281,"An exquisite handcrafted sikkim temi harvest from the famed terroirs of Sikkim (Ravangla Highlands). Imbued with prominent sensory notes of Honeyed Wood, Gentle Spice, Caramel, this blend exhibits an aroma rating of 9.2/10. Specially curated for calm, meditative rituals, it offers potent pure organic nutrition, l-theanine serenity.",Poha with Roasted Peanuts; Kolkata Style Kathi Rolls; Traditional Osmania Butter Biscuits,https://images.unsplash.com/photo-1576092768241-dec231879fc3?auto=format&fit=crop&w=800&q=80
TEA-IN-0065,First Flush Spring Champagne,Darjeeling (Jungpana),Darjeeling,100% Hand-Picked Camellia Sinensis Single Estate Darjeeling Leaves,Muscatel; Apricot; Green Apple,2.9,7.2,9.0,1.0,8.0,36,0,3,89,2.5g per 200ml (or 1:1 milk-water for Chai),High Antioxidants; Cellular Protection; Gentle Vitality; Heart Wellness,Refreshed; Meditative,All Season,1745.0,4.59,215,"An exquisite handcrafted darjeeling harvest from the famed terroirs of Darjeeling (Jungpana). Imbued with prominent sensory notes of Muscatel, Apricot, Green Apple, this blend exhibits an aroma rating of 8.0/10. Specially curated for refreshed, meditative rituals, it offers potent high antioxidants, cellular protection.",Poha with Roasted Peanuts; Irani Cafe Bun Maska & Chai,https://images.unsplash.com/photo-1594631252845-29fc4cc8cde9?auto=format&fit=crop&w=800&q=80
TEA-IN-0066,Robust Morning Chai Blend '26,Assam (Golaghat),Assam,100% High-Grade Assam Whole Leaf & Golden Buds (Camellia Sinensis var. Assamica),Bold Body; Molasses; Woody; Toasted Grain,4.5,6.0,1.4,4.5,8.0,54,1,4,95,2.5g per 200ml (or 1:1 milk-water for Chai),Digestive Power; Cardiovascular Support; High Sustained Energy,Motivated; Uplifted,All Season,989.0,4.32,358,"An exquisite handcrafted assam harvest from the famed terroirs of Assam (Golaghat). Imbued with prominent sensory notes of Bold Body, Molasses, Woody, this blend exhibits an aroma rating of 8.0/10. Specially curated for motivated, uplifted rituals, it offers potent digestive power, cardiovascular support.",Traditional Osmania Butter Biscuits; Warm Cardamom Nankhatai,https://images.unsplash.com/photo-1571934811356-5cc061b6821f?auto=format&fit=crop&w=800&q=80
TEA-IN-0067,Authentic Mumbai Cutting Masala Chai,Mumbai Heritage,Masala Chai,"Assam CTC Black Tea, Green Cardamom Pods, Crushed Dry Ginger, Ceylon Cinnamon, Cloves, Black Pepper, Star Anise, Saffron",Clove (Laung); Ginger (Adrak); Sweet Heat,3.1,6.7,3.1,7.6,9.7,52,29,6,96,2.5g per 200ml (or 1:1 milk-water for Chai),Digestive Comfort; Cold & Cough Relief,Refreshed; Energetic; Comforting; Cozy,First Flush Spring,476.0,4.49,305,"An exquisite handcrafted masala chai harvest from the famed terroirs of Mumbai Heritage. Imbued with prominent sensory notes of Clove (Laung), Ginger (Adrak), Sweet Heat, this blend exhibits an aroma rating of 9.7/10. Specially curated for refreshed, energetic rituals, it offers potent digestive comfort, cold & cough relief.",Poha with Roasted Peanuts; Shrewsbury Butter Biscuits,https://images.unsplash.com/photo-1544787219-7f47ccb76574?auto=format&fit=crop&w=800&q=80
TEA-IN-0068,Pink Salted Noon Chai (Sheer Chai) Lot #453 '26,Kashmir (Gulmarg Hills),Kashmir Kahwa,"Kashmiri Green Tea Leaves, Pampore Pure Saffron Strands, Green Cardamom, Cinnamon, Crushed Almond Slivers, Dried Rose Petals",Cardamom; Cinnamon; Floral Honey,1.8,7.6,8.4,6.2,9.3,17,4,4,81,2.5g per 200ml (or 1:1 milk-water for Chai),Digestive Fire; Skin Glow & Radiance; Stress Relief,Calm; Refreshed; Relaxed; Cozy,Autumnal Harvest,1685.0,4.36,390,"An exquisite handcrafted kashmir kahwa harvest from the famed terroirs of Kashmir (Gulmarg Hills). Imbued with prominent sensory notes of Cardamom, Cinnamon, Floral Honey, this blend exhibits an aroma rating of 9.3/10. Specially curated for calm, refreshed rituals, it offers potent digestive fire, skin glow & radiance.",Crisp Onion & Paneer Pakoras; Traditional Osmania Butter Biscuits; Kolkata Style Kathi Rolls,https://images.unsplash.com/photo-1576092768241-dec231879fc3?auto=format&fit=crop&w=800&q=80
TEA-IN-0069,Nilgiri Frost Tea Winter Pluck '24,Nilgiri (Ooty Highlands),Nilgiri,100% High-Elevation Nilgiri Camellia Sinensis,Bright Citrus; Floral; Plum,3.2,6.5,8.3,1.9,8.8,44,2,4,85,2.5g per 200ml (or 1:1 milk-water for Chai),Weight Balance; Heart Health; Antioxidant Rich; Daily Refreshment,Calm; Creative; Focused,Second Flush Summer,637.0,4.65,274,"An exquisite handcrafted nilgiri harvest from the famed terroirs of Nilgiri (Ooty Highlands). Imbued with prominent sensory notes of Bright Citrus, Floral, Plum, this blend exhibits an aroma rating of 8.8/10. Specially curated for calm, creative rituals, it offers potent weight balance, heart health.",Shrewsbury Butter Biscuits; Gulab Jamun with Rosewater Syrup; Crisp Onion & Paneer Pakoras,https://images.unsplash.com/photo-1546852199-2d8e8c4aa477?auto=format&fit=crop&w=800&q=80
TEA-IN-0070,Ashwagandha Stress Relief Golden Elixir Lot #428 '25,Uttarakhand Sacred Valleys,Ayurvedic Tisane,"Organic Tulsi (Holy Basil), Ashwagandha Root, Wild Himalayan Turmeric, Brahmi Leaves, Licorice (Mulethi), Fennel Seeds (Saunf), Lemongrass",Sweet Earthy; Woody; Tulsi Mint; Fennel Sweetness,1.3,4.2,7.5,5.0,7.5,0,4,7,100,2.5g per 200ml (or 1:1 milk-water for Chai),Gut Health & Detox; Deep Restful Sleep,Calm; Soothing; Cozy,Autumnal Harvest,409.0,4.84,106,"An exquisite handcrafted ayurvedic tisane harvest from the famed terroirs of Uttarakhand Sacred Valleys. Imbued with prominent sensory notes of Sweet Earthy, Woody, Tulsi Mint, this blend exhibits an aroma rating of 7.5/10. Specially curated for calm, soothing rituals, it offers potent gut health & detox, deep restful sleep.",Poha with Roasted Peanuts; Gulab Jamun with Rosewater Syrup; Kashmiri Girda Flatbread with Butter,https://images.unsplash.com/photo-1597481499750-3e6b22637e12?auto=format&fit=crop&w=800&q=80
TEA-IN-0071,Wild Herb Infused Kangra Tea Lot #656 '24,Himachal Pradesh (Palampur),Kangra Valley,100% Certified GI Tagged Kangra Valley Whole Leaf Tea,Mellow Green; Sweet Vegetal; Nutty,2.3,7.6,5.3,1.7,7.1,25,1,4,78,2.5g per 200ml (or 1:1 milk-water for Chai),Peaceful Focus; Antioxidant Shield,Calm; Refreshed; Focused,Winter Warmth,749.0,4.31,389,"An exquisite handcrafted kangra valley harvest from the famed terroirs of Himachal Pradesh (Palampur). Imbued with prominent sensory notes of Mellow Green, Sweet Vegetal, Nutty, this blend exhibits an aroma rating of 7.1/10. Specially curated for calm, refreshed rituals, it offers potent peaceful focus, antioxidant shield.",Shrewsbury Butter Biscuits; Kashmiri Girda Flatbread with Butter; Crisp Hot Samosas with Mint & Tamarind Chutney,https://images.unsplash.com/photo-1563822249548-9a72b6353cd1?auto=format&fit=crop&w=800&q=80
TEA-IN-0072,Sikkim Green Dragon Spring Leaf '26,Sikkim (Ravangla Highlands),Sikkim Temi,100% Organic Single Estate Temi Leaves,Sweet Floral; Honeyed Wood; Peach; Muscatel,2.4,8.3,6.9,2.8,8.8,34,4,4,87,2.5g per 200ml (or 1:1 milk-water for Chai),Pure Organic Nutrition; L-Theanine Serenity; Cardiovascular Support,Calm; Meditative; Serene,Autumnal Harvest,517.0,4.31,107,"An exquisite handcrafted sikkim temi harvest from the famed terroirs of Sikkim (Ravangla Highlands). Imbued with prominent sensory notes of Sweet Floral, Honeyed Wood, Peach, this blend exhibits an aroma rating of 8.8/10. Specially curated for calm, meditative rituals, it offers potent pure organic nutrition, l-theanine serenity.",Shrewsbury Butter Biscuits; Kashmiri Girda Flatbread with Butter; Spicy Bhakarwadi & Mathri,https://images.unsplash.com/photo-1546852199-2d8e8c4aa477?auto=format&fit=crop&w=800&q=80
TEA-IN-0073,Single Estate Royal Amber Darjeeling Lot #904,Darjeeling (Singbulli),Darjeeling,100% Hand-Picked Camellia Sinensis Single Estate Darjeeling Leaves,Citrus Zest; Floral; Green Apple,3.9,8.9,9.7,1.9,8.5,52,5,4,84,2.5g per 200ml (or 1:1 milk-water for Chai),High Antioxidants; Cellular Protection; Gentle Vitality; Heart Wellness,Focused; Uplifted,Winter Warmth,995.0,4.87,219,"An exquisite handcrafted darjeeling harvest from the famed terroirs of Darjeeling (Singbulli). Imbued with prominent sensory notes of Citrus Zest, Floral, Green Apple, this blend exhibits an aroma rating of 8.5/10. Specially curated for focused, uplifted rituals, it offers potent high antioxidants, cellular protection.",Kolkata Style Kathi Rolls; Warm Cardamom Nankhatai; Irani Cafe Bun Maska & Chai,https://images.unsplash.com/photo-1546852199-2d8e8c4aa477?auto=format&fit=crop&w=800&q=80
TEA-IN-0074,Assam Tippy Golden Flowery Orange Pekoe '26,Assam (Dibrugarh),Assam,100% High-Grade Assam Whole Leaf & Golden Buds (Camellia Sinensis var. Assamica),Honey; Molasses; Toasted Grain,6.5,4.8,3.9,1.7,8.1,79,2,5,97,2.5g per 200ml (or 1:1 milk-water for Chai),Digestive Power; Immune Strength; Metabolic Fire,Uplifted; Motivated; Focused,First Flush Spring,942.0,4.36,98,"An exquisite handcrafted assam harvest from the famed terroirs of Assam (Dibrugarh). Imbued with prominent sensory notes of Honey, Molasses, Toasted Grain, this blend exhibits an aroma rating of 8.1/10. Specially curated for uplifted, motivated rituals, it offers potent digestive power, immune strength.",Dhokla with Green Chilies; Kolkata Style Kathi Rolls; Warm Cardamom Nankhatai,https://images.unsplash.com/photo-1571934811356-5cc061b6821f?auto=format&fit=crop&w=800&q=80
TEA-IN-0075,Fiery Adrak & Kali Mirch Kadak Chai,Rajasthan Royal Palace,Masala Chai,"Assam CTC Black Tea, Green Cardamom Pods, Crushed Dry Ginger, Ceylon Cinnamon, Cloves, Black Pepper, Star Anise, Saffron",Ginger (Adrak); Peppery; Creamy; Sweet Heat; Spicy,3.0,5.4,2.1,8.2,9.1,45,43,6,99,2.5g per 200ml (or 1:1 milk-water for Chai),Cold & Cough Relief; Digestive Comfort; Immunity Shield; Anti-inflammatory,Refreshed; Uplifted; Cozy,First Flush Spring,626.0,4.42,157,"An exquisite handcrafted masala chai harvest from the famed terroirs of Rajasthan Royal Palace. Imbued with prominent sensory notes of Ginger (Adrak), Peppery, Creamy, this blend exhibits an aroma rating of 9.1/10. Specially curated for refreshed, uplifted rituals, it offers potent cold & cough relief, digestive comfort.",Dhokla with Green Chilies; Shrewsbury Butter Biscuits,https://images.unsplash.com/photo-1571934811356-5cc061b6821f?auto=format&fit=crop&w=800&q=80
TEA-IN-0076,Himalayan Crushed Walnut & Kahwa Blend,Kashmir (Pampore Saffron Fields),Kashmir Kahwa,"Kashmiri Green Tea Leaves, Pampore Pure Saffron Strands, Green Cardamom, Cinnamon, Crushed Almond Slivers, Dried Rose Petals",Cardamom; Sweet Almond; Saffron (Kesar),1.6,6.9,8.7,6.1,9.9,25,3,5,84,2.5g per 200ml (or 1:1 milk-water for Chai),Digestive Fire; Skin Glow & Radiance; Stress Relief,Refreshed; Meditative; Cozy; Calm,Second Flush Summer,948.0,4.94,122,"An exquisite handcrafted kashmir kahwa harvest from the famed terroirs of Kashmir (Pampore Saffron Fields). Imbued with prominent sensory notes of Cardamom, Sweet Almond, Saffron (Kesar), this blend exhibits an aroma rating of 9.9/10. Specially curated for refreshed, meditative rituals, it offers potent digestive fire, skin glow & radiance.",Poha with Roasted Peanuts; Dhokla with Green Chilies; Irani Cafe Bun Maska & Chai,https://images.unsplash.com/photo-1563822249548-9a72b6353cd1?auto=format&fit=crop&w=800&q=80
TEA-IN-0077,Glendale High-Grown Special Lot #427,Nilgiri (Coonoor),Nilgiri,100% High-Elevation Nilgiri Camellia Sinensis,Floral; Light Malt; Sweet Melon; Crisp Fruit; Plum,2.7,7.2,7.7,1.0,8.6,51,3,4,86,2.5g per 200ml (or 1:1 milk-water for Chai),Heart Health; Gentle Alertness; Antioxidant Rich; Daily Refreshment,Calm; Refreshed; Focused,First Flush Spring,627.0,4.4,236,"An exquisite handcrafted nilgiri harvest from the famed terroirs of Nilgiri (Coonoor). Imbued with prominent sensory notes of Floral, Light Malt, Sweet Melon, this blend exhibits an aroma rating of 8.6/10. Specially curated for calm, refreshed rituals, it offers potent heart health, gentle alertness.",Poha with Roasted Peanuts; Warm Cardamom Nankhatai; Irani Cafe Bun Maska & Chai,https://images.unsplash.com/photo-1546852199-2d8e8c4aa477?auto=format&fit=crop&w=800&q=80
TEA-IN-0078,Ashwagandha Stress Relief Golden Elixir Lot #591,Uttarakhand Sacred Valleys,Ayurvedic Tisane,"Organic Tulsi (Holy Basil), Ashwagandha Root, Wild Himalayan Turmeric, Brahmi Leaves, Licorice (Mulethi), Fennel Seeds (Saunf), Lemongrass",Sweet Earthy; Herbal; Cooling; Botanical; Tulsi Mint,1.8,7.7,7.5,3.7,7.6,0,5,7,99,2.5g per 200ml (or 1:1 milk-water for Chai),Cortisol / Stress Reduction; Immunity Fortification; Joint & Anti-inflammatory; Deep Restful Sleep,Relaxed; Meditative; Cozy,Winter Warmth,785.0,4.68,372,"An exquisite handcrafted ayurvedic tisane harvest from the famed terroirs of Uttarakhand Sacred Valleys. Imbued with prominent sensory notes of Sweet Earthy, Herbal, Cooling, this blend exhibits an aroma rating of 7.6/10. Specially curated for relaxed, meditative rituals, it offers potent cortisol / stress reduction, immunity fortification.",Traditional Osmania Butter Biscuits; Warm Cardamom Nankhatai,https://images.unsplash.com/photo-1597481499750-3e6b22637e12?auto=format&fit=crop&w=800&q=80
TEA-IN-0079,Himalayan Cedar Scented Kangra '26,Himachal Pradesh (Dharamshala),Kangra Valley,100% Certified GI Tagged Kangra Valley Whole Leaf Tea,Mellow Green; Floral; Pine Mist; Nutty,2.7,5.9,8.5,1.2,7.6,43,0,2,77,2.5g per 200ml (or 1:1 milk-water for Chai),High Polyphenols; Digestive Ease; Metabolic Balance; Peaceful Focus,Calm; Refreshed; Focused,Second Flush Summer,950.0,4.76,104,"An exquisite handcrafted kangra valley harvest from the famed terroirs of Himachal Pradesh (Dharamshala). Imbued with prominent sensory notes of Mellow Green, Floral, Pine Mist, this blend exhibits an aroma rating of 7.6/10. Specially curated for calm, refreshed rituals, it offers potent high polyphenols, digestive ease.",Kashmiri Girda Flatbread with Butter; Crisp Hot Samosas with Mint & Tamarind Chutney; Kolkata Style Kathi Rolls,https://images.unsplash.com/photo-1576092768241-dec231879fc3?auto=format&fit=crop&w=800&q=80
TEA-IN-0080,Sikkim Green Dragon Spring Leaf Lot #439,"Sikkim (Temi Tea Estate, South Sikkim)",Sikkim Temi,100% Organic Single Estate Temi Leaves,Sweet Floral; Honeyed Wood; Peach; Caramel; Gentle Spice,3.4,6.6,7.5,1.4,9.0,38,0,3,88,2.5g per 200ml (or 1:1 milk-water for Chai),L-Theanine Serenity; Skin Vitality,Calm; Serene,First Flush Spring,999.0,4.48,270,"An exquisite handcrafted sikkim temi harvest from the famed terroirs of Sikkim (Temi Tea Estate, South Sikkim). Imbued with prominent sensory notes of Sweet Floral, Honeyed Wood, Peach, this blend exhibits an aroma rating of 9.0/10. Specially curated for calm, serene rituals, it offers potent l-theanine serenity, skin vitality.",Kashmiri Girda Flatbread with Butter; Crisp Onion & Paneer Pakoras,https://images.unsplash.com/photo-1576092768241-dec231879fc3?auto=format&fit=crop&w=800&q=80
TEA-IN-0081,Castleton Muscatel Supreme Lot #702,Darjeeling (Jungpana),Darjeeling,100% Hand-Picked Camellia Sinensis Single Estate Darjeeling Leaves,Citrus Zest; Floral; Muscatel,2.4,6.8,7.5,1.5,9.6,52,4,3,90,2.5g per 200ml (or 1:1 milk-water for Chai),High Antioxidants; Gentle Vitality; Heart Wellness,Calm; Focused; Meditative; Uplifted,All Season,1544.0,4.93,108,"An exquisite handcrafted darjeeling harvest from the famed terroirs of Darjeeling (Jungpana). Imbued with prominent sensory notes of Citrus Zest, Floral, Muscatel, this blend exhibits an aroma rating of 9.6/10. Specially curated for calm, focused rituals, it offers potent high antioxidants, gentle vitality.",Gulab Jamun with Rosewater Syrup; Spicy Bhakarwadi & Mathri; Irani Cafe Bun Maska & Chai,https://images.unsplash.com/photo-1546852199-2d8e8c4aa477?auto=format&fit=crop&w=800&q=80
TEA-IN-0082,Imperial Halmari Single Estate,Assam (Golaghat),Assam,100% High-Grade Assam Whole Leaf & Golden Buds (Camellia Sinensis var. Assamica),Honey; Bold Body; Toasted Grain; Woody; Molasses,6.9,5.2,3.6,4.4,8.2,56,3,5,98,2.5g per 200ml (or 1:1 milk-water for Chai),Cardiovascular Support; High Sustained Energy,Energetic; Uplifted,First Flush Spring,1002.0,4.68,415,"An exquisite handcrafted assam harvest from the famed terroirs of Assam (Golaghat). Imbued with prominent sensory notes of Honey, Bold Body, Toasted Grain, this blend exhibits an aroma rating of 8.2/10. Specially curated for energetic, uplifted rituals, it offers potent cardiovascular support, high sustained energy.",Shrewsbury Butter Biscuits; Traditional Osmania Butter Biscuits; Warm Cardamom Nankhatai,https://images.unsplash.com/photo-1571934811356-5cc061b6821f?auto=format&fit=crop&w=800&q=80
TEA-IN-0083,Star Anise & Nutmeg Winter Chai,Delhi Old Quarter,Masala Chai,"Assam CTC Black Tea, Green Cardamom Pods, Crushed Dry Ginger, Ceylon Cinnamon, Cloves, Black Pepper, Star Anise, Saffron",Cinnamon (Dalchini); Ginger (Adrak); Spicy,5.3,7.7,2.1,9.6,9.0,61,49,4,98,2.5g per 200ml (or 1:1 milk-water for Chai),Immunity Shield; Digestive Comfort; Cold & Cough Relief,Refreshed; Comforting; Cozy,First Flush Spring,588.0,4.83,436,"An exquisite handcrafted masala chai harvest from the famed terroirs of Delhi Old Quarter. Imbued with prominent sensory notes of Cinnamon (Dalchini), Ginger (Adrak), Spicy, this blend exhibits an aroma rating of 9.0/10. Specially curated for refreshed, comforting rituals, it offers potent immunity shield, digestive comfort.",Dhokla with Green Chilies; Kashmiri Girda Flatbread with Butter; Spicy Bhakarwadi & Mathri,https://images.unsplash.com/photo-1544787219-7f47ccb76574?auto=format&fit=crop&w=800&q=80
TEA-IN-0084,Royal Kashmiri Saffron Almond Kahwa,Kashmir (Gulmarg Hills),Kashmir Kahwa,"Kashmiri Green Tea Leaves, Pampore Pure Saffron Strands, Green Cardamom, Cinnamon, Crushed Almond Slivers, Dried Rose Petals",Cardamom; Cinnamon; Nutty; Saffron (Kesar),2.1,7.0,8.5,5.9,9.3,27,5,3,81,2.5g per 200ml (or 1:1 milk-water for Chai),Stress Relief; Immunity Boost,Refreshed; Calm,Second Flush Summer,1378.0,4.56,58,"An exquisite handcrafted kashmir kahwa harvest from the famed terroirs of Kashmir (Gulmarg Hills). Imbued with prominent sensory notes of Cardamom, Cinnamon, Nutty, this blend exhibits an aroma rating of 9.3/10. Specially curated for refreshed, calm rituals, it offers potent stress relief, immunity boost.",Dhokla with Green Chilies; Poha with Roasted Peanuts,https://images.unsplash.com/photo-1576092768241-dec231879fc3?auto=format&fit=crop&w=800&q=80
TEA-IN-0085,Coonoor Highland Fragrant Amber Lot #999,Nilgiri (Ooty Highlands),Nilgiri,100% High-Elevation Nilgiri Camellia Sinensis,Floral; Light Malt; Honey; Sweet Melon; Plum,3.4,6.8,6.0,2.0,9.1,49,3,4,86,2.5g per 200ml (or 1:1 milk-water for Chai),Weight Balance; Daily Refreshment; Gentle Alertness,Calm; Creative; Focused; Uplifted,Monsoon Special,1038.0,4.87,28,"An exquisite handcrafted nilgiri harvest from the famed terroirs of Nilgiri (Ooty Highlands). Imbued with prominent sensory notes of Floral, Light Malt, Honey, this blend exhibits an aroma rating of 9.1/10. Specially curated for calm, creative rituals, it offers potent weight balance, daily refreshment.",Poha with Roasted Peanuts; Kashmiri Girda Flatbread with Butter; Crisp Hot Samosas with Mint & Tamarind Chutney,https://images.unsplash.com/photo-1597481499750-3e6b22637e12?auto=format&fit=crop&w=800&q=80
TEA-IN-0086,Turmeric Ginger Curcumin Immunity Guard Lot #539,Uttarakhand Sacred Valleys,Ayurvedic Tisane,"Organic Tulsi (Holy Basil), Ashwagandha Root, Wild Himalayan Turmeric, Brahmi Leaves, Licorice (Mulethi), Fennel Seeds (Saunf), Lemongrass",Cooling; Fennel Sweetness; Botanical,2.2,4.5,6.6,2.6,9.4,0,5,6,97,2.5g per 200ml (or 1:1 milk-water for Chai),Cortisol / Stress Reduction; Gut Health & Detox,Calm; Soothing; Relaxed; Meditative,Autumnal Harvest,350.0,4.7,285,"An exquisite handcrafted ayurvedic tisane harvest from the famed terroirs of Uttarakhand Sacred Valleys. Imbued with prominent sensory notes of Cooling, Fennel Sweetness, Botanical, this blend exhibits an aroma rating of 9.4/10. Specially curated for calm, soothing rituals, it offers potent cortisol / stress reduction, gut health & detox.",Crisp Hot Samosas with Mint & Tamarind Chutney; Traditional Osmania Butter Biscuits,https://images.unsplash.com/photo-1544787219-7f47ccb76574?auto=format&fit=crop&w=800&q=80
TEA-IN-0087,Kangra Imperial Green Dragon Lot #937,Himachal Pradesh (Kangra Valley),Kangra Valley,100% Certified GI Tagged Kangra Valley Whole Leaf Tea,Mellow Green; Floral; Sweet Vegetal; Pine Mist,3.2,7.2,6.7,0.8,7.2,41,0,3,80,2.5g per 200ml (or 1:1 milk-water for Chai),Digestive Ease; High Polyphenols; Metabolic Balance; Peaceful Focus,Calm; Meditative; Focused; Uplifted,All Season,775.0,4.45,71,"An exquisite handcrafted kangra valley harvest from the famed terroirs of Himachal Pradesh (Kangra Valley). Imbued with prominent sensory notes of Mellow Green, Floral, Sweet Vegetal, this blend exhibits an aroma rating of 7.2/10. Specially curated for calm, meditative rituals, it offers potent digestive ease, high polyphenols.",Dhokla with Green Chilies; Spicy Bhakarwadi & Mathri,https://images.unsplash.com/photo-1576092768241-dec231879fc3?auto=format&fit=crop&w=800&q=80
TEA-IN-0088,Temi Estate 100% Organic First Flush,Sikkim (Ravangla Highlands),Sikkim Temi,100% Organic Single Estate Temi Leaves,Muscatel; Gentle Spice; Honeyed Wood; Caramel,3.1,6.6,8.1,1.5,8.9,44,2,3,90,2.5g per 200ml (or 1:1 milk-water for Chai),Pure Organic Nutrition; L-Theanine Serenity; Skin Vitality,Meditative; Serene,All Season,1163.0,4.66,26,"An exquisite handcrafted sikkim temi harvest from the famed terroirs of Sikkim (Ravangla Highlands). Imbued with prominent sensory notes of Muscatel, Gentle Spice, Honeyed Wood, this blend exhibits an aroma rating of 8.9/10. Specially curated for meditative, serene rituals, it offers potent pure organic nutrition, l-theanine serenity.",Gulab Jamun with Rosewater Syrup; Traditional Osmania Butter Biscuits,https://images.unsplash.com/photo-1576092768241-dec231879fc3?auto=format&fit=crop&w=800&q=80
TEA-IN-0089,Vintage Muscatel Wonder '25,Darjeeling (Castle Castleton),Darjeeling,100% Hand-Picked Camellia Sinensis Single Estate Darjeeling Leaves,Muscatel; Honeysuckle; Apricot,2.4,7.7,9.3,1.9,9.5,30,0,3,84,2.5g per 200ml (or 1:1 milk-water for Chai),Mental Clarity; Cellular Protection; Gentle Vitality; Heart Wellness,Uplifted; Focused,Winter Warmth,2254.0,4.96,99,"An exquisite handcrafted darjeeling harvest from the famed terroirs of Darjeeling (Castle Castleton). Imbued with prominent sensory notes of Muscatel, Honeysuckle, Apricot, this blend exhibits an aroma rating of 9.5/10. Specially curated for uplifted, focused rituals, it offers potent mental clarity, cellular protection.",Kashmiri Girda Flatbread with Butter; Kolkata Style Kathi Rolls; Warm Cardamom Nankhatai,https://images.unsplash.com/photo-1546852199-2d8e8c4aa477?auto=format&fit=crop&w=800&q=80
TEA-IN-0090,Royal Mangalam Golden Needle Lot #882 '26,Assam (Golaghat),Assam,100% High-Grade Assam Whole Leaf & Golden Buds (Camellia Sinensis var. Assamica),Bold Body; Caramel; Woody; Malty; Dark Cocoa,6.3,4.1,2.3,4.4,7.6,58,3,4,98,2.5g per 200ml (or 1:1 milk-water for Chai),High Sustained Energy; Metabolic Fire,Motivated; Uplifted,All Season,1003.0,4.48,80,"An exquisite handcrafted assam harvest from the famed terroirs of Assam (Golaghat). Imbued with prominent sensory notes of Bold Body, Caramel, Woody, this blend exhibits an aroma rating of 7.6/10. Specially curated for motivated, uplifted rituals, it offers potent high sustained energy, metabolic fire.",Kashmiri Girda Flatbread with Butter; Crisp Onion & Paneer Pakoras; Irani Cafe Bun Maska & Chai,https://images.unsplash.com/photo-1544787219-7f47ccb76574?auto=format&fit=crop&w=800&q=80
TEA-IN-0091,Cinnamon Bark & Clove Monsoon Chai,Rajasthan Royal Palace,Masala Chai,"Assam CTC Black Tea, Green Cardamom Pods, Crushed Dry Ginger, Ceylon Cinnamon, Cloves, Black Pepper, Star Anise, Saffron",Clove (Laung); Creamy; Spicy,5.1,6.6,1.2,8.6,9.4,54,51,4,97,2.5g per 200ml (or 1:1 milk-water for Chai),Digestive Comfort; Cold & Cough Relief; Anti-inflammatory; Immunity Shield,Comforting; Cozy,Autumnal Harvest,755.0,4.42,38,"An exquisite handcrafted masala chai harvest from the famed terroirs of Rajasthan Royal Palace. Imbued with prominent sensory notes of Clove (Laung), Creamy, Spicy, this blend exhibits an aroma rating of 9.4/10. Specially curated for comforting, cozy rituals, it offers potent digestive comfort, cold & cough relief.",Gulab Jamun with Rosewater Syrup; Crisp Onion & Paneer Pakoras,https://images.unsplash.com/photo-1571934811356-5cc061b6821f?auto=format&fit=crop&w=800&q=80
TEA-IN-0092,Rose Petal & Kashmiri Cardamom Kahwa '25,Kashmir (Pampore Saffron Fields),Kashmir Kahwa,"Kashmiri Green Tea Leaves, Pampore Pure Saffron Strands, Green Cardamom, Cinnamon, Crushed Almond Slivers, Dried Rose Petals",Sweet Almond; Cinnamon; Floral Honey,1.5,6.2,7.3,6.5,9.9,17,4,3,83,2.5g per 200ml (or 1:1 milk-water for Chai),Calming Warmth; Digestive Fire; Skin Glow & Radiance,Refreshed; Meditative; Cozy,Autumnal Harvest,1015.0,4.96,415,"An exquisite handcrafted kashmir kahwa harvest from the famed terroirs of Kashmir (Pampore Saffron Fields). Imbued with prominent sensory notes of Sweet Almond, Cinnamon, Floral Honey, this blend exhibits an aroma rating of 9.9/10. Specially curated for refreshed, meditative rituals, it offers potent calming warmth, digestive fire.",Dhokla with Green Chilies; Kashmiri Girda Flatbread with Butter; Traditional Osmania Butter Biscuits,https://images.unsplash.com/photo-1576092768241-dec231879fc3?auto=format&fit=crop&w=800&q=80
TEA-IN-0093,High Altitude Floral White Nilgiri,Nilgiri (Coonoor),Nilgiri,100% High-Elevation Nilgiri Camellia Sinensis,Sweet Melon; Floral; Light Malt,1.6,6.9,8.5,2.3,9.4,35,5,4,89,2.5g per 200ml (or 1:1 milk-water for Chai),Heart Health; Antioxidant Rich; Gentle Alertness,Calm; Creative; Refreshed; Uplifted,All Season,442.0,4.36,88,"An exquisite handcrafted nilgiri harvest from the famed terroirs of Nilgiri (Coonoor). Imbued with prominent sensory notes of Sweet Melon, Floral, Light Malt, this blend exhibits an aroma rating of 9.4/10. Specially curated for calm, creative rituals, it offers potent heart health, antioxidant rich.",Gulab Jamun with Rosewater Syrup; Kashmiri Girda Flatbread with Butter; Crisp Onion & Paneer Pakoras,https://images.unsplash.com/photo-1546852199-2d8e8c4aa477?auto=format&fit=crop&w=800&q=80
TEA-IN-0094,Ashwagandha Stress Relief Golden Elixir Lot #234,Kerala (Western Ghats),Ayurvedic Tisane,"Organic Tulsi (Holy Basil), Ashwagandha Root, Wild Himalayan Turmeric, Brahmi Leaves, Licorice (Mulethi), Fennel Seeds (Saunf), Lemongrass",Woody; Tulsi Mint; Fennel Sweetness,1.2,5.3,7.2,4.8,9.0,0,2,5,95,2.5g per 200ml (or 1:1 milk-water for Chai),Cortisol / Stress Reduction; Deep Restful Sleep,Meditative; Cozy,Second Flush Summer,927.0,4.44,177,"An exquisite handcrafted ayurvedic tisane harvest from the famed terroirs of Kerala (Western Ghats). Imbued with prominent sensory notes of Woody, Tulsi Mint, Fennel Sweetness, this blend exhibits an aroma rating of 9.0/10. Specially curated for meditative, cozy rituals, it offers potent cortisol / stress reduction, deep restful sleep.",Shrewsbury Butter Biscuits; Spicy Bhakarwadi & Mathri; Kolkata Style Kathi Rolls,https://images.unsplash.com/photo-1544787219-7f47ccb76574?auto=format&fit=crop&w=800&q=80
TEA-IN-0095,Dharamshala Mountain Dew Green '25,Himachal Pradesh (Kangra Valley),Kangra Valley,100% Certified GI Tagged Kangra Valley Whole Leaf Tea,Floral; Roasted Corn; Pine Mist; Nutty; Mellow Green,3.1,7.2,5.1,1.8,7.7,26,1,3,81,2.5g per 200ml (or 1:1 milk-water for Chai),Digestive Ease; High Polyphenols; Peaceful Focus,Focused; Meditative; Uplifted,First Flush Spring,568.0,4.57,371,"An exquisite handcrafted kangra valley harvest from the famed terroirs of Himachal Pradesh (Kangra Valley). Imbued with prominent sensory notes of Floral, Roasted Corn, Pine Mist, this blend exhibits an aroma rating of 7.7/10. Specially curated for focused, meditative rituals, it offers potent digestive ease, high polyphenols.",Crisp Hot Samosas with Mint & Tamarind Chutney; Traditional Osmania Butter Biscuits,https://images.unsplash.com/photo-1576092768241-dec231879fc3?auto=format&fit=crop&w=800&q=80
TEA-IN-0096,Sikkim Green Dragon Spring Leaf Lot #177,Sikkim (Ravangla Highlands),Sikkim Temi,100% Organic Single Estate Temi Leaves,Sweet Floral; Honeyed Wood; Peach; Muscatel,1.6,8.3,7.6,1.3,9.4,46,2,3,85,2.5g per 200ml (or 1:1 milk-water for Chai),Pure Organic Nutrition; Cardiovascular Support; Skin Vitality,Calm; Meditative; Serene; Focused,Autumnal Harvest,1510.0,4.32,337,"An exquisite handcrafted sikkim temi harvest from the famed terroirs of Sikkim (Ravangla Highlands). Imbued with prominent sensory notes of Sweet Floral, Honeyed Wood, Peach, this blend exhibits an aroma rating of 9.4/10. Specially curated for calm, meditative rituals, it offers potent pure organic nutrition, cardiovascular support.",Kashmiri Girda Flatbread with Butter; Warm Cardamom Nankhatai,https://images.unsplash.com/photo-1546852199-2d8e8c4aa477?auto=format&fit=crop&w=800&q=80
TEA-IN-0097,Margaret's Hope Golden Tips Lot #664,Darjeeling (Margaret's Hope),Darjeeling,100% Hand-Picked Camellia Sinensis Single Estate Darjeeling Leaves,Citrus Zest; Honey; Apricot; Pine Wood; Green Apple,1.7,6.5,8.3,1.5,9.6,36,4,3,86,2.5g per 200ml (or 1:1 milk-water for Chai),Mental Clarity; Cellular Protection; Gentle Vitality; Heart Wellness,Calm; Refreshed,Monsoon Special,2046.0,4.62,203,"An exquisite handcrafted darjeeling harvest from the famed terroirs of Darjeeling (Margaret's Hope). Imbued with prominent sensory notes of Citrus Zest, Honey, Apricot, this blend exhibits an aroma rating of 9.6/10. Specially curated for calm, refreshed rituals, it offers potent mental clarity, cellular protection.",Crisp Hot Samosas with Mint & Tamarind Chutney; Warm Cardamom Nankhatai,https://images.unsplash.com/photo-1546852199-2d8e8c4aa477?auto=format&fit=crop&w=800&q=80
TEA-IN-0098,Brahmaputra Valley Bold Red '25,Assam (Jorhat),Assam,100% High-Grade Assam Whole Leaf & Golden Buds (Camellia Sinensis var. Assamica),Honey; Molasses; Caramel,5.9,5.8,3.2,3.8,9.4,70,3,5,96,2.5g per 200ml (or 1:1 milk-water for Chai),Metabolic Fire; Cardiovascular Support; High Sustained Energy; Immune Strength,Energetic; Focused; Cozy; Uplifted,Autumnal Harvest,333.0,4.34,328,"An exquisite handcrafted assam harvest from the famed terroirs of Assam (Jorhat). Imbued with prominent sensory notes of Honey, Molasses, Caramel, this blend exhibits an aroma rating of 9.4/10. Specially curated for energetic, focused rituals, it offers potent metabolic fire, cardiovascular support.",Shrewsbury Butter Biscuits; Warm Cardamom Nankhatai; Irani Cafe Bun Maska & Chai,https://images.unsplash.com/photo-1544787219-7f47ccb76574?auto=format&fit=crop&w=800&q=80
TEA-IN-0099,Authentic Mumbai Cutting Masala Chai Lot #440 '24,Delhi Old Quarter,Masala Chai,"Assam CTC Black Tea, Green Cardamom Pods, Crushed Dry Ginger, Ceylon Cinnamon, Cloves, Black Pepper, Star Anise, Saffron",Clove (Laung); Cardamom (Elaichi); Creamy,5.4,5.5,1.5,9.5,9.9,41,24,6,100,2.5g per 200ml (or 1:1 milk-water for Chai),Digestive Comfort; Immunity Shield; Instant Warming,Energetic; Uplifted; Comforting; Cozy,All Season,777.0,4.74,109,"An exquisite handcrafted masala chai harvest from the famed terroirs of Delhi Old Quarter. Imbued with prominent sensory notes of Clove (Laung), Cardamom (Elaichi), Creamy, this blend exhibits an aroma rating of 9.9/10. Specially curated for energetic, uplifted rituals, it offers potent digestive comfort, immunity shield.",Kashmiri Girda Flatbread with Butter; Spicy Bhakarwadi & Mathri; Irani Cafe Bun Maska & Chai,https://images.unsplash.com/photo-1571934811356-5cc061b6821f?auto=format&fit=crop&w=800&q=80
TEA-IN-0100,Rose Petal & Kashmiri Cardamom Kahwa Lot #280,Kashmir (Gulmarg Hills),Kashmir Kahwa,"Kashmiri Green Tea Leaves, Pampore Pure Saffron Strands, Green Cardamom, Cinnamon, Crushed Almond Slivers, Dried Rose Petals",Saffron (Kesar); Cinnamon; Cardamom; Floral Honey; Nutty,2.5,6.9,6.6,5.0,9.7,23,4,3,81,2.5g per 200ml (or 1:1 milk-water for Chai),Skin Glow & Radiance; Immunity Boost,Calm; Meditative,All Season,1437.0,4.8,191,"An exquisite handcrafted kashmir kahwa harvest from the famed terroirs of Kashmir (Gulmarg Hills). Imbued with prominent sensory notes of Saffron (Kesar), Cinnamon, Cardamom, this blend exhibits an aroma rating of 9.7/10. Specially curated for calm, meditative rituals, it offers potent skin glow & radiance, immunity boost.",Poha with Roasted Peanuts; Kolkata Style Kathi Rolls,https://images.unsplash.com/photo-1563822249548-9a72b6353cd1?auto=format&fit=crop&w=800&q=80
TEA-IN-0101,Nilgiri Frost Tea Winter Pluck '25,Nilgiri (Ooty Highlands),Nilgiri,100% High-Elevation Nilgiri Camellia Sinensis,Honey; Bright Citrus; Light Malt; Plum,1.6,6.3,6.0,1.3,9.1,54,3,4,91,2.5g per 200ml (or 1:1 milk-water for Chai),Weight Balance; Heart Health; Antioxidant Rich; Gentle Alertness,Calm; Refreshed,Second Flush Summer,536.0,4.56,394,"An exquisite handcrafted nilgiri harvest from the famed terroirs of Nilgiri (Ooty Highlands). Imbued with prominent sensory notes of Honey, Bright Citrus, Light Malt, this blend exhibits an aroma rating of 9.1/10. Specially curated for calm, refreshed rituals, it offers potent weight balance, heart health.",Poha with Roasted Peanuts; Kolkata Style Kathi Rolls; Warm Cardamom Nankhatai,https://images.unsplash.com/photo-1597481499750-3e6b22637e12?auto=format&fit=crop&w=800&q=80
TEA-IN-0102,Ashwagandha Stress Relief Golden Elixir Lot #729 '26,Madhya Pradesh Herbal Forests,Ayurvedic Tisane,"Organic Tulsi (Holy Basil), Ashwagandha Root, Wild Himalayan Turmeric, Brahmi Leaves, Licorice (Mulethi), Fennel Seeds (Saunf), Lemongrass",Sweet Earthy; Fennel Sweetness; Woody; Botanical; Tulsi Mint,0.6,7.8,4.7,5.6,7.8,0,1,5,98,2.5g per 200ml (or 1:1 milk-water for Chai),Cortisol / Stress Reduction; Gut Health & Detox,Soothing; Relaxed; Meditative; Cozy,Second Flush Summer,835.0,4.73,265,"An exquisite handcrafted ayurvedic tisane harvest from the famed terroirs of Madhya Pradesh Herbal Forests. Imbued with prominent sensory notes of Sweet Earthy, Fennel Sweetness, Woody, this blend exhibits an aroma rating of 7.8/10. Specially curated for soothing, relaxed rituals, it offers potent cortisol / stress reduction, gut health & detox.",Crisp Hot Samosas with Mint & Tamarind Chutney; Spicy Bhakarwadi & Mathri; Kolkata Style Kathi Rolls,https://images.unsplash.com/photo-1597481499750-3e6b22637e12?auto=format&fit=crop&w=800&q=80
TEA-IN-0103,Kangra Imperial Green Dragon '24,Himachal Pradesh (Kangra Valley),Kangra Valley,100% Certified GI Tagged Kangra Valley Whole Leaf Tea,Mellow Green; Floral; Pine Mist,2.2,5.8,7.7,1.2,8.8,30,5,4,81,2.5g per 200ml (or 1:1 milk-water for Chai),High Polyphenols; Peaceful Focus,Calm; Uplifted; Meditative,Monsoon Special,528.0,4.77,69,"An exquisite handcrafted kangra valley harvest from the famed terroirs of Himachal Pradesh (Kangra Valley). Imbued with prominent sensory notes of Mellow Green, Floral, Pine Mist, this blend exhibits an aroma rating of 8.8/10. Specially curated for calm, uplifted rituals, it offers potent high polyphenols, peaceful focus.",Dhokla with Green Chilies; Warm Cardamom Nankhatai,https://images.unsplash.com/photo-1576092768241-dec231879fc3?auto=format&fit=crop&w=800&q=80
TEA-IN-0104,Sikkim Royal Orthodox Muscatel Lot #704,Sikkim (Ravangla Highlands),Sikkim Temi,100% Organic Single Estate Temi Leaves,Sweet Floral; Honeyed Wood; Peach; Caramel,1.6,7.0,7.8,2.9,9.0,48,4,3,88,2.5g per 200ml (or 1:1 milk-water for Chai),Pure Organic Nutrition; L-Theanine Serenity; Cardiovascular Support; Skin Vitality,Focused; Serene,Monsoon Special,1636.0,4.6,441,"An exquisite handcrafted sikkim temi harvest from the famed terroirs of Sikkim (Ravangla Highlands). Imbued with prominent sensory notes of Sweet Floral, Honeyed Wood, Peach, this blend exhibits an aroma rating of 9.0/10. Specially curated for focused, serene rituals, it offers potent pure organic nutrition, l-theanine serenity.",Crisp Hot Samosas with Mint & Tamarind Chutney; Spicy Bhakarwadi & Mathri,https://images.unsplash.com/photo-1546852199-2d8e8c4aa477?auto=format&fit=crop&w=800&q=80
TEA-IN-0105,Castleton Muscatel Supreme '24,Darjeeling (Margaret's Hope),Darjeeling,100% Hand-Picked Camellia Sinensis Single Estate Darjeeling Leaves,Honey; Floral; Green Apple; Citrus Zest,1.7,7.2,8.7,1.8,9.0,52,0,4,81,2.5g per 200ml (or 1:1 milk-water for Chai),Mental Clarity; High Antioxidants; Cellular Protection; Gentle Vitality,Refreshed; Uplifted; Focused,Winter Warmth,1677.0,4.33,161,"An exquisite handcrafted darjeeling harvest from the famed terroirs of Darjeeling (Margaret's Hope). Imbued with prominent sensory notes of Honey, Floral, Green Apple, this blend exhibits an aroma rating of 9.0/10. Specially curated for refreshed, uplifted rituals, it offers potent mental clarity, high antioxidants.",Poha with Roasted Peanuts; Gulab Jamun with Rosewater Syrup; Spicy Bhakarwadi & Mathri,https://images.unsplash.com/photo-1594631252845-29fc4cc8cde9?auto=format&fit=crop&w=800&q=80
TEA-IN-0106,Imperial Halmari Single Estate Lot #811,Assam (Sibsagar),Assam,100% High-Grade Assam Whole Leaf & Golden Buds (Camellia Sinensis var. Assamica),Honey; Molasses; Malty; Caramel,5.4,6.1,3.1,1.6,8.2,59,2,4,97,2.5g per 200ml (or 1:1 milk-water for Chai),Immune Strength; Metabolic Fire,Motivated; Focused; Cozy; Uplifted,First Flush Spring,1122.0,4.58,268,"An exquisite handcrafted assam harvest from the famed terroirs of Assam (Sibsagar). Imbued with prominent sensory notes of Honey, Molasses, Malty, this blend exhibits an aroma rating of 8.2/10. Specially curated for motivated, focused rituals, it offers potent immune strength, metabolic fire.",Gulab Jamun with Rosewater Syrup; Traditional Osmania Butter Biscuits,https://images.unsplash.com/photo-1514733670139-4d87a1941d55?auto=format&fit=crop&w=800&q=80
TEA-IN-0107,Cinnamon Bark & Clove Monsoon Chai Lot #263,Assam & Kerala Spice Hills,Masala Chai,"Assam CTC Black Tea, Green Cardamom Pods, Crushed Dry Ginger, Ceylon Cinnamon, Cloves, Black Pepper, Star Anise, Saffron",Spicy; Sweet Heat; Ginger (Adrak),5.1,5.8,3.3,8.8,9.6,45,27,4,96,2.5g per 200ml (or 1:1 milk-water for Chai),Digestive Comfort; Anti-inflammatory; Cold & Cough Relief; Instant Warming,Refreshed; Energetic; Uplifted; Cozy,Winter Warmth,494.0,4.95,262,"An exquisite handcrafted masala chai harvest from the famed terroirs of Assam & Kerala Spice Hills. Imbued with prominent sensory notes of Spicy, Sweet Heat, Ginger (Adrak), this blend exhibits an aroma rating of 9.6/10. Specially curated for refreshed, energetic rituals, it offers potent digestive comfort, anti-inflammatory.",Gulab Jamun with Rosewater Syrup; Crisp Onion & Paneer Pakoras,https://images.unsplash.com/photo-1571934811356-5cc061b6821f?auto=format&fit=crop&w=800&q=80
TEA-IN-0108,Gulmarg Winter Spice Kahwa Lot #365 '26,Kashmir (Srinagar Valley),Kashmir Kahwa,"Kashmiri Green Tea Leaves, Pampore Pure Saffron Strands, Green Cardamom, Cinnamon, Crushed Almond Slivers, Dried Rose Petals",Saffron (Kesar); Cinnamon; Cardamom; Sweet Almond; Floral Honey,1.2,6.1,6.2,7.6,9.8,18,1,5,81,2.5g per 200ml (or 1:1 milk-water for Chai),Stress Relief; Digestive Fire,Refreshed; Relaxed; Cozy; Calm,Autumnal Harvest,1753.0,4.88,255,"An exquisite handcrafted kashmir kahwa harvest from the famed terroirs of Kashmir (Srinagar Valley). Imbued with prominent sensory notes of Saffron (Kesar), Cinnamon, Cardamom, this blend exhibits an aroma rating of 9.8/10. Specially curated for refreshed, relaxed rituals, it offers potent stress relief, digestive fire.",Poha with Roasted Peanuts; Kashmiri Girda Flatbread with Butter; Warm Cardamom Nankhatai,https://images.unsplash.com/photo-1563822249548-9a72b6353cd1?auto=format&fit=crop&w=800&q=80
TEA-IN-0109,High Altitude Floral White Nilgiri,Nilgiri (Kotagiri),Nilgiri,100% High-Elevation Nilgiri Camellia Sinensis,Floral; Honey; Sweet Melon; Bright Citrus; Crisp Fruit,2.6,7.5,6.0,2.5,9.4,51,4,4,89,2.5g per 200ml (or 1:1 milk-water for Chai),Weight Balance; Heart Health; Daily Refreshment; Gentle Alertness,Creative; Focused,All Season,701.0,4.4,33,"An exquisite handcrafted nilgiri harvest from the famed terroirs of Nilgiri (Kotagiri). Imbued with prominent sensory notes of Floral, Honey, Sweet Melon, this blend exhibits an aroma rating of 9.4/10. Specially curated for creative, focused rituals, it offers potent weight balance, heart health.",Dhokla with Green Chilies; Spicy Bhakarwadi & Mathri,https://images.unsplash.com/photo-1546852199-2d8e8c4aa477?auto=format&fit=crop&w=800&q=80
TEA-IN-0110,Moringa & Lemongrass Detox Flush Lot #515,Madhya Pradesh Herbal Forests,Ayurvedic Tisane,"Organic Tulsi (Holy Basil), Ashwagandha Root, Wild Himalayan Turmeric, Brahmi Leaves, Licorice (Mulethi), Fennel Seeds (Saunf), Lemongrass",Sweet Earthy; Fennel Sweetness; Woody; Botanical; Tulsi Mint,0.6,6.8,6.3,2.8,9.0,0,4,7,98,2.5g per 200ml (or 1:1 milk-water for Chai),Cortisol / Stress Reduction; Gut Health & Detox; Joint & Anti-inflammatory,Calm; Soothing; Meditative; Cozy,First Flush Spring,783.0,4.51,423,"An exquisite handcrafted ayurvedic tisane harvest from the famed terroirs of Madhya Pradesh Herbal Forests. Imbued with prominent sensory notes of Sweet Earthy, Fennel Sweetness, Woody, this blend exhibits an aroma rating of 9.0/10. Specially curated for calm, soothing rituals, it offers potent cortisol / stress reduction, gut health & detox.",Crisp Onion & Paneer Pakoras; Traditional Osmania Butter Biscuits,https://images.unsplash.com/photo-1544787219-7f47ccb76574?auto=format&fit=crop&w=800&q=80
TEA-IN-0111,Dharamshala Mountain Dew Green Lot #575 '25,Himachal Pradesh (Dharamshala),Kangra Valley,100% Certified GI Tagged Kangra Valley Whole Leaf Tea,Floral; Roasted Corn; Pine Mist; Nutty; Mellow Green,1.1,7.1,7.0,1.4,7.9,28,0,4,81,2.5g per 200ml (or 1:1 milk-water for Chai),Metabolic Balance; Peaceful Focus,Calm; Meditative; Focused; Uplifted,All Season,1239.0,4.51,49,"An exquisite handcrafted kangra valley harvest from the famed terroirs of Himachal Pradesh (Dharamshala). Imbued with prominent sensory notes of Floral, Roasted Corn, Pine Mist, this blend exhibits an aroma rating of 7.9/10. Specially curated for calm, meditative rituals, it offers potent metabolic balance, peaceful focus.",Gulab Jamun with Rosewater Syrup; Crisp Onion & Paneer Pakoras,https://images.unsplash.com/photo-1576092768241-dec231879fc3?auto=format&fit=crop&w=800&q=80
TEA-IN-0112,High Altitude Cloud Pluck Temi Red '26,Sikkim (Ravangla Highlands),Sikkim Temi,100% Organic Single Estate Temi Leaves,Sweet Floral; Muscatel; Honeyed Wood; Caramel,3.0,7.2,8.4,1.2,8.9,42,3,4,88,2.5g per 200ml (or 1:1 milk-water for Chai),Pure Organic Nutrition; Cardiovascular Support; Skin Vitality,Calm; Focused,Second Flush Summer,605.0,4.56,321,"An exquisite handcrafted sikkim temi harvest from the famed terroirs of Sikkim (Ravangla Highlands). Imbued with prominent sensory notes of Sweet Floral, Muscatel, Honeyed Wood, this blend exhibits an aroma rating of 8.9/10. Specially curated for calm, focused rituals, it offers potent pure organic nutrition, cardiovascular support.",Kashmiri Girda Flatbread with Butter; Crisp Onion & Paneer Pakoras,https://images.unsplash.com/photo-1576092768241-dec231879fc3?auto=format&fit=crop&w=800&q=80
TEA-IN-0113,Silver Needle White Darjeeling Lot #406 '25,Darjeeling (Makaibari),Darjeeling,100% Hand-Picked Camellia Sinensis Single Estate Darjeeling Leaves,Muscatel; Floral; Pine Wood,3.3,7.4,8.0,1.8,10.0,38,3,4,83,2.5g per 200ml (or 1:1 milk-water for Chai),Cellular Protection; Heart Wellness,Calm; Focused; Meditative; Uplifted,Second Flush Summer,1977.0,4.72,324,"An exquisite handcrafted darjeeling harvest from the famed terroirs of Darjeeling (Makaibari). Imbued with prominent sensory notes of Muscatel, Floral, Pine Wood, this blend exhibits an aroma rating of 10.0/10. Specially curated for calm, focused rituals, it offers potent cellular protection, heart wellness.",Poha with Roasted Peanuts; Spicy Bhakarwadi & Mathri,https://images.unsplash.com/photo-1576092768241-dec231879fc3?auto=format&fit=crop&w=800&q=80
TEA-IN-0114,Malty Breakfast Kadak CTC Lot #150 '25,Assam (Mangaldai),Assam,100% High-Grade Assam Whole Leaf & Golden Buds (Camellia Sinensis var. Assamica),Bold Body; Caramel; Woody; Dark Cocoa; Molasses,5.6,3.4,1.8,3.6,7.5,74,0,5,98,2.5g per 200ml (or 1:1 milk-water for Chai),Cardiovascular Support; High Sustained Energy; Metabolic Fire,Energetic; Motivated,Second Flush Summer,1048.0,4.96,203,"An exquisite handcrafted assam harvest from the famed terroirs of Assam (Mangaldai). Imbued with prominent sensory notes of Bold Body, Caramel, Woody, this blend exhibits an aroma rating of 7.5/10. Specially curated for energetic, motivated rituals, it offers potent cardiovascular support, high sustained energy.",Dhokla with Green Chilies; Traditional Osmania Butter Biscuits,https://images.unsplash.com/photo-1514733670139-4d87a1941d55?auto=format&fit=crop&w=800&q=80
TEA-IN-0115,Dhaba Style Kulhad Strong Chai,Kolkata Street Estate,Masala Chai,"Assam CTC Black Tea, Green Cardamom Pods, Crushed Dry Ginger, Ceylon Cinnamon, Cloves, Black Pepper, Star Anise, Saffron",Spicy; Clove (Laung); Creamy; Ginger (Adrak),5.7,7.1,2.4,8.1,9.0,42,22,6,100,2.5g per 200ml (or 1:1 milk-water for Chai),Cold & Cough Relief; Digestive Comfort; Immunity Shield; Instant Warming,Refreshed; Energetic; Comforting,Monsoon Special,718.0,4.54,366,"An exquisite handcrafted masala chai harvest from the famed terroirs of Kolkata Street Estate. Imbued with prominent sensory notes of Spicy, Clove (Laung), Creamy, this blend exhibits an aroma rating of 9.0/10. Specially curated for refreshed, energetic rituals, it offers potent cold & cough relief, digestive comfort.",Kolkata Style Kathi Rolls; Irani Cafe Bun Maska & Chai,https://images.unsplash.com/photo-1571934811356-5cc061b6821f?auto=format&fit=crop&w=800&q=80
TEA-IN-0116,Pink Salted Noon Chai (Sheer Chai) '24,Kashmir (Gulmarg Hills),Kashmir Kahwa,"Kashmiri Green Tea Leaves, Pampore Pure Saffron Strands, Green Cardamom, Cinnamon, Crushed Almond Slivers, Dried Rose Petals",Delicate Green; Cinnamon; Cardamom; Saffron (Kesar),1.0,6.4,8.3,6.0,9.9,29,2,5,80,2.5g per 200ml (or 1:1 milk-water for Chai),Calming Warmth; Stress Relief; Digestive Fire,Refreshed; Meditative; Calm,All Season,1516.0,4.97,101,"An exquisite handcrafted kashmir kahwa harvest from the famed terroirs of Kashmir (Gulmarg Hills). Imbued with prominent sensory notes of Delicate Green, Cinnamon, Cardamom, this blend exhibits an aroma rating of 9.9/10. Specially curated for refreshed, meditative rituals, it offers potent calming warmth, stress relief.",Kolkata Style Kathi Rolls; Irani Cafe Bun Maska & Chai,https://images.unsplash.com/photo-1576092768241-dec231879fc3?auto=format&fit=crop&w=800&q=80
TEA-IN-0117,Coonoor Highland Fragrant Amber Lot #795,Nilgiri (Kotagiri),Nilgiri,100% High-Elevation Nilgiri Camellia Sinensis,Honey; Bright Citrus; Sweet Melon,2.5,7.9,7.8,2.2,9.3,49,1,4,92,2.5g per 200ml (or 1:1 milk-water for Chai),Daily Refreshment; Gentle Alertness,Creative; Focused,Monsoon Special,826.0,4.79,266,"An exquisite handcrafted nilgiri harvest from the famed terroirs of Nilgiri (Kotagiri). Imbued with prominent sensory notes of Honey, Bright Citrus, Sweet Melon, this blend exhibits an aroma rating of 9.3/10. Specially curated for creative, focused rituals, it offers potent daily refreshment, gentle alertness.",Dhokla with Green Chilies; Shrewsbury Butter Biscuits; Kashmiri Girda Flatbread with Butter,https://images.unsplash.com/photo-1546852199-2d8e8c4aa477?auto=format&fit=crop&w=800&q=80
TEA-IN-0118,Chamomile & Shankhpushpi Deep Sleep Lot #672 '26,Himalayan Foothills,Ayurvedic Tisane,"Organic Tulsi (Holy Basil), Ashwagandha Root, Wild Himalayan Turmeric, Brahmi Leaves, Licorice (Mulethi), Fennel Seeds (Saunf), Lemongrass",Herbal; Tulsi Mint; Botanical,0.6,6.6,4.6,5.4,9.2,0,0,6,97,2.5g per 200ml (or 1:1 milk-water for Chai),Cortisol / Stress Reduction; Gut Health & Detox; Joint & Anti-inflammatory; Deep Restful Sleep,Meditative; Cozy,Second Flush Summer,376.0,4.64,354,"An exquisite handcrafted ayurvedic tisane harvest from the famed terroirs of Himalayan Foothills. Imbued with prominent sensory notes of Herbal, Tulsi Mint, Botanical, this blend exhibits an aroma rating of 9.2/10. Specially curated for meditative, cozy rituals, it offers potent cortisol / stress reduction, gut health & detox.",Poha with Roasted Peanuts; Gulab Jamun with Rosewater Syrup; Kolkata Style Kathi Rolls,https://images.unsplash.com/photo-1597481499750-3e6b22637e12?auto=format&fit=crop&w=800&q=80
TEA-IN-0119,Kangra Imperial Green Dragon Lot #671,Himachal Pradesh (Dharamshala),Kangra Valley,100% Certified GI Tagged Kangra Valley Whole Leaf Tea,Floral; Sweet Vegetal; Pine Mist; Nutty,3.1,7.5,8.4,1.5,8.8,36,5,4,82,2.5g per 200ml (or 1:1 milk-water for Chai),Peaceful Focus; Metabolic Balance; Antioxidant Shield,Refreshed; Uplifted; Focused; Calm,Second Flush Summer,1105.0,4.96,169,"An exquisite handcrafted kangra valley harvest from the famed terroirs of Himachal Pradesh (Dharamshala). Imbued with prominent sensory notes of Floral, Sweet Vegetal, Pine Mist, this blend exhibits an aroma rating of 8.8/10. Specially curated for refreshed, uplifted rituals, it offers potent peaceful focus, metabolic balance.",Crisp Hot Samosas with Mint & Tamarind Chutney; Crisp Onion & Paneer Pakoras,https://images.unsplash.com/photo-1563822249548-9a72b6353cd1?auto=format&fit=crop&w=800&q=80
TEA-IN-0120,Temi Estate 100% Organic First Flush Lot #605,"Sikkim (Temi Tea Estate, South Sikkim)",Sikkim Temi,100% Organic Single Estate Temi Leaves,Honeyed Wood; Sweet Floral; Caramel,2.9,7.8,6.8,2.2,8.3,48,3,3,88,2.5g per 200ml (or 1:1 milk-water for Chai),Pure Organic Nutrition; L-Theanine Serenity; Skin Vitality,Meditative; Serene; Focused,Winter Warmth,1572.0,4.87,267,"An exquisite handcrafted sikkim temi harvest from the famed terroirs of Sikkim (Temi Tea Estate, South Sikkim). Imbued with prominent sensory notes of Honeyed Wood, Sweet Floral, Caramel, this blend exhibits an aroma rating of 8.3/10. Specially curated for meditative, serene rituals, it offers potent pure organic nutrition, l-theanine serenity.",Shrewsbury Butter Biscuits; Crisp Hot Samosas with Mint & Tamarind Chutney,https://images.unsplash.com/photo-1546852199-2d8e8c4aa477?auto=format&fit=crop&w=800&q=80
TEA-IN-0121,Castleton Muscatel Supreme Lot #232,Darjeeling (Castle Castleton),Darjeeling,100% Hand-Picked Camellia Sinensis Single Estate Darjeeling Leaves,Citrus Zest; Apricot; Floral; Green Apple,3.1,7.4,8.0,1.8,8.8,45,5,3,84,2.5g per 200ml (or 1:1 milk-water for Chai),Mental Clarity; Gentle Vitality,Refreshed; Uplifted; Meditative; Calm,All Season,1088.0,4.53,364,"An exquisite handcrafted darjeeling harvest from the famed terroirs of Darjeeling (Castle Castleton). Imbued with prominent sensory notes of Citrus Zest, Apricot, Floral, this blend exhibits an aroma rating of 8.8/10. Specially curated for refreshed, uplifted rituals, it offers potent mental clarity, gentle vitality.",Dhokla with Green Chilies; Traditional Osmania Butter Biscuits,https://images.unsplash.com/photo-1576092768241-dec231879fc3?auto=format&fit=crop&w=800&q=80
TEA-IN-0122,Imperial Halmari Single Estate Lot #753,Assam (Sibsagar),Assam,100% High-Grade Assam Whole Leaf & Golden Buds (Camellia Sinensis var. Assamica),Dark Cocoa; Honey; Malty,4.4,4.2,2.4,3.2,8.7,64,5,5,98,2.5g per 200ml (or 1:1 milk-water for Chai),Cardiovascular Support; High Sustained Energy,Uplifted; Focused,Monsoon Special,921.0,4.5,405,"An exquisite handcrafted assam harvest from the famed terroirs of Assam (Sibsagar). Imbued with prominent sensory notes of Dark Cocoa, Honey, Malty, this blend exhibits an aroma rating of 8.7/10. Specially curated for uplifted, focused rituals, it offers potent cardiovascular support, high sustained energy.",Poha with Roasted Peanuts; Warm Cardamom Nankhatai; Irani Cafe Bun Maska & Chai,https://images.unsplash.com/photo-1514733670139-4d87a1941d55?auto=format&fit=crop&w=800&q=80
TEA-IN-0123,Authentic Mumbai Cutting Masala Chai Lot #205 '26,Kolkata Street Estate,Masala Chai,"Assam CTC Black Tea, Green Cardamom Pods, Crushed Dry Ginger, Ceylon Cinnamon, Cloves, Black Pepper, Star Anise, Saffron",Ginger (Adrak); Peppery; Cinnamon (Dalchini); Creamy; Spicy,5.2,7.9,3.2,8.9,9.2,63,59,5,100,2.5g per 200ml (or 1:1 milk-water for Chai),Cold & Cough Relief; Digestive Comfort; Immunity Shield; Anti-inflammatory,Refreshed; Uplifted,Second Flush Summer,664.0,4.67,328,"An exquisite handcrafted masala chai harvest from the famed terroirs of Kolkata Street Estate. Imbued with prominent sensory notes of Ginger (Adrak), Peppery, Cinnamon (Dalchini), this blend exhibits an aroma rating of 9.2/10. Specially curated for refreshed, uplifted rituals, it offers potent cold & cough relief, digestive comfort.",Poha with Roasted Peanuts; Kashmiri Girda Flatbread with Butter,https://images.unsplash.com/photo-1544787219-7f47ccb76574?auto=format&fit=crop&w=800&q=80
TEA-IN-0124,Rose Petal & Kashmiri Cardamom Kahwa Lot #800,Kashmir (Pampore Saffron Fields),Kashmir Kahwa,"Kashmiri Green Tea Leaves, Pampore Pure Saffron Strands, Green Cardamom, Cinnamon, Crushed Almond Slivers, Dried Rose Petals",Cardamom; Cinnamon; Sweet Almond,2.9,8.2,6.4,5.1,9.3,18,1,5,82,2.5g per 200ml (or 1:1 milk-water for Chai),Stress Relief; Immunity Boost,Refreshed; Relaxed; Meditative; Cozy,Winter Warmth,807.0,4.43,54,"An exquisite handcrafted kashmir kahwa harvest from the famed terroirs of Kashmir (Pampore Saffron Fields). Imbued with prominent sensory notes of Cardamom, Cinnamon, Sweet Almond, this blend exhibits an aroma rating of 9.3/10. Specially curated for refreshed, relaxed rituals, it offers potent stress relief, immunity boost.",Kashmiri Girda Flatbread with Butter; Crisp Onion & Paneer Pakoras,https://images.unsplash.com/photo-1576092768241-dec231879fc3?auto=format&fit=crop&w=800&q=80
TEA-IN-0125,Coonoor Highland Fragrant Amber,Nilgiri (Kotagiri),Nilgiri,100% High-Elevation Nilgiri Camellia Sinensis,Floral; Light Malt; Honey; Bright Citrus; Crisp Fruit,1.5,6.8,7.1,0.9,9.1,45,4,3,86,2.5g per 200ml (or 1:1 milk-water for Chai),Antioxidant Rich; Heart Health; Daily Refreshment; Weight Balance,Calm; Creative; Refreshed,Autumnal Harvest,397.0,4.91,118,"An exquisite handcrafted nilgiri harvest from the famed terroirs of Nilgiri (Kotagiri). Imbued with prominent sensory notes of Floral, Light Malt, Honey, this blend exhibits an aroma rating of 9.1/10. Specially curated for calm, creative rituals, it offers potent antioxidant rich, heart health.",Shrewsbury Butter Biscuits; Kashmiri Girda Flatbread with Butter; Gulab Jamun with Rosewater Syrup,https://images.unsplash.com/photo-1546852199-2d8e8c4aa477?auto=format&fit=crop&w=800&q=80
TEA-IN-0126,Ashwagandha Stress Relief Golden Elixir '26,Kerala (Western Ghats),Ayurvedic Tisane,"Organic Tulsi (Holy Basil), Ashwagandha Root, Wild Himalayan Turmeric, Brahmi Leaves, Licorice (Mulethi), Fennel Seeds (Saunf), Lemongrass",Sweet Earthy; Herbal; Fennel Sweetness; Cooling; Botanical,1.8,6.5,4.8,4.5,7.9,0,0,5,99,2.5g per 200ml (or 1:1 milk-water for Chai),Cortisol / Stress Reduction; Gut Health & Detox; Immunity Fortification,Calm; Relaxed,First Flush Spring,892.0,4.58,250,"An exquisite handcrafted ayurvedic tisane harvest from the famed terroirs of Kerala (Western Ghats). Imbued with prominent sensory notes of Sweet Earthy, Herbal, Fennel Sweetness, this blend exhibits an aroma rating of 7.9/10. Specially curated for calm, relaxed rituals, it offers potent cortisol / stress reduction, gut health & detox.",Dhokla with Green Chilies; Shrewsbury Butter Biscuits; Kolkata Style Kathi Rolls,https://images.unsplash.com/photo-1544787219-7f47ccb76574?auto=format&fit=crop&w=800&q=80
TEA-IN-0127,Himalayan Cedar Scented Kangra '26,Himachal Pradesh (Dharamshala),Kangra Valley,100% Certified GI Tagged Kangra Valley Whole Leaf Tea,Mellow Green; Sweet Vegetal; Pine Mist; Nutty,1.0,7.3,5.2,1.6,7.1,41,2,4,76,2.5g per 200ml (or 1:1 milk-water for Chai),Antioxidant Shield; Metabolic Balance; Peaceful Focus,Calm; Meditative,Winter Warmth,650.0,4.73,172,"An exquisite handcrafted kangra valley harvest from the famed terroirs of Himachal Pradesh (Dharamshala). Imbued with prominent sensory notes of Mellow Green, Sweet Vegetal, Pine Mist, this blend exhibits an aroma rating of 7.1/10. Specially curated for calm, meditative rituals, it offers potent antioxidant shield, metabolic balance.",Spicy Bhakarwadi & Mathri; Irani Cafe Bun Maska & Chai,https://images.unsplash.com/photo-1563822249548-9a72b6353cd1?auto=format&fit=crop&w=800&q=80
TEA-IN-0128,Temi Estate 100% Organic First Flush,"Sikkim (Temi Tea Estate, South Sikkim)",Sikkim Temi,100% Organic Single Estate Temi Leaves,Sweet Floral; Honeyed Wood; Caramel; Muscatel; Gentle Spice,2.7,7.3,8.9,1.6,9.1,48,2,3,88,2.5g per 200ml (or 1:1 milk-water for Chai),Cardiovascular Support; Pure Organic Nutrition; L-Theanine Serenity; Skin Vitality,Calm; Refreshed; Focused; Serene,Monsoon Special,751.0,4.43,317,"An exquisite handcrafted sikkim temi harvest from the famed terroirs of Sikkim (Temi Tea Estate, South Sikkim). Imbued with prominent sensory notes of Sweet Floral, Honeyed Wood, Caramel, this blend exhibits an aroma rating of 9.1/10. Specially curated for calm, refreshed rituals, it offers potent cardiovascular support, pure organic nutrition.",Poha with Roasted Peanuts; Warm Cardamom Nankhatai,https://images.unsplash.com/photo-1576092768241-dec231879fc3?auto=format&fit=crop&w=800&q=80
TEA-IN-0129,Vintage Muscatel Wonder '24,Darjeeling (Margaret's Hope),Darjeeling,100% Hand-Picked Camellia Sinensis Single Estate Darjeeling Leaves,Floral; Citrus Zest; Apricot; Pine Wood; Green Apple,2.2,5.3,7.6,1.2,8.7,46,5,3,89,2.5g per 200ml (or 1:1 milk-water for Chai),Mental Clarity; Heart Wellness,Refreshed; Meditative,Autumnal Harvest,1406.0,4.54,176,"An exquisite handcrafted darjeeling harvest from the famed terroirs of Darjeeling (Margaret's Hope). Imbued with prominent sensory notes of Floral, Citrus Zest, Apricot, this blend exhibits an aroma rating of 8.7/10. Specially curated for refreshed, meditative rituals, it offers potent mental clarity, heart wellness.",Poha with Roasted Peanuts; Crisp Onion & Paneer Pakoras; Irani Cafe Bun Maska & Chai,https://images.unsplash.com/photo-1594631252845-29fc4cc8cde9?auto=format&fit=crop&w=800&q=80
TEA-IN-0130,Assam Tippy Golden Flowery Orange Pekoe '25,Assam (Upper Brahmaputra Valley),Assam,100% High-Grade Assam Whole Leaf & Golden Buds (Camellia Sinensis var. Assamica),Honey; Toasted Grain; Woody; Malty; Molasses,7.0,3.5,2.6,2.3,9.2,52,0,4,99,2.5g per 200ml (or 1:1 milk-water for Chai),Immune Strength; Cardiovascular Support; High Sustained Energy; Metabolic Fire,Energetic; Motivated; Cozy; Uplifted,All Season,1071.0,4.39,276,"An exquisite handcrafted assam harvest from the famed terroirs of Assam (Upper Brahmaputra Valley). Imbued with prominent sensory notes of Honey, Toasted Grain, Woody, this blend exhibits an aroma rating of 9.2/10. Specially curated for energetic, motivated rituals, it offers potent immune strength, cardiovascular support.",Dhokla with Green Chilies; Spicy Bhakarwadi & Mathri; Traditional Osmania Butter Biscuits,https://images.unsplash.com/photo-1514733670139-4d87a1941d55?auto=format&fit=crop&w=800&q=80
TEA-IN-0131,Royal Elaichi & Kesar Rich Chai,Rajasthan Royal Palace,Masala Chai,"Assam CTC Black Tea, Green Cardamom Pods, Crushed Dry Ginger, Ceylon Cinnamon, Cloves, Black Pepper, Star Anise, Saffron",Ginger (Adrak); Peppery; Cinnamon (Dalchini); Creamy; Sweet Heat,3.7,8.3,3.9,9.2,9.8,44,25,4,99,2.5g per 200ml (or 1:1 milk-water for Chai),Anti-inflammatory; Instant Warming,Energetic; Cozy,Winter Warmth,748.0,4.55,260,"An exquisite handcrafted masala chai harvest from the famed terroirs of Rajasthan Royal Palace. Imbued with prominent sensory notes of Ginger (Adrak), Peppery, Cinnamon (Dalchini), this blend exhibits an aroma rating of 9.8/10. Specially curated for energetic, cozy rituals, it offers potent anti-inflammatory, instant warming.",Kashmiri Girda Flatbread with Butter; Crisp Hot Samosas with Mint & Tamarind Chutney; Traditional Osmania Butter Biscuits,https://images.unsplash.com/photo-1571934811356-5cc061b6821f?auto=format&fit=crop&w=800&q=80
TEA-IN-0132,Royal Kashmiri Saffron Almond Kahwa Lot #432,Kashmir (Srinagar Valley),Kashmir Kahwa,"Kashmiri Green Tea Leaves, Pampore Pure Saffron Strands, Green Cardamom, Cinnamon, Crushed Almond Slivers, Dried Rose Petals",Cinnamon; Saffron (Kesar); Floral Honey; Nutty,2.9,7.9,7.0,7.2,9.6,23,3,5,83,2.5g per 200ml (or 1:1 milk-water for Chai),Calming Warmth; Stress Relief; Digestive Fire,Refreshed; Meditative; Calm,Autumnal Harvest,731.0,4.35,349,"An exquisite handcrafted kashmir kahwa harvest from the famed terroirs of Kashmir (Srinagar Valley). Imbued with prominent sensory notes of Cinnamon, Saffron (Kesar), Floral Honey, this blend exhibits an aroma rating of 9.6/10. Specially curated for refreshed, meditative rituals, it offers potent calming warmth, stress relief.",Shrewsbury Butter Biscuits; Irani Cafe Bun Maska & Chai,https://images.unsplash.com/photo-1563822249548-9a72b6353cd1?auto=format&fit=crop&w=800&q=80
TEA-IN-0133,High Altitude Floral White Nilgiri,Nilgiri (Coonoor),Nilgiri,100% High-Elevation Nilgiri Camellia Sinensis,Floral; Light Malt; Honey; Bright Citrus; Plum,2.8,6.3,6.7,2.1,9.1,44,3,4,88,2.5g per 200ml (or 1:1 milk-water for Chai),Weight Balance; Gentle Alertness,Refreshed; Creative,Second Flush Summer,1365.0,4.65,227,"An exquisite handcrafted nilgiri harvest from the famed terroirs of Nilgiri (Coonoor). Imbued with prominent sensory notes of Floral, Light Malt, Honey, this blend exhibits an aroma rating of 9.1/10. Specially curated for refreshed, creative rituals, it offers potent weight balance, gentle alertness.",Crisp Hot Samosas with Mint & Tamarind Chutney; Irani Cafe Bun Maska & Chai,https://images.unsplash.com/photo-1597481499750-3e6b22637e12?auto=format&fit=crop&w=800&q=80
TEA-IN-0134,Moringa & Lemongrass Detox Flush '25,Kerala (Western Ghats),Ayurvedic Tisane,"Organic Tulsi (Holy Basil), Ashwagandha Root, Wild Himalayan Turmeric, Brahmi Leaves, Licorice (Mulethi), Fennel Seeds (Saunf), Lemongrass",Warm Ginger; Sweet Earthy; Woody; Botanical; Tulsi Mint,2.7,4.7,7.3,4.4,9.1,0,1,7,100,2.5g per 200ml (or 1:1 milk-water for Chai),Cortisol / Stress Reduction; Gut Health & Detox; Joint & Anti-inflammatory; Deep Restful Sleep,Calm; Relaxed; Meditative,All Season,572.0,4.4,69,"An exquisite handcrafted ayurvedic tisane harvest from the famed terroirs of Kerala (Western Ghats). Imbued with prominent sensory notes of Warm Ginger, Sweet Earthy, Woody, this blend exhibits an aroma rating of 9.1/10. Specially curated for calm, relaxed rituals, it offers potent cortisol / stress reduction, gut health & detox.",Shrewsbury Butter Biscuits; Kashmiri Girda Flatbread with Butter,https://images.unsplash.com/photo-1597481499750-3e6b22637e12?auto=format&fit=crop&w=800&q=80
TEA-IN-0135,Himalayan Cedar Scented Kangra Lot #999 '26,Himachal Pradesh (Palampur),Kangra Valley,100% Certified GI Tagged Kangra Valley Whole Leaf Tea,Floral; Roasted Corn; Sweet Vegetal; Pine Mist; Nutty,2.9,5.7,7.3,1.9,8.1,25,5,4,81,2.5g per 200ml (or 1:1 milk-water for Chai),Antioxidant Shield; Peaceful Focus,Uplifted; Meditative; Focused,First Flush Spring,1173.0,4.36,326,"An exquisite handcrafted kangra valley harvest from the famed terroirs of Himachal Pradesh (Palampur). Imbued with prominent sensory notes of Floral, Roasted Corn, Sweet Vegetal, this blend exhibits an aroma rating of 8.1/10. Specially curated for uplifted, meditative rituals, it offers potent antioxidant shield, peaceful focus.",Gulab Jamun with Rosewater Syrup; Warm Cardamom Nankhatai,https://images.unsplash.com/photo-1563822249548-9a72b6353cd1?auto=format&fit=crop&w=800&q=80
TEA-IN-0136,Sikkim Royal Orthodox Muscatel '24,"Sikkim (Temi Tea Estate, South Sikkim)",Sikkim Temi,100% Organic Single Estate Temi Leaves,Honeyed Wood; Muscatel; Gentle Spice; Caramel,2.7,6.3,6.5,2.3,9.0,36,2,3,86,2.5g per 200ml (or 1:1 milk-water for Chai),Cardiovascular Support; Pure Organic Nutrition; L-Theanine Serenity; Skin Vitality,Refreshed; Meditative; Serene; Focused,Winter Warmth,1031.0,4.97,315,"An exquisite handcrafted sikkim temi harvest from the famed terroirs of Sikkim (Temi Tea Estate, South Sikkim). Imbued with prominent sensory notes of Honeyed Wood, Muscatel, Gentle Spice, this blend exhibits an aroma rating of 9.0/10. Specially curated for refreshed, meditative rituals, it offers potent cardiovascular support, pure organic nutrition.",Shrewsbury Butter Biscuits; Crisp Onion & Paneer Pakoras,https://images.unsplash.com/photo-1576092768241-dec231879fc3?auto=format&fit=crop&w=800&q=80
TEA-IN-0137,Misty Mountain Bio-Dynamic First Flush '24,Darjeeling (Goomtee),Darjeeling,100% Hand-Picked Camellia Sinensis Single Estate Darjeeling Leaves,Muscatel; Honeysuckle; Floral; Pine Wood,3.4,6.8,9.1,0.7,8.4,40,2,3,82,2.5g per 200ml (or 1:1 milk-water for Chai),High Antioxidants; Cellular Protection; Gentle Vitality,Refreshed; Focused,All Season,1261.0,4.97,334,"An exquisite handcrafted darjeeling harvest from the famed terroirs of Darjeeling (Goomtee). Imbued with prominent sensory notes of Muscatel, Honeysuckle, Floral, this blend exhibits an aroma rating of 8.4/10. Specially curated for refreshed, focused rituals, it offers potent high antioxidants, cellular protection.",Dhokla with Green Chilies; Crisp Hot Samosas with Mint & Tamarind Chutney; Kolkata Style Kathi Rolls,https://images.unsplash.com/photo-1546852199-2d8e8c4aa477?auto=format&fit=crop&w=800&q=80
TEA-IN-0138,Assam Tippy Golden Flowery Orange Pekoe Lot #712,Assam (Dibrugarh),Assam,100% High-Grade Assam Whole Leaf & Golden Buds (Camellia Sinensis var. Assamica),Honey; Molasses; Dark Cocoa,6.7,3.6,2.5,1.5,9.1,82,4,5,96,2.5g per 200ml (or 1:1 milk-water for Chai),Digestive Power; Cardiovascular Support; High Sustained Energy; Immune Strength,Energetic; Uplifted,Autumnal Harvest,827.0,4.65,397,"An exquisite handcrafted assam harvest from the famed terroirs of Assam (Dibrugarh). Imbued with prominent sensory notes of Honey, Molasses, Dark Cocoa, this blend exhibits an aroma rating of 9.1/10. Specially curated for energetic, uplifted rituals, it offers potent digestive power, cardiovascular support.",Poha with Roasted Peanuts; Spicy Bhakarwadi & Mathri; Crisp Onion & Paneer Pakoras,https://images.unsplash.com/photo-1514733670139-4d87a1941d55?auto=format&fit=crop&w=800&q=80
TEA-IN-0139,Royal Elaichi & Kesar Rich Chai Lot #844 '26,Assam & Kerala Spice Hills,Masala Chai,"Assam CTC Black Tea, Green Cardamom Pods, Crushed Dry Ginger, Ceylon Cinnamon, Cloves, Black Pepper, Star Anise, Saffron",Clove (Laung); Creamy; Spicy,4.0,8.3,1.8,9.0,9.2,67,51,4,97,2.5g per 200ml (or 1:1 milk-water for Chai),Cold & Cough Relief; Digestive Comfort; Immunity Shield; Anti-inflammatory,Refreshed; Energetic; Uplifted; Comforting,Second Flush Summer,778.0,4.61,255,"An exquisite handcrafted masala chai harvest from the famed terroirs of Assam & Kerala Spice Hills. Imbued with prominent sensory notes of Clove (Laung), Creamy, Spicy, this blend exhibits an aroma rating of 9.2/10. Specially curated for refreshed, energetic rituals, it offers potent cold & cough relief, digestive comfort.",Dhokla with Green Chilies; Gulab Jamun with Rosewater Syrup; Traditional Osmania Butter Biscuits,https://images.unsplash.com/photo-1544787219-7f47ccb76574?auto=format&fit=crop&w=800&q=80
TEA-IN-0140,Zaffran Emerald Heritage Brew,Kashmir (Srinagar Valley),Kashmir Kahwa,"Kashmiri Green Tea Leaves, Pampore Pure Saffron Strands, Green Cardamom, Cinnamon, Crushed Almond Slivers, Dried Rose Petals",Cardamom; Cinnamon; Sweet Almond; Saffron (Kesar),2.6,6.7,8.5,7.4,9.4,20,4,3,85,2.5g per 200ml (or 1:1 milk-water for Chai),Calming Warmth; Digestive Fire; Skin Glow & Radiance; Immunity Boost,Calm; Relaxed; Meditative,Autumnal Harvest,1531.0,4.46,143,"An exquisite handcrafted kashmir kahwa harvest from the famed terroirs of Kashmir (Srinagar Valley). Imbued with prominent sensory notes of Cardamom, Cinnamon, Sweet Almond, this blend exhibits an aroma rating of 9.4/10. Specially curated for calm, relaxed rituals, it offers potent calming warmth, digestive fire.",Poha with Roasted Peanuts; Traditional Osmania Butter Biscuits; Irani Cafe Bun Maska & Chai,https://images.unsplash.com/photo-1563822249548-9a72b6353cd1?auto=format&fit=crop&w=800&q=80
TEA-IN-0141,High Altitude Floral White Nilgiri,Nilgiri (Coonoor),Nilgiri,100% High-Elevation Nilgiri Camellia Sinensis,Honey; Crisp Fruit; Sweet Melon,2.5,6.4,6.3,2.3,9.0,48,4,3,93,2.5g per 200ml (or 1:1 milk-water for Chai),Weight Balance; Heart Health; Daily Refreshment; Gentle Alertness,Calm; Creative; Focused,Monsoon Special,928.0,4.59,296,"An exquisite handcrafted nilgiri harvest from the famed terroirs of Nilgiri (Coonoor). Imbued with prominent sensory notes of Honey, Crisp Fruit, Sweet Melon, this blend exhibits an aroma rating of 9.0/10. Specially curated for calm, creative rituals, it offers potent weight balance, heart health.",Dhokla with Green Chilies; Irani Cafe Bun Maska & Chai,https://images.unsplash.com/photo-1597481499750-3e6b22637e12?auto=format&fit=crop&w=800&q=80
TEA-IN-0142,Triphala & Fennel Digestive Nectar Lot #895,Uttarakhand Sacred Valleys,Ayurvedic Tisane,"Organic Tulsi (Holy Basil), Ashwagandha Root, Wild Himalayan Turmeric, Brahmi Leaves, Licorice (Mulethi), Fennel Seeds (Saunf), Lemongrass",Cooling; Sweet Earthy; Woody; Tulsi Mint,2.9,6.8,5.8,4.8,7.5,0,4,5,97,2.5g per 200ml (or 1:1 milk-water for Chai),Gut Health & Detox; Immunity Fortification,Calm; Soothing; Relaxed; Cozy,Second Flush Summer,855.0,4.49,112,"An exquisite handcrafted ayurvedic tisane harvest from the famed terroirs of Uttarakhand Sacred Valleys. Imbued with prominent sensory notes of Cooling, Sweet Earthy, Woody, this blend exhibits an aroma rating of 7.5/10. Specially curated for calm, soothing rituals, it offers potent gut health & detox, immunity fortification.",Spicy Bhakarwadi & Mathri; Crisp Onion & Paneer Pakoras; Traditional Osmania Butter Biscuits,https://images.unsplash.com/photo-1597481499750-3e6b22637e12?auto=format&fit=crop&w=800&q=80
TEA-IN-0143,Snow Mist Kangra First Flush,Himachal Pradesh (Palampur),Kangra Valley,100% Certified GI Tagged Kangra Valley Whole Leaf Tea,Mellow Green; Floral; Sweet Vegetal,1.7,6.1,6.5,1.1,7.3,44,1,3,75,2.5g per 200ml (or 1:1 milk-water for Chai),Peaceful Focus; Digestive Ease; Metabolic Balance; Antioxidant Shield,Uplifted; Meditative; Focused,Monsoon Special,582.0,4.47,449,"An exquisite handcrafted kangra valley harvest from the famed terroirs of Himachal Pradesh (Palampur). Imbued with prominent sensory notes of Mellow Green, Floral, Sweet Vegetal, this blend exhibits an aroma rating of 7.3/10. Specially curated for uplifted, meditative rituals, it offers potent peaceful focus, digestive ease.",Kashmiri Girda Flatbread with Butter; Irani Cafe Bun Maska & Chai,https://images.unsplash.com/photo-1576092768241-dec231879fc3?auto=format&fit=crop&w=800&q=80
TEA-IN-0144,High Altitude Cloud Pluck Temi Red,Sikkim (Ravangla Highlands),Sikkim Temi,100% Organic Single Estate Temi Leaves,Honeyed Wood; Peach; Caramel; Muscatel; Gentle Spice,2.6,8.0,7.4,1.8,8.5,43,4,3,89,2.5g per 200ml (or 1:1 milk-water for Chai),Cardiovascular Support; L-Theanine Serenity; Skin Vitality,Refreshed; Meditative,All Season,1419.0,4.53,343,"An exquisite handcrafted sikkim temi harvest from the famed terroirs of Sikkim (Ravangla Highlands). Imbued with prominent sensory notes of Honeyed Wood, Peach, Caramel, this blend exhibits an aroma rating of 8.5/10. Specially curated for refreshed, meditative rituals, it offers potent cardiovascular support, l-theanine serenity.",Poha with Roasted Peanuts; Kashmiri Girda Flatbread with Butter; Irani Cafe Bun Maska & Chai,https://images.unsplash.com/photo-1576092768241-dec231879fc3?auto=format&fit=crop&w=800&q=80
TEA-IN-0145,Second Flush Muscatel Gold,Darjeeling (Makaibari),Darjeeling,100% Hand-Picked Camellia Sinensis Single Estate Darjeeling Leaves,Muscatel; Green Apple; Pine Wood,2.3,6.2,7.8,1.5,8.5,41,2,4,86,2.5g per 200ml (or 1:1 milk-water for Chai),Mental Clarity; Heart Wellness,Calm; Focused; Meditative; Uplifted,Autumnal Harvest,1565.0,4.32,223,"An exquisite handcrafted darjeeling harvest from the famed terroirs of Darjeeling (Makaibari). Imbued with prominent sensory notes of Muscatel, Green Apple, Pine Wood, this blend exhibits an aroma rating of 8.5/10. Specially curated for calm, focused rituals, it offers potent mental clarity, heart wellness.",Kashmiri Girda Flatbread with Butter; Kolkata Style Kathi Rolls,https://images.unsplash.com/photo-1546852199-2d8e8c4aa477?auto=format&fit=crop&w=800&q=80
TEA-IN-0146,Malty Breakfast Kadak CTC,Assam (Upper Brahmaputra Valley),Assam,100% High-Grade Assam Whole Leaf & Golden Buds (Camellia Sinensis var. Assamica),Caramel; Woody; Toasted Grain,6.3,6.1,1.9,2.2,7.7,71,1,4,95,2.5g per 200ml (or 1:1 milk-water for Chai),Digestive Power; Cardiovascular Support; Immune Strength,Focused; Cozy; Uplifted,Autumnal Harvest,771.0,4.73,178,"An exquisite handcrafted assam harvest from the famed terroirs of Assam (Upper Brahmaputra Valley). Imbued with prominent sensory notes of Caramel, Woody, Toasted Grain, this blend exhibits an aroma rating of 7.7/10. Specially curated for focused, cozy rituals, it offers potent digestive power, cardiovascular support.",Poha with Roasted Peanuts; Dhokla with Green Chilies; Kashmiri Girda Flatbread with Butter,https://images.unsplash.com/photo-1571934811356-5cc061b6821f?auto=format&fit=crop&w=800&q=80
TEA-IN-0147,Caramelized Jaggery (Gur) Spiced Chai,Delhi Old Quarter,Masala Chai,"Assam CTC Black Tea, Green Cardamom Pods, Crushed Dry Ginger, Ceylon Cinnamon, Cloves, Black Pepper, Star Anise, Saffron",Cinnamon (Dalchini); Creamy; Spicy; Peppery,3.9,5.9,1.5,7.5,9.5,62,23,5,97,2.5g per 200ml (or 1:1 milk-water for Chai),Anti-inflammatory; Immunity Shield; Instant Warming,Refreshed; Energetic; Cozy; Comforting,Autumnal Harvest,466.0,4.41,397,"An exquisite handcrafted masala chai harvest from the famed terroirs of Delhi Old Quarter. Imbued with prominent sensory notes of Cinnamon (Dalchini), Creamy, Spicy, this blend exhibits an aroma rating of 9.5/10. Specially curated for refreshed, energetic rituals, it offers potent anti-inflammatory, immunity shield.",Shrewsbury Butter Biscuits; Spicy Bhakarwadi & Mathri,https://images.unsplash.com/photo-1571934811356-5cc061b6821f?auto=format&fit=crop&w=800&q=80
TEA-IN-0148,Pink Salted Noon Chai (Sheer Chai),Kashmir (Srinagar Valley),Kashmir Kahwa,"Kashmiri Green Tea Leaves, Pampore Pure Saffron Strands, Green Cardamom, Cinnamon, Crushed Almond Slivers, Dried Rose Petals",Cardamom; Nutty; Delicate Green; Saffron (Kesar),1.5,8.3,9.2,7.4,9.7,19,5,5,82,2.5g per 200ml (or 1:1 milk-water for Chai),Digestive Fire; Skin Glow & Radiance; Immunity Boost,Refreshed; Relaxed; Meditative,Winter Warmth,530.0,4.96,164,"An exquisite handcrafted kashmir kahwa harvest from the famed terroirs of Kashmir (Srinagar Valley). Imbued with prominent sensory notes of Cardamom, Nutty, Delicate Green, this blend exhibits an aroma rating of 9.7/10. Specially curated for refreshed, relaxed rituals, it offers potent digestive fire, skin glow & radiance.",Kashmiri Girda Flatbread with Butter; Crisp Hot Samosas with Mint & Tamarind Chutney; Irani Cafe Bun Maska & Chai,https://images.unsplash.com/photo-1563822249548-9a72b6353cd1?auto=format&fit=crop&w=800&q=80
TEA-IN-0149,Nilgiri Golden Needle Rare Estate Lot #339,Nilgiri (Kotagiri),Nilgiri,100% High-Elevation Nilgiri Camellia Sinensis,Bright Citrus; Floral; Sweet Melon,1.0,6.5,7.3,2.1,8.7,42,5,3,90,2.5g per 200ml (or 1:1 milk-water for Chai),Heart Health; Antioxidant Rich; Daily Refreshment,Creative; Focused; Uplifted,Autumnal Harvest,1198.0,4.6,397,"An exquisite handcrafted nilgiri harvest from the famed terroirs of Nilgiri (Kotagiri). Imbued with prominent sensory notes of Bright Citrus, Floral, Sweet Melon, this blend exhibits an aroma rating of 8.7/10. Specially curated for creative, focused rituals, it offers potent heart health, antioxidant rich.",Crisp Hot Samosas with Mint & Tamarind Chutney; Kolkata Style Kathi Rolls; Traditional Osmania Butter Biscuits,https://images.unsplash.com/photo-1597481499750-3e6b22637e12?auto=format&fit=crop&w=800&q=80
TEA-IN-0150,Brahmi & Shankhpushpi Memory Tonic Lot #197,Uttarakhand Sacred Valleys,Ayurvedic Tisane,"Organic Tulsi (Holy Basil), Ashwagandha Root, Wild Himalayan Turmeric, Brahmi Leaves, Licorice (Mulethi), Fennel Seeds (Saunf), Lemongrass",Warm Ginger; Sweet Earthy; Fennel Sweetness; Cooling; Tulsi Mint,3.0,5.9,6.7,3.2,8.1,0,0,7,99,2.5g per 200ml (or 1:1 milk-water for Chai),Cortisol / Stress Reduction; Joint & Anti-inflammatory; Deep Restful Sleep,Soothing; Meditative,Winter Warmth,377.0,4.84,24,"An exquisite handcrafted ayurvedic tisane harvest from the famed terroirs of Uttarakhand Sacred Valleys. Imbued with prominent sensory notes of Warm Ginger, Sweet Earthy, Fennel Sweetness, this blend exhibits an aroma rating of 8.1/10. Specially curated for soothing, meditative rituals, it offers potent cortisol / stress reduction, joint & anti-inflammatory.",Warm Cardamom Nankhatai; Irani Cafe Bun Maska & Chai,https://images.unsplash.com/photo-1597481499750-3e6b22637e12?auto=format&fit=crop&w=800&q=80
TEA-IN-0151,Snow Mist Kangra First Flush Lot #711,Himachal Pradesh (Palampur),Kangra Valley,100% Certified GI Tagged Kangra Valley Whole Leaf Tea,Mellow Green; Floral; Sweet Vegetal; Nutty,2.9,6.1,6.7,1.5,7.7,44,5,2,75,2.5g per 200ml (or 1:1 milk-water for Chai),Digestive Ease; Metabolic Balance; Peaceful Focus,Refreshed; Uplifted; Focused; Calm,Second Flush Summer,1015.0,4.47,40,"An exquisite handcrafted kangra valley harvest from the famed terroirs of Himachal Pradesh (Palampur). Imbued with prominent sensory notes of Mellow Green, Floral, Sweet Vegetal, this blend exhibits an aroma rating of 7.7/10. Specially curated for refreshed, uplifted rituals, it offers potent digestive ease, metabolic balance.",Kashmiri Girda Flatbread with Butter; Spicy Bhakarwadi & Mathri,https://images.unsplash.com/photo-1563822249548-9a72b6353cd1?auto=format&fit=crop&w=800&q=80
TEA-IN-0152,High Altitude Cloud Pluck Temi Red Lot #602,Sikkim (Ravangla Highlands),Sikkim Temi,100% Organic Single Estate Temi Leaves,Honeyed Wood; Peach; Caramel; Muscatel; Gentle Spice,1.9,6.9,8.3,1.6,9.2,48,4,3,85,2.5g per 200ml (or 1:1 milk-water for Chai),Cardiovascular Support; Pure Organic Nutrition; L-Theanine Serenity,Calm; Refreshed; Focused; Serene,All Season,1611.0,4.86,117,"An exquisite handcrafted sikkim temi harvest from the famed terroirs of Sikkim (Ravangla Highlands). Imbued with prominent sensory notes of Honeyed Wood, Peach, Caramel, this blend exhibits an aroma rating of 9.2/10. Specially curated for calm, refreshed rituals, it offers potent cardiovascular support, pure organic nutrition.",Crisp Onion & Paneer Pakoras; Kolkata Style Kathi Rolls,https://images.unsplash.com/photo-1576092768241-dec231879fc3?auto=format&fit=crop&w=800&q=80
TEA-IN-0153,High Elevation Queen of Teas Lot #431,Darjeeling (Castle Castleton),Darjeeling,100% Hand-Picked Camellia Sinensis Single Estate Darjeeling Leaves,Muscatel; Honey; Apricot; Pine Wood,2.3,5.4,9.0,0.6,9.9,34,0,3,81,2.5g per 200ml (or 1:1 milk-water for Chai),Mental Clarity; Cellular Protection; Gentle Vitality; Heart Wellness,Refreshed; Focused,All Season,1459.0,4.91,60,"An exquisite handcrafted darjeeling harvest from the famed terroirs of Darjeeling (Castle Castleton). Imbued with prominent sensory notes of Muscatel, Honey, Apricot, this blend exhibits an aroma rating of 9.9/10. Specially curated for refreshed, focused rituals, it offers potent mental clarity, cellular protection.",Crisp Hot Samosas with Mint & Tamarind Chutney; Traditional Osmania Butter Biscuits,https://images.unsplash.com/photo-1594631252845-29fc4cc8cde9?auto=format&fit=crop&w=800&q=80
TEA-IN-0154,Golden Tips Extra Special Orthodox Lot #526 '26,Assam (Dibrugarh),Assam,100% High-Grade Assam Whole Leaf & Golden Buds (Camellia Sinensis var. Assamica),Honey; Bold Body; Toasted Grain; Dark Cocoa; Molasses,4.2,5.2,2.6,3.7,9.1,52,1,4,95,2.5g per 200ml (or 1:1 milk-water for Chai),Digestive Power; Immune Strength; Cardiovascular Support; Metabolic Fire,Energetic; Uplifted; Motivated; Focused,Winter Warmth,661.0,4.53,100,"An exquisite handcrafted assam harvest from the famed terroirs of Assam (Dibrugarh). Imbued with prominent sensory notes of Honey, Bold Body, Toasted Grain, this blend exhibits an aroma rating of 9.1/10. Specially curated for energetic, uplifted rituals, it offers potent digestive power, immune strength.",Poha with Roasted Peanuts; Kolkata Style Kathi Rolls; Irani Cafe Bun Maska & Chai,https://images.unsplash.com/photo-1514733670139-4d87a1941d55?auto=format&fit=crop&w=800&q=80
TEA-IN-0155,Caramelized Jaggery (Gur) Spiced Chai Lot #664 '25,Kolkata Street Estate,Masala Chai,"Assam CTC Black Tea, Green Cardamom Pods, Crushed Dry Ginger, Ceylon Cinnamon, Cloves, Black Pepper, Star Anise, Saffron",Peppery; Ginger (Adrak); Cinnamon (Dalchini); Sweet Heat; Clove (Laung),5.5,5.9,2.9,9.6,9.3,47,49,4,98,2.5g per 200ml (or 1:1 milk-water for Chai),Digestive Comfort; Immunity Shield,Refreshed; Uplifted; Comforting; Cozy,Monsoon Special,673.0,4.94,441,"An exquisite handcrafted masala chai harvest from the famed terroirs of Kolkata Street Estate. Imbued with prominent sensory notes of Peppery, Ginger (Adrak), Cinnamon (Dalchini), this blend exhibits an aroma rating of 9.3/10. Specially curated for refreshed, uplifted rituals, it offers potent digestive comfort, immunity shield.",Kashmiri Girda Flatbread with Butter; Crisp Onion & Paneer Pakoras; Traditional Osmania Butter Biscuits,https://images.unsplash.com/photo-1571934811356-5cc061b6821f?auto=format&fit=crop&w=800&q=80
TEA-IN-0156,Traditional Samovar Cinnamon Kahwa,Kashmir (Srinagar Valley),Kashmir Kahwa,"Kashmiri Green Tea Leaves, Pampore Pure Saffron Strands, Green Cardamom, Cinnamon, Crushed Almond Slivers, Dried Rose Petals",Delicate Green; Saffron (Kesar); Cinnamon; Sweet Almond; Floral Honey,1.3,7.1,8.0,5.7,9.8,16,3,5,81,2.5g per 200ml (or 1:1 milk-water for Chai),Calming Warmth; Skin Glow & Radiance; Immunity Boost,Calm; Relaxed; Meditative; Cozy,Second Flush Summer,1731.0,4.6,81,"An exquisite handcrafted kashmir kahwa harvest from the famed terroirs of Kashmir (Srinagar Valley). Imbued with prominent sensory notes of Delicate Green, Saffron (Kesar), Cinnamon, this blend exhibits an aroma rating of 9.8/10. Specially curated for calm, relaxed rituals, it offers potent calming warmth, skin glow & radiance.",Crisp Hot Samosas with Mint & Tamarind Chutney; Crisp Onion & Paneer Pakoras,https://images.unsplash.com/photo-1576092768241-dec231879fc3?auto=format&fit=crop&w=800&q=80
TEA-IN-0157,Nilgiri Frost Tea Winter Pluck,Nilgiri (Kotagiri),Nilgiri,100% High-Elevation Nilgiri Camellia Sinensis,Floral; Light Malt; Honey; Sweet Melon; Bright Citrus,1.8,7.4,7.0,1.9,8.2,48,3,4,94,2.5g per 200ml (or 1:1 milk-water for Chai),Weight Balance; Heart Health; Gentle Alertness,Refreshed; Uplifted,Winter Warmth,827.0,4.77,410,"An exquisite handcrafted nilgiri harvest from the famed terroirs of Nilgiri (Kotagiri). Imbued with prominent sensory notes of Floral, Light Malt, Honey, this blend exhibits an aroma rating of 8.2/10. Specially curated for refreshed, uplifted rituals, it offers potent weight balance, heart health.",Spicy Bhakarwadi & Mathri; Kolkata Style Kathi Rolls; Warm Cardamom Nankhatai,https://images.unsplash.com/photo-1597481499750-3e6b22637e12?auto=format&fit=crop&w=800&q=80
TEA-IN-0158,Giloy & Tulsi Monsoon Kadha Herbal Lot #768,Himalayan Foothills,Ayurvedic Tisane,"Organic Tulsi (Holy Basil), Ashwagandha Root, Wild Himalayan Turmeric, Brahmi Leaves, Licorice (Mulethi), Fennel Seeds (Saunf), Lemongrass",Warm Ginger; Tulsi Mint; Fennel Sweetness,1.9,8.0,6.1,3.0,8.0,0,5,7,95,2.5g per 200ml (or 1:1 milk-water for Chai),Joint & Anti-inflammatory; Immunity Fortification; Deep Restful Sleep,Calm; Soothing; Relaxed; Cozy,Monsoon Special,901.0,4.46,370,"An exquisite handcrafted ayurvedic tisane harvest from the famed terroirs of Himalayan Foothills. Imbued with prominent sensory notes of Warm Ginger, Tulsi Mint, Fennel Sweetness, this blend exhibits an aroma rating of 8.0/10. Specially curated for calm, soothing rituals, it offers potent joint & anti-inflammatory, immunity fortification.",Dhokla with Green Chilies; Gulab Jamun with Rosewater Syrup; Irani Cafe Bun Maska & Chai,https://images.unsplash.com/photo-1544787219-7f47ccb76574?auto=format&fit=crop&w=800&q=80
TEA-IN-0159,Palampur Orthodox Spring Gold Lot #216 '24,Himachal Pradesh (Palampur),Kangra Valley,100% Certified GI Tagged Kangra Valley Whole Leaf Tea,Roasted Corn; Sweet Vegetal; Pine Mist; Nutty,3.4,7.8,8.0,1.7,7.0,38,0,3,82,2.5g per 200ml (or 1:1 milk-water for Chai),Peaceful Focus; Digestive Ease; Metabolic Balance; Antioxidant Shield,Calm; Refreshed; Meditative; Focused,Monsoon Special,616.0,4.34,122,"An exquisite handcrafted kangra valley harvest from the famed terroirs of Himachal Pradesh (Palampur). Imbued with prominent sensory notes of Roasted Corn, Sweet Vegetal, Pine Mist, this blend exhibits an aroma rating of 7.0/10. Specially curated for calm, refreshed rituals, it offers potent peaceful focus, digestive ease.",Dhokla with Green Chilies; Shrewsbury Butter Biscuits; Poha with Roasted Peanuts,https://images.unsplash.com/photo-1563822249548-9a72b6353cd1?auto=format&fit=crop&w=800&q=80
TEA-IN-0160,Temi Estate 100% Organic First Flush Lot #109,Sikkim (Ravangla Highlands),Sikkim Temi,100% Organic Single Estate Temi Leaves,Sweet Floral; Gentle Spice; Honeyed Wood; Muscatel,2.8,7.7,8.8,1.7,8.2,35,5,4,86,2.5g per 200ml (or 1:1 milk-water for Chai),Cardiovascular Support; Pure Organic Nutrition; L-Theanine Serenity; Skin Vitality,Calm; Meditative; Serene; Focused,Monsoon Special,866.0,4.54,340,"An exquisite handcrafted sikkim temi harvest from the famed terroirs of Sikkim (Ravangla Highlands). Imbued with prominent sensory notes of Sweet Floral, Gentle Spice, Honeyed Wood, this blend exhibits an aroma rating of 8.2/10. Specially curated for calm, meditative rituals, it offers potent cardiovascular support, pure organic nutrition.",Gulab Jamun with Rosewater Syrup; Spicy Bhakarwadi & Mathri; Irani Cafe Bun Maska & Chai,https://images.unsplash.com/photo-1576092768241-dec231879fc3?auto=format&fit=crop&w=800&q=80
TEA-IN-0161,Autumnal Flush Ruby Harvest,Darjeeling (Okayti),Darjeeling,100% Hand-Picked Camellia Sinensis Single Estate Darjeeling Leaves,Muscatel; Apricot; Green Apple; Citrus Zest,2.1,6.5,10.0,2.0,9.9,53,1,3,85,2.5g per 200ml (or 1:1 milk-water for Chai),High Antioxidants; Cellular Protection; Gentle Vitality; Heart Wellness,Refreshed; Focused; Meditative; Uplifted,All Season,806.0,4.67,429,"An exquisite handcrafted darjeeling harvest from the famed terroirs of Darjeeling (Okayti). Imbued with prominent sensory notes of Muscatel, Apricot, Green Apple, this blend exhibits an aroma rating of 9.9/10. Specially curated for refreshed, focused rituals, it offers potent high antioxidants, cellular protection.",Shrewsbury Butter Biscuits; Traditional Osmania Butter Biscuits; Irani Cafe Bun Maska & Chai,https://images.unsplash.com/photo-1576092768241-dec231879fc3?auto=format&fit=crop&w=800&q=80
TEA-IN-0162,Imperial Halmari Single Estate Lot #637 '25,Assam (Dibrugarh),Assam,100% High-Grade Assam Whole Leaf & Golden Buds (Camellia Sinensis var. Assamica),Bold Body; Malty; Woody; Caramel,7.5,6.4,1.4,4.3,9.3,61,4,4,96,2.5g per 200ml (or 1:1 milk-water for Chai),Metabolic Fire; Digestive Power; Immune Strength,Energetic; Uplifted; Cozy; Focused,Winter Warmth,855.0,4.71,333,"An exquisite handcrafted assam harvest from the famed terroirs of Assam (Dibrugarh). Imbued with prominent sensory notes of Bold Body, Malty, Woody, this blend exhibits an aroma rating of 9.3/10. Specially curated for energetic, uplifted rituals, it offers potent metabolic fire, digestive power.",Crisp Hot Samosas with Mint & Tamarind Chutney; Irani Cafe Bun Maska & Chai,https://images.unsplash.com/photo-1544787219-7f47ccb76574?auto=format&fit=crop&w=800&q=80
TEA-IN-0163,Five-Spice Maharaja Special Chai Lot #468,Mumbai Heritage,Masala Chai,"Assam CTC Black Tea, Green Cardamom Pods, Crushed Dry Ginger, Ceylon Cinnamon, Cloves, Black Pepper, Star Anise, Saffron",Cardamom (Elaichi); Ginger (Adrak); Creamy,5.3,4.6,3.5,8.7,9.6,45,39,5,98,2.5g per 200ml (or 1:1 milk-water for Chai),Immunity Shield; Instant Warming,Energetic; Uplifted; Comforting,First Flush Spring,759.0,4.97,335,"An exquisite handcrafted masala chai harvest from the famed terroirs of Mumbai Heritage. Imbued with prominent sensory notes of Cardamom (Elaichi), Ginger (Adrak), Creamy, this blend exhibits an aroma rating of 9.6/10. Specially curated for energetic, uplifted rituals, it offers potent immunity shield, instant warming.",Kolkata Style Kathi Rolls; Traditional Osmania Butter Biscuits,https://images.unsplash.com/photo-1571934811356-5cc061b6821f?auto=format&fit=crop&w=800&q=80
TEA-IN-0164,Gulmarg Winter Spice Kahwa Lot #538,Kashmir (Pampore Saffron Fields),Kashmir Kahwa,"Kashmiri Green Tea Leaves, Pampore Pure Saffron Strands, Green Cardamom, Cinnamon, Crushed Almond Slivers, Dried Rose Petals",Delicate Green; Saffron (Kesar); Cardamom; Floral Honey; Nutty,1.1,8.2,7.3,5.9,9.6,26,4,5,84,2.5g per 200ml (or 1:1 milk-water for Chai),Stress Relief; Skin Glow & Radiance; Immunity Boost,Refreshed; Relaxed; Meditative; Cozy,Autumnal Harvest,1056.0,4.51,443,"An exquisite handcrafted kashmir kahwa harvest from the famed terroirs of Kashmir (Pampore Saffron Fields). Imbued with prominent sensory notes of Delicate Green, Saffron (Kesar), Cardamom, this blend exhibits an aroma rating of 9.6/10. Specially curated for refreshed, relaxed rituals, it offers potent stress relief, skin glow & radiance.",Traditional Osmania Butter Biscuits; Warm Cardamom Nankhatai,https://images.unsplash.com/photo-1563822249548-9a72b6353cd1?auto=format&fit=crop&w=800&q=80
TEA-IN-0165,Tiger Hill Single Cultivar Nilgiri Lot #728 '26,Nilgiri (Coonoor),Nilgiri,100% High-Elevation Nilgiri Camellia Sinensis,Honey; Bright Citrus; Crisp Fruit; Floral,2.3,6.4,8.5,1.4,9.1,37,4,3,91,2.5g per 200ml (or 1:1 milk-water for Chai),Weight Balance; Heart Health; Gentle Alertness,Calm; Creative,Monsoon Special,475.0,4.61,205,"An exquisite handcrafted nilgiri harvest from the famed terroirs of Nilgiri (Coonoor). Imbued with prominent sensory notes of Honey, Bright Citrus, Crisp Fruit, this blend exhibits an aroma rating of 9.1/10. Specially curated for calm, creative rituals, it offers potent weight balance, heart health.",Kashmiri Girda Flatbread with Butter; Kolkata Style Kathi Rolls,https://images.unsplash.com/photo-1597481499750-3e6b22637e12?auto=format&fit=crop&w=800&q=80
TEA-IN-0166,Chamomile & Shankhpushpi Deep Sleep,Himalayan Foothills,Ayurvedic Tisane,"Organic Tulsi (Holy Basil), Ashwagandha Root, Wild Himalayan Turmeric, Brahmi Leaves, Licorice (Mulethi), Fennel Seeds (Saunf), Lemongrass",Warm Ginger; Woody; Tulsi Mint; Botanical,2.4,7.6,6.3,4.6,7.8,0,1,7,95,2.5g per 200ml (or 1:1 milk-water for Chai),Cortisol / Stress Reduction; Gut Health & Detox; Deep Restful Sleep,Soothing; Relaxed,Autumnal Harvest,653.0,4.3,272,"An exquisite handcrafted ayurvedic tisane harvest from the famed terroirs of Himalayan Foothills. Imbued with prominent sensory notes of Warm Ginger, Woody, Tulsi Mint, this blend exhibits an aroma rating of 7.8/10. Specially curated for soothing, relaxed rituals, it offers potent cortisol / stress reduction, gut health & detox.",Gulab Jamun with Rosewater Syrup; Kashmiri Girda Flatbread with Butter,https://images.unsplash.com/photo-1597481499750-3e6b22637e12?auto=format&fit=crop&w=800&q=80
TEA-IN-0167,Palampur Orthodox Spring Gold Lot #565,Himachal Pradesh (Palampur),Kangra Valley,100% Certified GI Tagged Kangra Valley Whole Leaf Tea,Mellow Green; Pine Mist; Nutty,1.2,7.0,5.9,1.3,8.2,36,1,2,77,2.5g per 200ml (or 1:1 milk-water for Chai),High Polyphenols; Metabolic Balance,Calm; Focused; Uplifted,Winter Warmth,961.0,4.78,313,"An exquisite handcrafted kangra valley harvest from the famed terroirs of Himachal Pradesh (Palampur). Imbued with prominent sensory notes of Mellow Green, Pine Mist, Nutty, this blend exhibits an aroma rating of 8.2/10. Specially curated for calm, focused rituals, it offers potent high polyphenols, metabolic balance.",Kashmiri Girda Flatbread with Butter; Warm Cardamom Nankhatai; Irani Cafe Bun Maska & Chai,https://images.unsplash.com/photo-1576092768241-dec231879fc3?auto=format&fit=crop&w=800&q=80
TEA-IN-0168,High Altitude Cloud Pluck Temi Red Lot #196 '25,Sikkim (Ravangla Highlands),Sikkim Temi,100% Organic Single Estate Temi Leaves,Honeyed Wood; Gentle Spice; Peach; Caramel,2.2,6.9,6.7,1.9,8.8,35,1,3,90,2.5g per 200ml (or 1:1 milk-water for Chai),L-Theanine Serenity; Cardiovascular Support,Calm; Serene,Autumnal Harvest,1181.0,4.52,289,"An exquisite handcrafted sikkim temi harvest from the famed terroirs of Sikkim (Ravangla Highlands). Imbued with prominent sensory notes of Honeyed Wood, Gentle Spice, Peach, this blend exhibits an aroma rating of 8.8/10. Specially curated for calm, serene rituals, it offers potent l-theanine serenity, cardiovascular support.",Dhokla with Green Chilies; Kashmiri Girda Flatbread with Butter; Warm Cardamom Nankhatai,https://images.unsplash.com/photo-1576092768241-dec231879fc3?auto=format&fit=crop&w=800&q=80
TEA-IN-0169,Silver Needle White Darjeeling Lot #633 '25,Darjeeling (Okayti),Darjeeling,100% Hand-Picked Camellia Sinensis Single Estate Darjeeling Leaves,Honey; Apricot; Pine Wood,2.7,5.7,8.8,1.6,10.0,30,0,4,90,2.5g per 200ml (or 1:1 milk-water for Chai),High Antioxidants; Gentle Vitality; Heart Wellness,Calm; Uplifted; Focused,Second Flush Summer,2012.0,4.51,279,"An exquisite handcrafted darjeeling harvest from the famed terroirs of Darjeeling (Okayti). Imbued with prominent sensory notes of Honey, Apricot, Pine Wood, this blend exhibits an aroma rating of 10.0/10. Specially curated for calm, uplifted rituals, it offers potent high antioxidants, gentle vitality.",Kashmiri Girda Flatbread with Butter; Warm Cardamom Nankhatai,https://images.unsplash.com/photo-1546852199-2d8e8c4aa477?auto=format&fit=crop&w=800&q=80
TEA-IN-0170,Royal Mangalam Golden Needle,Assam (Upper Brahmaputra Valley),Assam,100% High-Grade Assam Whole Leaf & Golden Buds (Camellia Sinensis var. Assamica),Honey; Dark Cocoa; Caramel,5.4,5.0,3.9,4.0,7.5,79,5,5,98,2.5g per 200ml (or 1:1 milk-water for Chai),Metabolic Fire; Digestive Power; Cardiovascular Support; Immune Strength,Energetic; Uplifted; Motivated; Focused,All Season,598.0,4.92,427,"An exquisite handcrafted assam harvest from the famed terroirs of Assam (Upper Brahmaputra Valley). Imbued with prominent sensory notes of Honey, Dark Cocoa, Caramel, this blend exhibits an aroma rating of 7.5/10. Specially curated for energetic, uplifted rituals, it offers potent metabolic fire, digestive power.",Dhokla with Green Chilies; Traditional Osmania Butter Biscuits,https://images.unsplash.com/photo-1571934811356-5cc061b6821f?auto=format&fit=crop&w=800&q=80
TEA-IN-0171,Royal Elaichi & Kesar Rich Chai,Mumbai Heritage,Masala Chai,"Assam CTC Black Tea, Green Cardamom Pods, Crushed Dry Ginger, Ceylon Cinnamon, Cloves, Black Pepper, Star Anise, Saffron",Ginger (Adrak); Peppery; Cinnamon (Dalchini); Sweet Heat; Spicy,6.0,6.8,3.5,8.9,9.4,57,34,6,97,2.5g per 200ml (or 1:1 milk-water for Chai),Digestive Comfort; Instant Warming,Energetic; Cozy; Comforting,First Flush Spring,751.0,4.6,32,"An exquisite handcrafted masala chai harvest from the famed terroirs of Mumbai Heritage. Imbued with prominent sensory notes of Ginger (Adrak), Peppery, Cinnamon (Dalchini), this blend exhibits an aroma rating of 9.4/10. Specially curated for energetic, cozy rituals, it offers potent digestive comfort, instant warming.",Crisp Hot Samosas with Mint & Tamarind Chutney; Crisp Onion & Paneer Pakoras,https://images.unsplash.com/photo-1571934811356-5cc061b6821f?auto=format&fit=crop&w=800&q=80
TEA-IN-0172,Traditional Samovar Cinnamon Kahwa,Kashmir (Srinagar Valley),Kashmir Kahwa,"Kashmiri Green Tea Leaves, Pampore Pure Saffron Strands, Green Cardamom, Cinnamon, Crushed Almond Slivers, Dried Rose Petals",Sweet Almond; Floral Honey; Saffron (Kesar),2.7,6.9,7.1,7.3,9.1,29,4,5,81,2.5g per 200ml (or 1:1 milk-water for Chai),Calming Warmth; Digestive Fire; Skin Glow & Radiance,Calm; Relaxed; Cozy,All Season,1543.0,4.32,408,"An exquisite handcrafted kashmir kahwa harvest from the famed terroirs of Kashmir (Srinagar Valley). Imbued with prominent sensory notes of Sweet Almond, Floral Honey, Saffron (Kesar), this blend exhibits an aroma rating of 9.1/10. Specially curated for calm, relaxed rituals, it offers potent calming warmth, digestive fire.",Shrewsbury Butter Biscuits; Crisp Hot Samosas with Mint & Tamarind Chutney; Kolkata Style Kathi Rolls,https://images.unsplash.com/photo-1563822249548-9a72b6353cd1?auto=format&fit=crop&w=800&q=80
TEA-IN-0173,High Altitude Floral White Nilgiri,Nilgiri (Ooty Highlands),Nilgiri,100% High-Elevation Nilgiri Camellia Sinensis,Light Malt; Sweet Melon; Bright Citrus; Crisp Fruit; Plum,2.3,7.9,8.0,1.0,8.2,37,4,3,88,2.5g per 200ml (or 1:1 milk-water for Chai),Weight Balance; Antioxidant Rich; Daily Refreshment; Gentle Alertness,Calm; Creative; Uplifted,Autumnal Harvest,1344.0,4.33,216,"An exquisite handcrafted nilgiri harvest from the famed terroirs of Nilgiri (Ooty Highlands). Imbued with prominent sensory notes of Light Malt, Sweet Melon, Bright Citrus, this blend exhibits an aroma rating of 8.2/10. Specially curated for calm, creative rituals, it offers potent weight balance, antioxidant rich.",Kashmiri Girda Flatbread with Butter; Crisp Hot Samosas with Mint & Tamarind Chutney; Irani Cafe Bun Maska & Chai,https://images.unsplash.com/photo-1597481499750-3e6b22637e12?auto=format&fit=crop&w=800&q=80
TEA-IN-0174,Ashwagandha Stress Relief Golden Elixir '26,Uttarakhand Sacred Valleys,Ayurvedic Tisane,"Organic Tulsi (Holy Basil), Ashwagandha Root, Wild Himalayan Turmeric, Brahmi Leaves, Licorice (Mulethi), Fennel Seeds (Saunf), Lemongrass",Warm Ginger; Herbal; Tulsi Mint; Botanical,2.1,6.8,5.8,3.4,8.2,0,5,7,95,2.5g per 200ml (or 1:1 milk-water for Chai),Gut Health & Detox; Immunity Fortification,Soothing; Relaxed; Meditative; Cozy,Second Flush Summer,554.0,4.78,360,"An exquisite handcrafted ayurvedic tisane harvest from the famed terroirs of Uttarakhand Sacred Valleys. Imbued with prominent sensory notes of Warm Ginger, Herbal, Tulsi Mint, this blend exhibits an aroma rating of 8.2/10. Specially curated for soothing, relaxed rituals, it offers potent gut health & detox, immunity fortification.",Dhokla with Green Chilies; Warm Cardamom Nankhatai,https://images.unsplash.com/photo-1544787219-7f47ccb76574?auto=format&fit=crop&w=800&q=80
TEA-IN-0175,Dharamshala Mountain Dew Green Lot #167,Himachal Pradesh (Dharamshala),Kangra Valley,100% Certified GI Tagged Kangra Valley Whole Leaf Tea,Floral; Roasted Corn; Pine Mist; Nutty,1.9,6.7,5.6,1.7,8.2,27,0,3,76,2.5g per 200ml (or 1:1 milk-water for Chai),Antioxidant Shield; High Polyphenols; Peaceful Focus,Calm; Refreshed; Meditative; Uplifted,All Season,902.0,4.83,242,"An exquisite handcrafted kangra valley harvest from the famed terroirs of Himachal Pradesh (Dharamshala). Imbued with prominent sensory notes of Floral, Roasted Corn, Pine Mist, this blend exhibits an aroma rating of 8.2/10. Specially curated for calm, refreshed rituals, it offers potent antioxidant shield, high polyphenols.",Crisp Onion & Paneer Pakoras; Traditional Osmania Butter Biscuits,https://images.unsplash.com/photo-1563822249548-9a72b6353cd1?auto=format&fit=crop&w=800&q=80
TEA-IN-0176,Sikkim Green Dragon Spring Leaf '26,"Sikkim (Temi Tea Estate, South Sikkim)",Sikkim Temi,100% Organic Single Estate Temi Leaves,Sweet Floral; Gentle Spice; Honeyed Wood; Caramel,3.4,7.4,7.7,2.2,8.7,41,3,3,87,2.5g per 200ml (or 1:1 milk-water for Chai),Pure Organic Nutrition; L-Theanine Serenity; Cardiovascular Support; Skin Vitality,Focused; Serene,First Flush Spring,994.0,4.5,335,"An exquisite handcrafted sikkim temi harvest from the famed terroirs of Sikkim (Temi Tea Estate, South Sikkim). Imbued with prominent sensory notes of Sweet Floral, Gentle Spice, Honeyed Wood, this blend exhibits an aroma rating of 8.7/10. Specially curated for focused, serene rituals, it offers potent pure organic nutrition, l-theanine serenity.",Poha with Roasted Peanuts; Irani Cafe Bun Maska & Chai,https://images.unsplash.com/photo-1576092768241-dec231879fc3?auto=format&fit=crop&w=800&q=80
TEA-IN-0177,Autumnal Flush Ruby Harvest Lot #425,Darjeeling (Castle Castleton),Darjeeling,100% Hand-Picked Camellia Sinensis Single Estate Darjeeling Leaves,Floral; Honeysuckle; Pine Wood; Green Apple; Muscatel,3.5,7.7,9.8,1.9,9.4,52,0,3,89,2.5g per 200ml (or 1:1 milk-water for Chai),High Antioxidants; Cellular Protection; Gentle Vitality,Refreshed; Uplifted; Focused; Calm,All Season,1642.0,4.73,384,"An exquisite handcrafted darjeeling harvest from the famed terroirs of Darjeeling (Castle Castleton). Imbued with prominent sensory notes of Floral, Honeysuckle, Pine Wood, this blend exhibits an aroma rating of 9.4/10. Specially curated for refreshed, uplifted rituals, it offers potent high antioxidants, cellular protection.",Spicy Bhakarwadi & Mathri; Traditional Osmania Butter Biscuits,https://images.unsplash.com/photo-1594631252845-29fc4cc8cde9?auto=format&fit=crop&w=800&q=80
TEA-IN-0178,Robust Morning Chai Blend Lot #317 '25,Assam (Golaghat),Assam,100% High-Grade Assam Whole Leaf & Golden Buds (Camellia Sinensis var. Assamica),Dark Cocoa; Malty; Woody,4.5,4.9,3.5,2.6,8.0,60,5,4,96,2.5g per 200ml (or 1:1 milk-water for Chai),Digestive Power; Cardiovascular Support,Energetic; Focused,Winter Warmth,461.0,4.65,302,"An exquisite handcrafted assam harvest from the famed terroirs of Assam (Golaghat). Imbued with prominent sensory notes of Dark Cocoa, Malty, Woody, this blend exhibits an aroma rating of 8.0/10. Specially curated for energetic, focused rituals, it offers potent digestive power, cardiovascular support.",Dhokla with Green Chilies; Gulab Jamun with Rosewater Syrup; Spicy Bhakarwadi & Mathri,https://images.unsplash.com/photo-1571934811356-5cc061b6821f?auto=format&fit=crop&w=800&q=80
TEA-IN-0179,Dhaba Style Kulhad Strong Chai,Kolkata Street Estate,Masala Chai,"Assam CTC Black Tea, Green Cardamom Pods, Crushed Dry Ginger, Ceylon Cinnamon, Cloves, Black Pepper, Star Anise, Saffron",Sweet Heat; Ginger (Adrak); Peppery,3.0,6.2,3.2,9.3,9.3,67,51,5,95,2.5g per 200ml (or 1:1 milk-water for Chai),Cold & Cough Relief; Instant Warming,Energetic; Uplifted; Comforting; Cozy,Winter Warmth,298.0,4.62,399,"An exquisite handcrafted masala chai harvest from the famed terroirs of Kolkata Street Estate. Imbued with prominent sensory notes of Sweet Heat, Ginger (Adrak), Peppery, this blend exhibits an aroma rating of 9.3/10. Specially curated for energetic, uplifted rituals, it offers potent cold & cough relief, instant warming.",Shrewsbury Butter Biscuits; Kashmiri Girda Flatbread with Butter; Kolkata Style Kathi Rolls,https://images.unsplash.com/photo-1544787219-7f47ccb76574?auto=format&fit=crop&w=800&q=80
TEA-IN-0180,Himalayan Crushed Walnut & Kahwa Blend,Kashmir (Gulmarg Hills),Kashmir Kahwa,"Kashmiri Green Tea Leaves, Pampore Pure Saffron Strands, Green Cardamom, Cinnamon, Crushed Almond Slivers, Dried Rose Petals",Cinnamon; Floral Honey; Nutty,2.6,7.4,7.8,6.4,9.7,21,2,4,81,2.5g per 200ml (or 1:1 milk-water for Chai),Calming Warmth; Stress Relief; Skin Glow & Radiance; Immunity Boost,Calm; Relaxed; Meditative; Cozy,Monsoon Special,677.0,4.35,421,"An exquisite handcrafted kashmir kahwa harvest from the famed terroirs of Kashmir (Gulmarg Hills). Imbued with prominent sensory notes of Cinnamon, Floral Honey, Nutty, this blend exhibits an aroma rating of 9.7/10. Specially curated for calm, relaxed rituals, it offers potent calming warmth, stress relief.",Gulab Jamun with Rosewater Syrup; Warm Cardamom Nankhatai,https://images.unsplash.com/photo-1563822249548-9a72b6353cd1?auto=format&fit=crop&w=800&q=80
TEA-IN-0181,Emerald Dew Nilgiri Green Lot #382 '24,Nilgiri (Coonoor),Nilgiri,100% High-Elevation Nilgiri Camellia Sinensis,Bright Citrus; Crisp Fruit; Floral; Light Malt,2.9,7.5,8.7,2.0,9.0,42,1,4,88,2.5g per 200ml (or 1:1 milk-water for Chai),Weight Balance; Gentle Alertness,Refreshed; Creative; Uplifted,First Flush Spring,985.0,4.87,47,"An exquisite handcrafted nilgiri harvest from the famed terroirs of Nilgiri (Coonoor). Imbued with prominent sensory notes of Bright Citrus, Crisp Fruit, Floral, this blend exhibits an aroma rating of 9.0/10. Specially curated for refreshed, creative rituals, it offers potent weight balance, gentle alertness.",Poha with Roasted Peanuts; Kashmiri Girda Flatbread with Butter; Irani Cafe Bun Maska & Chai,https://images.unsplash.com/photo-1546852199-2d8e8c4aa477?auto=format&fit=crop&w=800&q=80
TEA-IN-0182,Ashwagandha Stress Relief Golden Elixir,Kerala (Western Ghats),Ayurvedic Tisane,"Organic Tulsi (Holy Basil), Ashwagandha Root, Wild Himalayan Turmeric, Brahmi Leaves, Licorice (Mulethi), Fennel Seeds (Saunf), Lemongrass",Warm Ginger; Herbal; Fennel Sweetness; Woody; Tulsi Mint,1.3,7.0,7.0,4.1,8.3,0,3,6,96,2.5g per 200ml (or 1:1 milk-water for Chai),Cortisol / Stress Reduction; Gut Health & Detox; Immunity Fortification; Deep Restful Sleep,Calm; Soothing; Cozy,All Season,679.0,4.61,365,"An exquisite handcrafted ayurvedic tisane harvest from the famed terroirs of Kerala (Western Ghats). Imbued with prominent sensory notes of Warm Ginger, Herbal, Fennel Sweetness, this blend exhibits an aroma rating of 8.3/10. Specially curated for calm, soothing rituals, it offers potent cortisol / stress reduction, gut health & detox.",Kashmiri Girda Flatbread with Butter; Kolkata Style Kathi Rolls; Warm Cardamom Nankhatai,https://images.unsplash.com/photo-1597481499750-3e6b22637e12?auto=format&fit=crop&w=800&q=80
TEA-IN-0183,Wild Herb Infused Kangra Tea Lot #300,Himachal Pradesh (Palampur),Kangra Valley,100% Certified GI Tagged Kangra Valley Whole Leaf Tea,Mellow Green; Floral; Pine Mist,2.7,8.0,6.1,0.5,7.0,26,3,2,83,2.5g per 200ml (or 1:1 milk-water for Chai),Metabolic Balance; Antioxidant Shield,Focused; Uplifted,All Season,1160.0,4.45,326,"An exquisite handcrafted kangra valley harvest from the famed terroirs of Himachal Pradesh (Palampur). Imbued with prominent sensory notes of Mellow Green, Floral, Pine Mist, this blend exhibits an aroma rating of 7.0/10. Specially curated for focused, uplifted rituals, it offers potent metabolic balance, antioxidant shield.",Dhokla with Green Chilies; Crisp Hot Samosas with Mint & Tamarind Chutney,https://images.unsplash.com/photo-1576092768241-dec231879fc3?auto=format&fit=crop&w=800&q=80
TEA-IN-0184,Temi Estate 100% Organic First Flush Lot #234,"Sikkim (Temi Tea Estate, South Sikkim)",Sikkim Temi,100% Organic Single Estate Temi Leaves,Honeyed Wood; Peach; Caramel,3.0,7.6,8.5,1.4,8.2,33,2,4,90,2.5g per 200ml (or 1:1 milk-water for Chai),Cardiovascular Support; Pure Organic Nutrition; L-Theanine Serenity,Refreshed; Calm,Second Flush Summer,1597.0,4.48,245,"An exquisite handcrafted sikkim temi harvest from the famed terroirs of Sikkim (Temi Tea Estate, South Sikkim). Imbued with prominent sensory notes of Honeyed Wood, Peach, Caramel, this blend exhibits an aroma rating of 8.2/10. Specially curated for refreshed, calm rituals, it offers potent cardiovascular support, pure organic nutrition.",Spicy Bhakarwadi & Mathri; Crisp Onion & Paneer Pakoras; Crisp Hot Samosas with Mint & Tamarind Chutney,https://images.unsplash.com/photo-1546852199-2d8e8c4aa477?auto=format&fit=crop&w=800&q=80
TEA-IN-0185,Single Estate Royal Amber Darjeeling Lot #283 '24,Darjeeling (Castle Castleton),Darjeeling,100% Hand-Picked Camellia Sinensis Single Estate Darjeeling Leaves,Honey; Apricot; Pine Wood,1.9,8.1,7.7,1.5,9.8,47,0,3,81,2.5g per 200ml (or 1:1 milk-water for Chai),Gentle Vitality; Heart Wellness,Calm; Refreshed; Uplifted; Focused,Winter Warmth,557.0,4.78,414,"An exquisite handcrafted darjeeling harvest from the famed terroirs of Darjeeling (Castle Castleton). Imbued with prominent sensory notes of Honey, Apricot, Pine Wood, this blend exhibits an aroma rating of 9.8/10. Specially curated for calm, refreshed rituals, it offers potent gentle vitality, heart wellness.",Spicy Bhakarwadi & Mathri; Crisp Onion & Paneer Pakoras; Irani Cafe Bun Maska & Chai,https://images.unsplash.com/photo-1594631252845-29fc4cc8cde9?auto=format&fit=crop&w=800&q=80
TEA-IN-0186,Dark Mahogany Malt Reserve Lot #846 '24,Assam (Golaghat),Assam,100% High-Grade Assam Whole Leaf & Golden Buds (Camellia Sinensis var. Assamica),Bold Body; Woody; Malty; Toasted Grain,5.9,3.0,3.9,4.0,8.2,69,2,5,100,2.5g per 200ml (or 1:1 milk-water for Chai),Cardiovascular Support; High Sustained Energy; Immune Strength,Energetic; Uplifted; Focused,First Flush Spring,568.0,4.57,74,"An exquisite handcrafted assam harvest from the famed terroirs of Assam (Golaghat). Imbued with prominent sensory notes of Bold Body, Woody, Malty, this blend exhibits an aroma rating of 8.2/10. Specially curated for energetic, uplifted rituals, it offers potent cardiovascular support, high sustained energy.",Poha with Roasted Peanuts; Spicy Bhakarwadi & Mathri,https://images.unsplash.com/photo-1514733670139-4d87a1941d55?auto=format&fit=crop&w=800&q=80
TEA-IN-0187,Cinnamon Bark & Clove Monsoon Chai '26,Rajasthan Royal Palace,Masala Chai,"Assam CTC Black Tea, Green Cardamom Pods, Crushed Dry Ginger, Ceylon Cinnamon, Cloves, Black Pepper, Star Anise, Saffron",Spicy; Creamy; Sweet Heat; Ginger (Adrak),3.6,4.2,1.1,10.0,9.2,51,49,6,97,2.5g per 200ml (or 1:1 milk-water for Chai),Digestive Comfort; Immunity Shield,Energetic; Comforting; Cozy,All Season,568.0,4.93,38,"An exquisite handcrafted masala chai harvest from the famed terroirs of Rajasthan Royal Palace. Imbued with prominent sensory notes of Spicy, Creamy, Sweet Heat, this blend exhibits an aroma rating of 9.2/10. Specially curated for energetic, comforting rituals, it offers potent digestive comfort, immunity shield.",Poha with Roasted Peanuts; Shrewsbury Butter Biscuits; Irani Cafe Bun Maska & Chai,https://images.unsplash.com/photo-1544787219-7f47ccb76574?auto=format&fit=crop&w=800&q=80
TEA-IN-0188,Zaffran Emerald Heritage Brew '26,Kashmir (Gulmarg Hills),Kashmir Kahwa,"Kashmiri Green Tea Leaves, Pampore Pure Saffron Strands, Green Cardamom, Cinnamon, Crushed Almond Slivers, Dried Rose Petals",Delicate Green; Saffron (Kesar); Nutty,1.1,8.1,6.5,5.5,9.0,19,0,4,84,2.5g per 200ml (or 1:1 milk-water for Chai),Digestive Fire; Skin Glow & Radiance,Calm; Relaxed; Meditative; Cozy,Second Flush Summer,668.0,4.77,299,"An exquisite handcrafted kashmir kahwa harvest from the famed terroirs of Kashmir (Gulmarg Hills). Imbued with prominent sensory notes of Delicate Green, Saffron (Kesar), Nutty, this blend exhibits an aroma rating of 9.0/10. Specially curated for calm, relaxed rituals, it offers potent digestive fire, skin glow & radiance.",Poha with Roasted Peanuts; Spicy Bhakarwadi & Mathri; Crisp Onion & Paneer Pakoras,https://images.unsplash.com/photo-1576092768241-dec231879fc3?auto=format&fit=crop&w=800&q=80
TEA-IN-0189,Glendale High-Grown Special Lot #708,Nilgiri (Coonoor),Nilgiri,100% High-Elevation Nilgiri Camellia Sinensis,Light Malt; Sweet Melon; Plum,1.2,6.7,8.3,0.8,8.6,38,1,3,87,2.5g per 200ml (or 1:1 milk-water for Chai),Weight Balance; Antioxidant Rich; Gentle Alertness,Refreshed; Creative,Winter Warmth,1325.0,4.58,433,"An exquisite handcrafted nilgiri harvest from the famed terroirs of Nilgiri (Coonoor). Imbued with prominent sensory notes of Light Malt, Sweet Melon, Plum, this blend exhibits an aroma rating of 8.6/10. Specially curated for refreshed, creative rituals, it offers potent weight balance, antioxidant rich.",Poha with Roasted Peanuts; Kolkata Style Kathi Rolls,https://images.unsplash.com/photo-1546852199-2d8e8c4aa477?auto=format&fit=crop&w=800&q=80
TEA-IN-0190,Turmeric Ginger Curcumin Immunity Guard,Himalayan Foothills,Ayurvedic Tisane,"Organic Tulsi (Holy Basil), Ashwagandha Root, Wild Himalayan Turmeric, Brahmi Leaves, Licorice (Mulethi), Fennel Seeds (Saunf), Lemongrass",Warm Ginger; Herbal; Woody; Botanical,1.6,5.0,4.7,4.8,8.7,0,4,5,100,2.5g per 200ml (or 1:1 milk-water for Chai),Cortisol / Stress Reduction; Deep Restful Sleep,Soothing; Relaxed; Meditative; Cozy,Second Flush Summer,334.0,4.38,96,"An exquisite handcrafted ayurvedic tisane harvest from the famed terroirs of Himalayan Foothills. Imbued with prominent sensory notes of Warm Ginger, Herbal, Woody, this blend exhibits an aroma rating of 8.7/10. Specially curated for soothing, relaxed rituals, it offers potent cortisol / stress reduction, deep restful sleep.",Poha with Roasted Peanuts; Kashmiri Girda Flatbread with Butter; Traditional Osmania Butter Biscuits,https://images.unsplash.com/photo-1544787219-7f47ccb76574?auto=format&fit=crop&w=800&q=80
TEA-IN-0191,Himalayan Cedar Scented Kangra '24,Himachal Pradesh (Kangra Valley),Kangra Valley,100% Certified GI Tagged Kangra Valley Whole Leaf Tea,Floral; Roasted Corn; Sweet Vegetal; Nutty; Mellow Green,2.6,6.2,6.5,1.0,8.6,40,0,2,75,2.5g per 200ml (or 1:1 milk-water for Chai),Digestive Ease; Peaceful Focus,Refreshed; Uplifted; Meditative; Focused,First Flush Spring,482.0,4.8,122,"An exquisite handcrafted kangra valley harvest from the famed terroirs of Himachal Pradesh (Kangra Valley). Imbued with prominent sensory notes of Floral, Roasted Corn, Sweet Vegetal, this blend exhibits an aroma rating of 8.6/10. Specially curated for refreshed, uplifted rituals, it offers potent digestive ease, peaceful focus.",Crisp Onion & Paneer Pakoras; Kolkata Style Kathi Rolls; Traditional Osmania Butter Biscuits,https://images.unsplash.com/photo-1563822249548-9a72b6353cd1?auto=format&fit=crop&w=800&q=80
TEA-IN-0192,Kanchenjunga Mist Golden Tips Lot #597,"Sikkim (Temi Tea Estate, South Sikkim)",Sikkim Temi,100% Organic Single Estate Temi Leaves,Honeyed Wood; Sweet Floral; Muscatel,2.4,6.5,8.0,1.4,8.6,39,1,4,87,2.5g per 200ml (or 1:1 milk-water for Chai),Pure Organic Nutrition; L-Theanine Serenity; Cardiovascular Support; Skin Vitality,Calm; Meditative; Serene,First Flush Spring,1397.0,4.73,333,"An exquisite handcrafted sikkim temi harvest from the famed terroirs of Sikkim (Temi Tea Estate, South Sikkim). Imbued with prominent sensory notes of Honeyed Wood, Sweet Floral, Muscatel, this blend exhibits an aroma rating of 8.6/10. Specially curated for calm, meditative rituals, it offers potent pure organic nutrition, l-theanine serenity.",Dhokla with Green Chilies; Traditional Osmania Butter Biscuits; Warm Cardamom Nankhatai,https://images.unsplash.com/photo-1546852199-2d8e8c4aa477?auto=format&fit=crop&w=800&q=80
TEA-IN-0193,Castleton Muscatel Supreme Lot #189,Darjeeling (Okayti),Darjeeling,100% Hand-Picked Camellia Sinensis Single Estate Darjeeling Leaves,Honey; Honeysuckle; Floral; Pine Wood,2.8,8.4,7.6,1.2,8.9,30,3,3,83,2.5g per 200ml (or 1:1 milk-water for Chai),High Antioxidants; Cellular Protection,Calm; Uplifted; Focused,Autumnal Harvest,1437.0,4.84,440,"An exquisite handcrafted darjeeling harvest from the famed terroirs of Darjeeling (Okayti). Imbued with prominent sensory notes of Honey, Honeysuckle, Floral, this blend exhibits an aroma rating of 8.9/10. Specially curated for calm, uplifted rituals, it offers potent high antioxidants, cellular protection.",Shrewsbury Butter Biscuits; Spicy Bhakarwadi & Mathri,https://images.unsplash.com/photo-1576092768241-dec231879fc3?auto=format&fit=crop&w=800&q=80
TEA-IN-0194,Dark Mahogany Malt Reserve,Assam (Golaghat),Assam,100% High-Grade Assam Whole Leaf & Golden Buds (Camellia Sinensis var. Assamica),Honey; Malty; Woody; Dark Cocoa; Molasses,4.0,5.6,3.8,1.9,7.7,72,0,4,98,2.5g per 200ml (or 1:1 milk-water for Chai),Digestive Power; Immune Strength; Metabolic Fire,Focused; Motivated; Uplifted,All Season,363.0,4.91,190,"An exquisite handcrafted assam harvest from the famed terroirs of Assam (Golaghat). Imbued with prominent sensory notes of Honey, Malty, Woody, this blend exhibits an aroma rating of 7.7/10. Specially curated for focused, motivated rituals, it offers potent digestive power, immune strength.",Poha with Roasted Peanuts; Kashmiri Girda Flatbread with Butter; Crisp Hot Samosas with Mint & Tamarind Chutney,https://images.unsplash.com/photo-1514733670139-4d87a1941d55?auto=format&fit=crop&w=800&q=80
TEA-IN-0195,Authentic Mumbai Cutting Masala Chai Lot #377 '26,Kolkata Street Estate,Masala Chai,"Assam CTC Black Tea, Green Cardamom Pods, Crushed Dry Ginger, Ceylon Cinnamon, Cloves, Black Pepper, Star Anise, Saffron",Cinnamon (Dalchini); Spicy; Sweet Heat; Ginger (Adrak),4.6,7.6,3.4,7.7,9.9,62,18,6,100,2.5g per 200ml (or 1:1 milk-water for Chai),Immunity Shield; Anti-inflammatory; Cold & Cough Relief,Energetic; Cozy; Comforting,First Flush Spring,546.0,4.74,397,"An exquisite handcrafted masala chai harvest from the famed terroirs of Kolkata Street Estate. Imbued with prominent sensory notes of Cinnamon (Dalchini), Spicy, Sweet Heat, this blend exhibits an aroma rating of 9.9/10. Specially curated for energetic, cozy rituals, it offers potent immunity shield, anti-inflammatory.",Crisp Onion & Paneer Pakoras; Irani Cafe Bun Maska & Chai,https://images.unsplash.com/photo-1544787219-7f47ccb76574?auto=format&fit=crop&w=800&q=80
TEA-IN-0196,Rose Petal & Kashmiri Cardamom Kahwa,Kashmir (Pampore Saffron Fields),Kashmir Kahwa,"Kashmiri Green Tea Leaves, Pampore Pure Saffron Strands, Green Cardamom, Cinnamon, Crushed Almond Slivers, Dried Rose Petals",Delicate Green; Cinnamon; Sweet Almond; Floral Honey; Nutty,2.4,6.8,6.2,6.0,9.5,22,0,4,85,2.5g per 200ml (or 1:1 milk-water for Chai),Digestive Fire; Stress Relief; Skin Glow & Radiance,Refreshed; Relaxed,Monsoon Special,730.0,4.38,95,"An exquisite handcrafted kashmir kahwa harvest from the famed terroirs of Kashmir (Pampore Saffron Fields). Imbued with prominent sensory notes of Delicate Green, Cinnamon, Sweet Almond, this blend exhibits an aroma rating of 9.5/10. Specially curated for refreshed, relaxed rituals, it offers potent digestive fire, stress relief.",Kolkata Style Kathi Rolls; Warm Cardamom Nankhatai,https://images.unsplash.com/photo-1563822249548-9a72b6353cd1?auto=format&fit=crop&w=800&q=80
TEA-IN-0197,Nilgiri Golden Needle Rare Estate Lot #743,Nilgiri (Coonoor),Nilgiri,100% High-Elevation Nilgiri Camellia Sinensis,Bright Citrus; Floral; Light Malt,2.0,7.7,8.8,1.4,8.6,49,0,4,88,2.5g per 200ml (or 1:1 milk-water for Chai),Weight Balance; Heart Health; Daily Refreshment; Gentle Alertness,Calm; Creative; Uplifted; Focused,Second Flush Summer,538.0,4.48,267,"An exquisite handcrafted nilgiri harvest from the famed terroirs of Nilgiri (Coonoor). Imbued with prominent sensory notes of Bright Citrus, Floral, Light Malt, this blend exhibits an aroma rating of 8.6/10. Specially curated for calm, creative rituals, it offers potent weight balance, heart health.",Dhokla with Green Chilies; Warm Cardamom Nankhatai; Irani Cafe Bun Maska & Chai,https://images.unsplash.com/photo-1546852199-2d8e8c4aa477?auto=format&fit=crop&w=800&q=80
TEA-IN-0198,Moringa & Lemongrass Detox Flush,Kerala (Western Ghats),Ayurvedic Tisane,"Organic Tulsi (Holy Basil), Ashwagandha Root, Wild Himalayan Turmeric, Brahmi Leaves, Licorice (Mulethi), Fennel Seeds (Saunf), Lemongrass",Sweet Earthy; Tulsi Mint; Herbal,2.9,6.5,4.6,4.1,7.9,0,5,7,100,2.5g per 200ml (or 1:1 milk-water for Chai),Immunity Fortification; Deep Restful Sleep,Soothing; Relaxed; Cozy,All Season,505.0,4.53,210,"An exquisite handcrafted ayurvedic tisane harvest from the famed terroirs of Kerala (Western Ghats). Imbued with prominent sensory notes of Sweet Earthy, Tulsi Mint, Herbal, this blend exhibits an aroma rating of 7.9/10. Specially curated for soothing, relaxed rituals, it offers potent immunity fortification, deep restful sleep.",Shrewsbury Butter Biscuits; Crisp Hot Samosas with Mint & Tamarind Chutney,https://images.unsplash.com/photo-1544787219-7f47ccb76574?auto=format&fit=crop&w=800&q=80
TEA-IN-0199,Snow Mist Kangra First Flush Lot #225 '25,Himachal Pradesh (Kangra Valley),Kangra Valley,100% Certified GI Tagged Kangra Valley Whole Leaf Tea,Floral; Sweet Vegetal; Pine Mist; Nutty; Mellow Green,3.3,7.4,8.3,1.9,7.3,44,4,4,80,2.5g per 200ml (or 1:1 milk-water for Chai),Antioxidant Shield; High Polyphenols; Metabolic Balance; Peaceful Focus,Calm; Refreshed; Focused; Uplifted,First Flush Spring,779.0,4.36,48,"An exquisite handcrafted kangra valley harvest from the famed terroirs of Himachal Pradesh (Kangra Valley). Imbued with prominent sensory notes of Floral, Sweet Vegetal, Pine Mist, this blend exhibits an aroma rating of 7.3/10. Specially curated for calm, refreshed rituals, it offers potent antioxidant shield, high polyphenols.",Dhokla with Green Chilies; Crisp Hot Samosas with Mint & Tamarind Chutney; Spicy Bhakarwadi & Mathri,https://images.unsplash.com/photo-1576092768241-dec231879fc3?auto=format&fit=crop&w=800&q=80
TEA-IN-0200,Sikkim Green Dragon Spring Leaf Lot #886,"Sikkim (Temi Tea Estate, South Sikkim)",Sikkim Temi,100% Organic Single Estate Temi Leaves,Sweet Floral; Honeyed Wood; Caramel; Muscatel; Gentle Spice,1.5,7.3,7.6,2.3,8.1,40,1,4,87,2.5g per 200ml (or 1:1 milk-water for Chai),L-Theanine Serenity; Cardiovascular Support; Skin Vitality,Refreshed; Meditative; Calm,Autumnal Harvest,1499.0,4.36,392,"An exquisite handcrafted sikkim temi harvest from the famed terroirs of Sikkim (Temi Tea Estate, South Sikkim). Imbued with prominent sensory notes of Sweet Floral, Honeyed Wood, Caramel, this blend exhibits an aroma rating of 8.1/10. Specially curated for refreshed, meditative rituals, it offers potent l-theanine serenity, cardiovascular support.",Kashmiri Girda Flatbread with Butter; Crisp Onion & Paneer Pakoras; Warm Cardamom Nankhatai,https://images.unsplash.com/photo-1576092768241-dec231879fc3?auto=format&fit=crop&w=800&q=80
TEA-IN-0201,Misty Mountain Bio-Dynamic First Flush Lot #268 '25,Darjeeling (Singbulli),Darjeeling,100% Hand-Picked Camellia Sinensis Single Estate Darjeeling Leaves,Honeysuckle; Apricot; Pine Wood; Green Apple; Muscatel,3.3,6.7,9.5,1.4,8.3,37,4,4,81,2.5g per 200ml (or 1:1 milk-water for Chai),Mental Clarity; Gentle Vitality; Heart Wellness,Calm; Focused; Meditative; Uplifted,Second Flush Summer,2094.0,4.51,306,"An exquisite handcrafted darjeeling harvest from the famed terroirs of Darjeeling (Singbulli). Imbued with prominent sensory notes of Honeysuckle, Apricot, Pine Wood, this blend exhibits an aroma rating of 8.3/10. Specially curated for calm, focused rituals, it offers potent mental clarity, gentle vitality.",Shrewsbury Butter Biscuits; Crisp Hot Samosas with Mint & Tamarind Chutney; Gulab Jamun with Rosewater Syrup,https://images.unsplash.com/photo-1546852199-2d8e8c4aa477?auto=format&fit=crop&w=800&q=80
TEA-IN-0202,Dark Mahogany Malt Reserve,Assam (Jorhat),Assam,100% High-Grade Assam Whole Leaf & Golden Buds (Camellia Sinensis var. Assamica),Honey; Bold Body; Caramel; Toasted Grain; Malty,4.9,6.3,3.5,2.9,8.6,81,3,4,98,2.5g per 200ml (or 1:1 milk-water for Chai),Cardiovascular Support; Immune Strength,Uplifted; Motivated; Cozy; Focused,All Season,817.0,4.87,103,"An exquisite handcrafted assam harvest from the famed terroirs of Assam (Jorhat). Imbued with prominent sensory notes of Honey, Bold Body, Caramel, this blend exhibits an aroma rating of 8.6/10. Specially curated for uplifted, motivated rituals, it offers potent cardiovascular support, immune strength.",Shrewsbury Butter Biscuits; Crisp Onion & Paneer Pakoras,https://images.unsplash.com/photo-1514733670139-4d87a1941d55?auto=format&fit=crop&w=800&q=80
TEA-IN-0203,Authentic Mumbai Cutting Masala Chai '24,Mumbai Heritage,Masala Chai,"Assam CTC Black Tea, Green Cardamom Pods, Crushed Dry Ginger, Ceylon Cinnamon, Cloves, Black Pepper, Star Anise, Saffron",Cinnamon (Dalchini); Creamy; Peppery,4.1,4.2,2.1,9.1,10.0,41,33,6,100,2.5g per 200ml (or 1:1 milk-water for Chai),Anti-inflammatory; Immunity Shield,Refreshed; Energetic; Uplifted; Comforting,Winter Warmth,568.0,4.86,26,"An exquisite handcrafted masala chai harvest from the famed terroirs of Mumbai Heritage. Imbued with prominent sensory notes of Cinnamon (Dalchini), Creamy, Peppery, this blend exhibits an aroma rating of 10.0/10. Specially curated for refreshed, energetic rituals, it offers potent anti-inflammatory, immunity shield.",Poha with Roasted Peanuts; Crisp Onion & Paneer Pakoras; Kolkata Style Kathi Rolls,https://images.unsplash.com/photo-1544787219-7f47ccb76574?auto=format&fit=crop&w=800&q=80
TEA-IN-0204,Himalayan Crushed Walnut & Kahwa Blend Lot #522,Kashmir (Pampore Saffron Fields),Kashmir Kahwa,"Kashmiri Green Tea Leaves, Pampore Pure Saffron Strands, Green Cardamom, Cinnamon, Crushed Almond Slivers, Dried Rose Petals",Saffron (Kesar); Cardamom; Sweet Almond; Floral Honey; Nutty,2.8,6.3,6.5,5.7,9.2,28,4,5,84,2.5g per 200ml (or 1:1 milk-water for Chai),Stress Relief; Skin Glow & Radiance,Refreshed; Meditative,Autumnal Harvest,1745.0,4.71,410,"An exquisite handcrafted kashmir kahwa harvest from the famed terroirs of Kashmir (Pampore Saffron Fields). Imbued with prominent sensory notes of Saffron (Kesar), Cardamom, Sweet Almond, this blend exhibits an aroma rating of 9.2/10. Specially curated for refreshed, meditative rituals, it offers potent stress relief, skin glow & radiance.",Kashmiri Girda Flatbread with Butter; Crisp Onion & Paneer Pakoras; Irani Cafe Bun Maska & Chai,https://images.unsplash.com/photo-1563822249548-9a72b6353cd1?auto=format&fit=crop&w=800&q=80
TEA-IN-0205,Nilgiri Golden Needle Rare Estate '24,Nilgiri (Ooty Highlands),Nilgiri,100% High-Elevation Nilgiri Camellia Sinensis,Honey; Sweet Melon; Plum,1.3,7.7,8.1,1.1,8.3,54,3,3,86,2.5g per 200ml (or 1:1 milk-water for Chai),Weight Balance; Antioxidant Rich,Refreshed; Creative,Monsoon Special,681.0,4.31,69,"An exquisite handcrafted nilgiri harvest from the famed terroirs of Nilgiri (Ooty Highlands). Imbued with prominent sensory notes of Honey, Sweet Melon, Plum, this blend exhibits an aroma rating of 8.3/10. Specially curated for refreshed, creative rituals, it offers potent weight balance, antioxidant rich.",Crisp Hot Samosas with Mint & Tamarind Chutney; Kolkata Style Kathi Rolls; Warm Cardamom Nankhatai,https://images.unsplash.com/photo-1597481499750-3e6b22637e12?auto=format&fit=crop&w=800&q=80
TEA-IN-0206,Brahmi & Shankhpushpi Memory Tonic,Himalayan Foothills,Ayurvedic Tisane,"Organic Tulsi (Holy Basil), Ashwagandha Root, Wild Himalayan Turmeric, Brahmi Leaves, Licorice (Mulethi), Fennel Seeds (Saunf), Lemongrass",Sweet Earthy; Woody; Herbal,0.7,7.4,7.8,5.8,8.2,0,4,7,99,2.5g per 200ml (or 1:1 milk-water for Chai),Joint & Anti-inflammatory; Deep Restful Sleep,Calm; Soothing; Relaxed; Meditative,All Season,608.0,4.77,114,"An exquisite handcrafted ayurvedic tisane harvest from the famed terroirs of Himalayan Foothills. Imbued with prominent sensory notes of Sweet Earthy, Woody, Herbal, this blend exhibits an aroma rating of 8.2/10. Specially curated for calm, soothing rituals, it offers potent joint & anti-inflammatory, deep restful sleep.",Shrewsbury Butter Biscuits; Traditional Osmania Butter Biscuits,https://images.unsplash.com/photo-1544787219-7f47ccb76574?auto=format&fit=crop&w=800&q=80
TEA-IN-0207,Wild Herb Infused Kangra Tea,Himachal Pradesh (Kangra Valley),Kangra Valley,100% Certified GI Tagged Kangra Valley Whole Leaf Tea,Mellow Green; Floral; Pine Mist; Nutty,1.9,6.0,5.8,0.7,9.0,27,0,4,77,2.5g per 200ml (or 1:1 milk-water for Chai),Digestive Ease; High Polyphenols; Peaceful Focus,Calm; Refreshed; Uplifted,Second Flush Summer,1237.0,4.59,55,"An exquisite handcrafted kangra valley harvest from the famed terroirs of Himachal Pradesh (Kangra Valley). Imbued with prominent sensory notes of Mellow Green, Floral, Pine Mist, this blend exhibits an aroma rating of 9.0/10. Specially curated for calm, refreshed rituals, it offers potent digestive ease, high polyphenols.",Shrewsbury Butter Biscuits; Spicy Bhakarwadi & Mathri; Traditional Osmania Butter Biscuits,https://images.unsplash.com/photo-1563822249548-9a72b6353cd1?auto=format&fit=crop&w=800&q=80
TEA-IN-0208,Sikkim Royal Orthodox Muscatel '26,"Sikkim (Temi Tea Estate, South Sikkim)",Sikkim Temi,100% Organic Single Estate Temi Leaves,Sweet Floral; Honeyed Wood; Muscatel,1.7,7.1,8.1,1.2,8.2,38,4,3,90,2.5g per 200ml (or 1:1 milk-water for Chai),L-Theanine Serenity; Cardiovascular Support; Skin Vitality,Focused; Meditative,Second Flush Summer,1358.0,4.84,224,"An exquisite handcrafted sikkim temi harvest from the famed terroirs of Sikkim (Temi Tea Estate, South Sikkim). Imbued with prominent sensory notes of Sweet Floral, Honeyed Wood, Muscatel, this blend exhibits an aroma rating of 8.2/10. Specially curated for focused, meditative rituals, it offers potent l-theanine serenity, cardiovascular support.",Dhokla with Green Chilies; Poha with Roasted Peanuts; Warm Cardamom Nankhatai,https://images.unsplash.com/photo-1576092768241-dec231879fc3?auto=format&fit=crop&w=800&q=80
TEA-IN-0209,Single Estate Royal Amber Darjeeling Lot #515 '26,Darjeeling (Goomtee),Darjeeling,100% Hand-Picked Camellia Sinensis Single Estate Darjeeling Leaves,Citrus Zest; Honeysuckle; Apricot; Pine Wood; Muscatel,2.2,8.1,7.3,0.9,9.0,45,1,3,81,2.5g per 200ml (or 1:1 milk-water for Chai),Mental Clarity; Gentle Vitality,Refreshed; Calm,Autumnal Harvest,2017.0,4.44,358,"An exquisite handcrafted darjeeling harvest from the famed terroirs of Darjeeling (Goomtee). Imbued with prominent sensory notes of Citrus Zest, Honeysuckle, Apricot, this blend exhibits an aroma rating of 9.0/10. Specially curated for refreshed, calm rituals, it offers potent mental clarity, gentle vitality.",Poha with Roasted Peanuts; Shrewsbury Butter Biscuits,https://images.unsplash.com/photo-1594631252845-29fc4cc8cde9?auto=format&fit=crop&w=800&q=80
TEA-IN-0210,Dark Mahogany Malt Reserve,Assam (Sibsagar),Assam,100% High-Grade Assam Whole Leaf & Golden Buds (Camellia Sinensis var. Assamica),Honey; Bold Body; Woody; Malty,7.0,4.9,3.9,1.6,8.1,82,3,5,97,2.5g per 200ml (or 1:1 milk-water for Chai),Cardiovascular Support; Immune Strength,Energetic; Focused; Motivated; Cozy,Monsoon Special,812.0,4.63,303,"An exquisite handcrafted assam harvest from the famed terroirs of Assam (Sibsagar). Imbued with prominent sensory notes of Honey, Bold Body, Woody, this blend exhibits an aroma rating of 8.1/10. Specially curated for energetic, focused rituals, it offers potent cardiovascular support, immune strength.",Gulab Jamun with Rosewater Syrup; Kashmiri Girda Flatbread with Butter; Spicy Bhakarwadi & Mathri,https://images.unsplash.com/photo-1514733670139-4d87a1941d55?auto=format&fit=crop&w=800&q=80
TEA-IN-0211,Star Anise & Nutmeg Winter Chai Lot #676 '26,Delhi Old Quarter,Masala Chai,"Assam CTC Black Tea, Green Cardamom Pods, Crushed Dry Ginger, Ceylon Cinnamon, Cloves, Black Pepper, Star Anise, Saffron",Cardamom (Elaichi); Spicy; Ginger (Adrak),3.2,5.2,2.8,8.4,9.7,62,33,5,95,2.5g per 200ml (or 1:1 milk-water for Chai),Immunity Shield; Digestive Comfort; Cold & Cough Relief,Uplifted; Comforting; Cozy,Monsoon Special,613.0,4.47,351,"An exquisite handcrafted masala chai harvest from the famed terroirs of Delhi Old Quarter. Imbued with prominent sensory notes of Cardamom (Elaichi), Spicy, Ginger (Adrak), this blend exhibits an aroma rating of 9.7/10. Specially curated for uplifted, comforting rituals, it offers potent immunity shield, digestive comfort.",Kashmiri Girda Flatbread with Butter; Spicy Bhakarwadi & Mathri; Crisp Onion & Paneer Pakoras,https://images.unsplash.com/photo-1571934811356-5cc061b6821f?auto=format&fit=crop&w=800&q=80
TEA-IN-0212,Pampore Golden Saffron Green Infusion,Kashmir (Gulmarg Hills),Kashmir Kahwa,"Kashmiri Green Tea Leaves, Pampore Pure Saffron Strands, Green Cardamom, Cinnamon, Crushed Almond Slivers, Dried Rose Petals",Saffron (Kesar); Cinnamon; Cardamom; Sweet Almond; Nutty,1.7,6.1,7.1,6.4,9.9,23,3,4,80,2.5g per 200ml (or 1:1 milk-water for Chai),Calming Warmth; Digestive Fire; Skin Glow & Radiance; Immunity Boost,Refreshed; Relaxed; Cozy,First Flush Spring,1360.0,4.55,243,"An exquisite handcrafted kashmir kahwa harvest from the famed terroirs of Kashmir (Gulmarg Hills). Imbued with prominent sensory notes of Saffron (Kesar), Cinnamon, Cardamom, this blend exhibits an aroma rating of 9.9/10. Specially curated for refreshed, relaxed rituals, it offers potent calming warmth, digestive fire.",Poha with Roasted Peanuts; Shrewsbury Butter Biscuits; Crisp Onion & Paneer Pakoras,https://images.unsplash.com/photo-1576092768241-dec231879fc3?auto=format&fit=crop&w=800&q=80
TEA-IN-0213,Tiger Hill Single Cultivar Nilgiri Lot #649,Nilgiri (Blue Mountains),Nilgiri,100% High-Elevation Nilgiri Camellia Sinensis,Bright Citrus; Honey; Crisp Fruit; Light Malt,1.7,6.7,7.7,2.1,8.9,54,5,3,94,2.5g per 200ml (or 1:1 milk-water for Chai),Weight Balance; Antioxidant Rich; Daily Refreshment,Calm; Creative; Focused; Uplifted,Second Flush Summer,1037.0,4.61,410,"An exquisite handcrafted nilgiri harvest from the famed terroirs of Nilgiri (Blue Mountains). Imbued with prominent sensory notes of Bright Citrus, Honey, Crisp Fruit, this blend exhibits an aroma rating of 8.9/10. Specially curated for calm, creative rituals, it offers potent weight balance, antioxidant rich.",Kashmiri Girda Flatbread with Butter; Spicy Bhakarwadi & Mathri,https://images.unsplash.com/photo-1597481499750-3e6b22637e12?auto=format&fit=crop&w=800&q=80
TEA-IN-0214,"Sacred Tulsi Trio (Rama, Krishna, Vana) Lot #319 '26",Himalayan Foothills,Ayurvedic Tisane,"Organic Tulsi (Holy Basil), Ashwagandha Root, Wild Himalayan Turmeric, Brahmi Leaves, Licorice (Mulethi), Fennel Seeds (Saunf), Lemongrass",Warm Ginger; Cooling; Tulsi Mint,2.8,5.1,6.6,5.2,9.2,0,4,7,100,2.5g per 200ml (or 1:1 milk-water for Chai),Joint & Anti-inflammatory; Deep Restful Sleep,Calm; Soothing; Meditative; Cozy,Autumnal Harvest,473.0,4.5,102,"An exquisite handcrafted ayurvedic tisane harvest from the famed terroirs of Himalayan Foothills. Imbued with prominent sensory notes of Warm Ginger, Cooling, Tulsi Mint, this blend exhibits an aroma rating of 9.2/10. Specially curated for calm, soothing rituals, it offers potent joint & anti-inflammatory, deep restful sleep.",Poha with Roasted Peanuts; Traditional Osmania Butter Biscuits,https://images.unsplash.com/photo-1544787219-7f47ccb76574?auto=format&fit=crop&w=800&q=80
TEA-IN-0215,Wild Herb Infused Kangra Tea,Himachal Pradesh (Palampur),Kangra Valley,100% Certified GI Tagged Kangra Valley Whole Leaf Tea,Mellow Green; Sweet Vegetal; Pine Mist,1.4,5.6,7.8,1.0,8.0,44,3,4,75,2.5g per 200ml (or 1:1 milk-water for Chai),Metabolic Balance; Antioxidant Shield,Refreshed; Uplifted; Meditative; Focused,Second Flush Summer,911.0,4.89,228,"An exquisite handcrafted kangra valley harvest from the famed terroirs of Himachal Pradesh (Palampur). Imbued with prominent sensory notes of Mellow Green, Sweet Vegetal, Pine Mist, this blend exhibits an aroma rating of 8.0/10. Specially curated for refreshed, uplifted rituals, it offers potent metabolic balance, antioxidant shield.",Kashmiri Girda Flatbread with Butter; Crisp Hot Samosas with Mint & Tamarind Chutney; Kolkata Style Kathi Rolls,https://images.unsplash.com/photo-1563822249548-9a72b6353cd1?auto=format&fit=crop&w=800&q=80
TEA-IN-0216,Temi Estate 100% Organic First Flush Lot #842 '24,Sikkim (Ravangla Highlands),Sikkim Temi,100% Organic Single Estate Temi Leaves,Muscatel; Gentle Spice; Sweet Floral,1.7,7.8,8.8,2.0,9.2,48,4,4,88,2.5g per 200ml (or 1:1 milk-water for Chai),Cardiovascular Support; L-Theanine Serenity; Skin Vitality,Calm; Refreshed; Focused; Meditative,Second Flush Summer,977.0,4.47,321,"An exquisite handcrafted sikkim temi harvest from the famed terroirs of Sikkim (Ravangla Highlands). Imbued with prominent sensory notes of Muscatel, Gentle Spice, Sweet Floral, this blend exhibits an aroma rating of 9.2/10. Specially curated for calm, refreshed rituals, it offers potent cardiovascular support, l-theanine serenity.",Traditional Osmania Butter Biscuits; Irani Cafe Bun Maska & Chai,https://images.unsplash.com/photo-1546852199-2d8e8c4aa477?auto=format&fit=crop&w=800&q=80
TEA-IN-0217,Single Estate Royal Amber Darjeeling '25,Darjeeling (Okayti),Darjeeling,100% Hand-Picked Camellia Sinensis Single Estate Darjeeling Leaves,Muscatel; Citrus Zest; Pine Wood,2.9,6.9,7.7,0.9,9.6,33,3,4,84,2.5g per 200ml (or 1:1 milk-water for Chai),Mental Clarity; High Antioxidants; Gentle Vitality; Heart Wellness,Refreshed; Uplifted; Calm,Monsoon Special,2233.0,4.57,150,"An exquisite handcrafted darjeeling harvest from the famed terroirs of Darjeeling (Okayti). Imbued with prominent sensory notes of Muscatel, Citrus Zest, Pine Wood, this blend exhibits an aroma rating of 9.6/10. Specially curated for refreshed, uplifted rituals, it offers potent mental clarity, high antioxidants.",Gulab Jamun with Rosewater Syrup; Spicy Bhakarwadi & Mathri,https://images.unsplash.com/photo-1594631252845-29fc4cc8cde9?auto=format&fit=crop&w=800&q=80
TEA-IN-0218,Malty Breakfast Kadak CTC '24,Assam (Jorhat),Assam,100% High-Grade Assam Whole Leaf & Golden Buds (Camellia Sinensis var. Assamica),Honey; Bold Body; Caramel; Toasted Grain; Malty,7.2,5.2,3.6,3.8,8.0,51,0,5,98,2.5g per 200ml (or 1:1 milk-water for Chai),High Sustained Energy; Immune Strength,Motivated; Focused; Uplifted,All Season,465.0,4.6,348,"An exquisite handcrafted assam harvest from the famed terroirs of Assam (Jorhat). Imbued with prominent sensory notes of Honey, Bold Body, Caramel, this blend exhibits an aroma rating of 8.0/10. Specially curated for motivated, focused rituals, it offers potent high sustained energy, immune strength.",Poha with Roasted Peanuts; Crisp Hot Samosas with Mint & Tamarind Chutney,https://images.unsplash.com/photo-1544787219-7f47ccb76574?auto=format&fit=crop&w=800&q=80
TEA-IN-0219,Authentic Mumbai Cutting Masala Chai,Rajasthan Royal Palace,Masala Chai,"Assam CTC Black Tea, Green Cardamom Pods, Crushed Dry Ginger, Ceylon Cinnamon, Cloves, Black Pepper, Star Anise, Saffron",Cinnamon (Dalchini); Creamy; Peppery; Cardamom (Elaichi),4.7,4.5,1.7,9.3,9.8,59,23,6,100,2.5g per 200ml (or 1:1 milk-water for Chai),Digestive Comfort; Anti-inflammatory; Cold & Cough Relief,Uplifted; Cozy,Winter Warmth,372.0,4.94,305,"An exquisite handcrafted masala chai harvest from the famed terroirs of Rajasthan Royal Palace. Imbued with prominent sensory notes of Cinnamon (Dalchini), Creamy, Peppery, this blend exhibits an aroma rating of 9.8/10. Specially curated for uplifted, cozy rituals, it offers potent digestive comfort, anti-inflammatory.",Poha with Roasted Peanuts; Spicy Bhakarwadi & Mathri; Irani Cafe Bun Maska & Chai,https://images.unsplash.com/photo-1544787219-7f47ccb76574?auto=format&fit=crop&w=800&q=80
TEA-IN-0220,Pampore Golden Saffron Green Infusion '24,Kashmir (Pampore Saffron Fields),Kashmir Kahwa,"Kashmiri Green Tea Leaves, Pampore Pure Saffron Strands, Green Cardamom, Cinnamon, Crushed Almond Slivers, Dried Rose Petals",Delicate Green; Saffron (Kesar); Sweet Almond; Floral Honey; Nutty,1.1,7.9,8.1,5.4,10.0,17,4,3,80,2.5g per 200ml (or 1:1 milk-water for Chai),Calming Warmth; Stress Relief,Refreshed; Meditative; Cozy,Winter Warmth,801.0,4.86,392,"An exquisite handcrafted kashmir kahwa harvest from the famed terroirs of Kashmir (Pampore Saffron Fields). Imbued with prominent sensory notes of Delicate Green, Saffron (Kesar), Sweet Almond, this blend exhibits an aroma rating of 10.0/10. Specially curated for refreshed, meditative rituals, it offers potent calming warmth, stress relief.",Spicy Bhakarwadi & Mathri; Traditional Osmania Butter Biscuits,https://images.unsplash.com/photo-1576092768241-dec231879fc3?auto=format&fit=crop&w=800&q=80
TEA-IN-0221,Coonoor Highland Fragrant Amber Lot #250,Nilgiri (Coonoor),Nilgiri,100% High-Elevation Nilgiri Camellia Sinensis,Honey; Crisp Fruit; Sweet Melon,3.4,6.6,7.4,1.0,8.9,47,0,3,92,2.5g per 200ml (or 1:1 milk-water for Chai),Weight Balance; Heart Health; Daily Refreshment; Gentle Alertness,Calm; Creative; Refreshed; Uplifted,First Flush Spring,867.0,4.54,330,"An exquisite handcrafted nilgiri harvest from the famed terroirs of Nilgiri (Coonoor). Imbued with prominent sensory notes of Honey, Crisp Fruit, Sweet Melon, this blend exhibits an aroma rating of 8.9/10. Specially curated for calm, creative rituals, it offers potent weight balance, heart health.",Crisp Hot Samosas with Mint & Tamarind Chutney; Crisp Onion & Paneer Pakoras,https://images.unsplash.com/photo-1597481499750-3e6b22637e12?auto=format&fit=crop&w=800&q=80
TEA-IN-0222,"Sacred Tulsi Trio (Rama, Krishna, Vana) Lot #491",Madhya Pradesh Herbal Forests,Ayurvedic Tisane,"Organic Tulsi (Holy Basil), Ashwagandha Root, Wild Himalayan Turmeric, Brahmi Leaves, Licorice (Mulethi), Fennel Seeds (Saunf), Lemongrass",Cooling; Herbal; Woody; Tulsi Mint,1.5,5.5,7.9,4.2,8.7,0,4,6,97,2.5g per 200ml (or 1:1 milk-water for Chai),Cortisol / Stress Reduction; Immunity Fortification; Deep Restful Sleep,Calm; Relaxed; Meditative,Second Flush Summer,887.0,4.48,444,"An exquisite handcrafted ayurvedic tisane harvest from the famed terroirs of Madhya Pradesh Herbal Forests. Imbued with prominent sensory notes of Cooling, Herbal, Woody, this blend exhibits an aroma rating of 8.7/10. Specially curated for calm, relaxed rituals, it offers potent cortisol / stress reduction, immunity fortification.",Kashmiri Girda Flatbread with Butter; Crisp Onion & Paneer Pakoras; Spicy Bhakarwadi & Mathri,https://images.unsplash.com/photo-1544787219-7f47ccb76574?auto=format&fit=crop&w=800&q=80
TEA-IN-0223,Snow Mist Kangra First Flush Lot #269,Himachal Pradesh (Dharamshala),Kangra Valley,100% Certified GI Tagged Kangra Valley Whole Leaf Tea,Mellow Green; Sweet Vegetal; Nutty,3.5,7.4,5.5,1.8,8.3,40,0,2,77,2.5g per 200ml (or 1:1 milk-water for Chai),Digestive Ease; Metabolic Balance; Antioxidant Shield,Calm; Focused; Meditative,All Season,876.0,4.61,77,"An exquisite handcrafted kangra valley harvest from the famed terroirs of Himachal Pradesh (Dharamshala). Imbued with prominent sensory notes of Mellow Green, Sweet Vegetal, Nutty, this blend exhibits an aroma rating of 8.3/10. Specially curated for calm, focused rituals, it offers potent digestive ease, metabolic balance.",Gulab Jamun with Rosewater Syrup; Crisp Onion & Paneer Pakoras,https://images.unsplash.com/photo-1576092768241-dec231879fc3?auto=format&fit=crop&w=800&q=80
TEA-IN-0224,Temi Estate 100% Organic First Flush '24,Sikkim (Ravangla Highlands),Sikkim Temi,100% Organic Single Estate Temi Leaves,Muscatel; Peach; Sweet Floral,3.2,7.9,8.6,2.1,9.0,34,0,3,88,2.5g per 200ml (or 1:1 milk-water for Chai),Pure Organic Nutrition; Cardiovascular Support; Skin Vitality,Refreshed; Focused; Calm,Autumnal Harvest,1447.0,4.75,252,"An exquisite handcrafted sikkim temi harvest from the famed terroirs of Sikkim (Ravangla Highlands). Imbued with prominent sensory notes of Muscatel, Peach, Sweet Floral, this blend exhibits an aroma rating of 9.0/10. Specially curated for refreshed, focused rituals, it offers potent pure organic nutrition, cardiovascular support.",Crisp Hot Samosas with Mint & Tamarind Chutney; Kolkata Style Kathi Rolls,https://images.unsplash.com/photo-1576092768241-dec231879fc3?auto=format&fit=crop&w=800&q=80
TEA-IN-0225,Castleton Muscatel Supreme '26,Darjeeling (Goomtee),Darjeeling,100% Hand-Picked Camellia Sinensis Single Estate Darjeeling Leaves,Honey; Citrus Zest; Apricot; Green Apple; Muscatel,3.1,6.8,9.8,2.0,9.8,49,1,3,80,2.5g per 200ml (or 1:1 milk-water for Chai),Mental Clarity; Gentle Vitality,Focused; Meditative,First Flush Spring,1269.0,4.57,351,"An exquisite handcrafted darjeeling harvest from the famed terroirs of Darjeeling (Goomtee). Imbued with prominent sensory notes of Honey, Citrus Zest, Apricot, this blend exhibits an aroma rating of 9.8/10. Specially curated for focused, meditative rituals, it offers potent mental clarity, gentle vitality.",Crisp Hot Samosas with Mint & Tamarind Chutney; Traditional Osmania Butter Biscuits,https://images.unsplash.com/photo-1546852199-2d8e8c4aa477?auto=format&fit=crop&w=800&q=80
TEA-IN-0226,Imperial Halmari Single Estate '26,Assam (Upper Brahmaputra Valley),Assam,100% High-Grade Assam Whole Leaf & Golden Buds (Camellia Sinensis var. Assamica),Honey; Molasses; Caramel; Toasted Grain,6.8,4.1,3.1,1.9,8.7,79,4,4,98,2.5g per 200ml (or 1:1 milk-water for Chai),Digestive Power; Immune Strength; High Sustained Energy; Metabolic Fire,Focused; Motivated; Cozy; Uplifted,Second Flush Summer,1176.0,4.76,351,"An exquisite handcrafted assam harvest from the famed terroirs of Assam (Upper Brahmaputra Valley). Imbued with prominent sensory notes of Honey, Molasses, Caramel, this blend exhibits an aroma rating of 8.7/10. Specially curated for focused, motivated rituals, it offers potent digestive power, immune strength.",Shrewsbury Butter Biscuits; Crisp Hot Samosas with Mint & Tamarind Chutney,https://images.unsplash.com/photo-1514733670139-4d87a1941d55?auto=format&fit=crop&w=800&q=80
TEA-IN-0227,Fiery Adrak & Kali Mirch Kadak Chai Lot #763,Rajasthan Royal Palace,Masala Chai,"Assam CTC Black Tea, Green Cardamom Pods, Crushed Dry Ginger, Ceylon Cinnamon, Cloves, Black Pepper, Star Anise, Saffron",Clove (Laung); Creamy; Sweet Heat; Spicy,3.9,6.0,3.7,8.7,9.1,43,34,4,99,2.5g per 200ml (or 1:1 milk-water for Chai),Cold & Cough Relief; Immunity Shield,Refreshed; Uplifted; Comforting; Cozy,Monsoon Special,672.0,4.31,399,"An exquisite handcrafted masala chai harvest from the famed terroirs of Rajasthan Royal Palace. Imbued with prominent sensory notes of Clove (Laung), Creamy, Sweet Heat, this blend exhibits an aroma rating of 9.1/10. Specially curated for refreshed, uplifted rituals, it offers potent cold & cough relief, immunity shield.",Dhokla with Green Chilies; Crisp Onion & Paneer Pakoras; Warm Cardamom Nankhatai,https://images.unsplash.com/photo-1571934811356-5cc061b6821f?auto=format&fit=crop&w=800&q=80
TEA-IN-0228,Traditional Samovar Cinnamon Kahwa Lot #147,Kashmir (Srinagar Valley),Kashmir Kahwa,"Kashmiri Green Tea Leaves, Pampore Pure Saffron Strands, Green Cardamom, Cinnamon, Crushed Almond Slivers, Dried Rose Petals",Cardamom; Nutty; Saffron (Kesar),2.8,6.9,8.1,6.4,9.7,24,2,4,81,2.5g per 200ml (or 1:1 milk-water for Chai),Digestive Fire; Skin Glow & Radiance; Immunity Boost,Refreshed; Relaxed,All Season,1167.0,4.77,356,"An exquisite handcrafted kashmir kahwa harvest from the famed terroirs of Kashmir (Srinagar Valley). Imbued with prominent sensory notes of Cardamom, Nutty, Saffron (Kesar), this blend exhibits an aroma rating of 9.7/10. Specially curated for refreshed, relaxed rituals, it offers potent digestive fire, skin glow & radiance.",Crisp Hot Samosas with Mint & Tamarind Chutney; Irani Cafe Bun Maska & Chai,https://images.unsplash.com/photo-1563822249548-9a72b6353cd1?auto=format&fit=crop&w=800&q=80
TEA-IN-0229,Emerald Dew Nilgiri Green Lot #807 '25,Nilgiri (Ooty Highlands),Nilgiri,100% High-Elevation Nilgiri Camellia Sinensis,Floral; Honey; Sweet Melon; Crisp Fruit; Plum,1.2,6.3,6.6,2.1,9.0,38,0,3,92,2.5g per 200ml (or 1:1 milk-water for Chai),Weight Balance; Daily Refreshment; Antioxidant Rich; Gentle Alertness,Creative; Uplifted,First Flush Spring,1162.0,4.6,268,"An exquisite handcrafted nilgiri harvest from the famed terroirs of Nilgiri (Ooty Highlands). Imbued with prominent sensory notes of Floral, Honey, Sweet Melon, this blend exhibits an aroma rating of 9.0/10. Specially curated for creative, uplifted rituals, it offers potent weight balance, daily refreshment.",Kolkata Style Kathi Rolls; Irani Cafe Bun Maska & Chai,https://images.unsplash.com/photo-1546852199-2d8e8c4aa477?auto=format&fit=crop&w=800&q=80
TEA-IN-0230,"Sacred Tulsi Trio (Rama, Krishna, Vana) Lot #307",Uttarakhand Sacred Valleys,Ayurvedic Tisane,"Organic Tulsi (Holy Basil), Ashwagandha Root, Wild Himalayan Turmeric, Brahmi Leaves, Licorice (Mulethi), Fennel Seeds (Saunf), Lemongrass",Warm Ginger; Herbal; Cooling; Woody; Botanical,2.6,5.6,5.3,2.4,9.2,0,3,6,100,2.5g per 200ml (or 1:1 milk-water for Chai),Cortisol / Stress Reduction; Gut Health & Detox; Immunity Fortification; Joint & Anti-inflammatory,Calm; Soothing; Relaxed; Meditative,Autumnal Harvest,878.0,4.38,338,"An exquisite handcrafted ayurvedic tisane harvest from the famed terroirs of Uttarakhand Sacred Valleys. Imbued with prominent sensory notes of Warm Ginger, Herbal, Cooling, this blend exhibits an aroma rating of 9.2/10. Specially curated for calm, soothing rituals, it offers potent cortisol / stress reduction, gut health & detox.",Poha with Roasted Peanuts; Warm Cardamom Nankhatai,https://images.unsplash.com/photo-1544787219-7f47ccb76574?auto=format&fit=crop&w=800&q=80
TEA-IN-0231,Himalayan Cedar Scented Kangra Lot #266,Himachal Pradesh (Palampur),Kangra Valley,100% Certified GI Tagged Kangra Valley Whole Leaf Tea,Mellow Green; Floral; Sweet Vegetal; Pine Mist,1.5,6.4,5.8,0.8,8.8,31,4,4,85,2.5g per 200ml (or 1:1 milk-water for Chai),High Polyphenols; Metabolic Balance; Peaceful Focus; Antioxidant Shield,Calm; Focused; Uplifted,Winter Warmth,818.0,4.84,272,"An exquisite handcrafted kangra valley harvest from the famed terroirs of Himachal Pradesh (Palampur). Imbued with prominent sensory notes of Mellow Green, Floral, Sweet Vegetal, this blend exhibits an aroma rating of 8.8/10. Specially curated for calm, focused rituals, it offers potent high polyphenols, metabolic balance.",Traditional Osmania Butter Biscuits; Irani Cafe Bun Maska & Chai,https://images.unsplash.com/photo-1563822249548-9a72b6353cd1?auto=format&fit=crop&w=800&q=80
TEA-IN-0232,Kanchenjunga Mist Golden Tips Lot #119,"Sikkim (Temi Tea Estate, South Sikkim)",Sikkim Temi,100% Organic Single Estate Temi Leaves,Honeyed Wood; Sweet Floral; Peach; Caramel; Muscatel,2.0,7.7,6.9,2.7,8.8,46,2,4,85,2.5g per 200ml (or 1:1 milk-water for Chai),Cardiovascular Support; Pure Organic Nutrition; L-Theanine Serenity,Calm; Serene,Monsoon Special,1620.0,4.83,332,"An exquisite handcrafted sikkim temi harvest from the famed terroirs of Sikkim (Temi Tea Estate, South Sikkim). Imbued with prominent sensory notes of Honeyed Wood, Sweet Floral, Peach, this blend exhibits an aroma rating of 8.8/10. Specially curated for calm, serene rituals, it offers potent cardiovascular support, pure organic nutrition.",Gulab Jamun with Rosewater Syrup; Kashmiri Girda Flatbread with Butter,https://images.unsplash.com/photo-1546852199-2d8e8c4aa477?auto=format&fit=crop&w=800&q=80
TEA-IN-0233,High Elevation Queen of Teas Lot #272 '24,Darjeeling (Makaibari),Darjeeling,100% Hand-Picked Camellia Sinensis Single Estate Darjeeling Leaves,Citrus Zest; Muscatel; Floral; Pine Wood,3.8,5.6,7.9,1.2,9.0,48,0,3,90,2.5g per 200ml (or 1:1 milk-water for Chai),Cellular Protection; Gentle Vitality,Focused; Meditative,Monsoon Special,1042.0,4.79,232,"An exquisite handcrafted darjeeling harvest from the famed terroirs of Darjeeling (Makaibari). Imbued with prominent sensory notes of Citrus Zest, Muscatel, Floral, this blend exhibits an aroma rating of 9.0/10. Specially curated for focused, meditative rituals, it offers potent cellular protection, gentle vitality.",Shrewsbury Butter Biscuits; Warm Cardamom Nankhatai; Irani Cafe Bun Maska & Chai,https://images.unsplash.com/photo-1594631252845-29fc4cc8cde9?auto=format&fit=crop&w=800&q=80
TEA-IN-0234,Brahmaputra Valley Bold Red Lot #643,Assam (Jorhat),Assam,100% High-Grade Assam Whole Leaf & Golden Buds (Camellia Sinensis var. Assamica),Toasted Grain; Molasses; Malty; Caramel,4.8,5.8,2.2,2.7,8.1,79,5,5,95,2.5g per 200ml (or 1:1 milk-water for Chai),High Sustained Energy; Immune Strength,Motivated; Cozy; Focused,All Season,1130.0,4.4,314,"An exquisite handcrafted assam harvest from the famed terroirs of Assam (Jorhat). Imbued with prominent sensory notes of Toasted Grain, Molasses, Malty, this blend exhibits an aroma rating of 8.1/10. Specially curated for motivated, cozy rituals, it offers potent high sustained energy, immune strength.",Spicy Bhakarwadi & Mathri; Crisp Hot Samosas with Mint & Tamarind Chutney,https://images.unsplash.com/photo-1544787219-7f47ccb76574?auto=format&fit=crop&w=800&q=80
TEA-IN-0235,Star Anise & Nutmeg Winter Chai Lot #798 '25,Kolkata Street Estate,Masala Chai,"Assam CTC Black Tea, Green Cardamom Pods, Crushed Dry Ginger, Ceylon Cinnamon, Cloves, Black Pepper, Star Anise, Saffron",Cinnamon (Dalchini); Clove (Laung); Creamy; Peppery,5.2,5.4,2.0,9.6,9.9,58,24,6,98,2.5g per 200ml (or 1:1 milk-water for Chai),Digestive Comfort; Cold & Cough Relief; Anti-inflammatory; Instant Warming,Energetic; Cozy,Autumnal Harvest,648.0,4.8,84,"An exquisite handcrafted masala chai harvest from the famed terroirs of Kolkata Street Estate. Imbued with prominent sensory notes of Cinnamon (Dalchini), Clove (Laung), Creamy, this blend exhibits an aroma rating of 9.9/10. Specially curated for energetic, cozy rituals, it offers potent digestive comfort, cold & cough relief.",Shrewsbury Butter Biscuits; Crisp Onion & Paneer Pakoras,https://images.unsplash.com/photo-1571934811356-5cc061b6821f?auto=format&fit=crop&w=800&q=80
TEA-IN-0236,Rose Petal & Kashmiri Cardamom Kahwa Lot #420,Kashmir (Srinagar Valley),Kashmir Kahwa,"Kashmiri Green Tea Leaves, Pampore Pure Saffron Strands, Green Cardamom, Cinnamon, Crushed Almond Slivers, Dried Rose Petals",Delicate Green; Saffron (Kesar); Cinnamon; Cardamom; Floral Honey,2.5,6.5,6.1,7.4,9.6,18,2,5,83,2.5g per 200ml (or 1:1 milk-water for Chai),Calming Warmth; Digestive Fire; Skin Glow & Radiance; Immunity Boost,Refreshed; Relaxed; Cozy; Calm,Winter Warmth,1500.0,4.94,360,"An exquisite handcrafted kashmir kahwa harvest from the famed terroirs of Kashmir (Srinagar Valley). Imbued with prominent sensory notes of Delicate Green, Saffron (Kesar), Cinnamon, this blend exhibits an aroma rating of 9.6/10. Specially curated for refreshed, relaxed rituals, it offers potent calming warmth, digestive fire.",Dhokla with Green Chilies; Crisp Onion & Paneer Pakoras; Traditional Osmania Butter Biscuits,https://images.unsplash.com/photo-1576092768241-dec231879fc3?auto=format&fit=crop&w=800&q=80
TEA-IN-0237,Glendale High-Grown Special '26,Nilgiri (Ooty Highlands),Nilgiri,100% High-Elevation Nilgiri Camellia Sinensis,Honey; Floral; Plum,2.4,6.3,7.1,2.0,8.2,45,1,4,92,2.5g per 200ml (or 1:1 milk-water for Chai),Heart Health; Antioxidant Rich; Gentle Alertness,Refreshed; Focused; Uplifted,Autumnal Harvest,997.0,4.65,222,"An exquisite handcrafted nilgiri harvest from the famed terroirs of Nilgiri (Ooty Highlands). Imbued with prominent sensory notes of Honey, Floral, Plum, this blend exhibits an aroma rating of 8.2/10. Specially curated for refreshed, focused rituals, it offers potent heart health, antioxidant rich.",Shrewsbury Butter Biscuits; Crisp Onion & Paneer Pakoras; Kolkata Style Kathi Rolls,https://images.unsplash.com/photo-1546852199-2d8e8c4aa477?auto=format&fit=crop&w=800&q=80
TEA-IN-0238,Giloy & Tulsi Monsoon Kadha Herbal Lot #806 '25,Uttarakhand Sacred Valleys,Ayurvedic Tisane,"Organic Tulsi (Holy Basil), Ashwagandha Root, Wild Himalayan Turmeric, Brahmi Leaves, Licorice (Mulethi), Fennel Seeds (Saunf), Lemongrass",Warm Ginger; Cooling; Fennel Sweetness,2.3,5.7,4.7,4.0,8.5,0,5,7,99,2.5g per 200ml (or 1:1 milk-water for Chai),Immunity Fortification; Deep Restful Sleep,Meditative; Cozy,Winter Warmth,488.0,4.66,80,"An exquisite handcrafted ayurvedic tisane harvest from the famed terroirs of Uttarakhand Sacred Valleys. Imbued with prominent sensory notes of Warm Ginger, Cooling, Fennel Sweetness, this blend exhibits an aroma rating of 8.5/10. Specially curated for meditative, cozy rituals, it offers potent immunity fortification, deep restful sleep.",Crisp Onion & Paneer Pakoras; Kolkata Style Kathi Rolls,https://images.unsplash.com/photo-1544787219-7f47ccb76574?auto=format&fit=crop&w=800&q=80
TEA-IN-0239,Dharamshala Mountain Dew Green,Himachal Pradesh (Dharamshala),Kangra Valley,100% Certified GI Tagged Kangra Valley Whole Leaf Tea,Roasted Corn; Pine Mist; Nutty,3.0,5.9,7.1,0.6,8.8,42,1,2,82,2.5g per 200ml (or 1:1 milk-water for Chai),High Polyphenols; Peaceful Focus,Refreshed; Uplifted; Calm,All Season,1108.0,4.39,90,"An exquisite handcrafted kangra valley harvest from the famed terroirs of Himachal Pradesh (Dharamshala). Imbued with prominent sensory notes of Roasted Corn, Pine Mist, Nutty, this blend exhibits an aroma rating of 8.8/10. Specially curated for refreshed, uplifted rituals, it offers potent high polyphenols, peaceful focus.",Gulab Jamun with Rosewater Syrup; Spicy Bhakarwadi & Mathri; Crisp Onion & Paneer Pakoras,https://images.unsplash.com/photo-1563822249548-9a72b6353cd1?auto=format&fit=crop&w=800&q=80
TEA-IN-0240,High Altitude Cloud Pluck Temi Red '24,Sikkim (Ravangla Highlands),Sikkim Temi,100% Organic Single Estate Temi Leaves,Sweet Floral; Muscatel; Honeyed Wood; Caramel,3.1,7.7,7.5,1.5,8.6,40,5,4,90,2.5g per 200ml (or 1:1 milk-water for Chai),L-Theanine Serenity; Skin Vitality,Calm; Refreshed; Meditative; Serene,Monsoon Special,594.0,4.94,112,"An exquisite handcrafted sikkim temi harvest from the famed terroirs of Sikkim (Ravangla Highlands). Imbued with prominent sensory notes of Sweet Floral, Muscatel, Honeyed Wood, this blend exhibits an aroma rating of 8.6/10. Specially curated for calm, refreshed rituals, it offers potent l-theanine serenity, skin vitality.",Shrewsbury Butter Biscuits; Gulab Jamun with Rosewater Syrup,https://images.unsplash.com/photo-1546852199-2d8e8c4aa477?auto=format&fit=crop&w=800&q=80
TEA-IN-0241,Moonlight Imperial Pluck '26,Darjeeling (Singbulli),Darjeeling,100% Hand-Picked Camellia Sinensis Single Estate Darjeeling Leaves,Muscatel; Honey; Pine Wood,2.6,8.2,8.8,1.1,8.1,51,0,4,86,2.5g per 200ml (or 1:1 milk-water for Chai),Mental Clarity; High Antioxidants; Gentle Vitality,Calm; Focused,Monsoon Special,835.0,4.95,367,"An exquisite handcrafted darjeeling harvest from the famed terroirs of Darjeeling (Singbulli). Imbued with prominent sensory notes of Muscatel, Honey, Pine Wood, this blend exhibits an aroma rating of 8.1/10. Specially curated for calm, focused rituals, it offers potent mental clarity, high antioxidants.",Kashmiri Girda Flatbread with Butter; Warm Cardamom Nankhatai; Irani Cafe Bun Maska & Chai,https://images.unsplash.com/photo-1576092768241-dec231879fc3?auto=format&fit=crop&w=800&q=80
TEA-IN-0242,Golden Tips Extra Special Orthodox Lot #286,Assam (Sibsagar),Assam,100% High-Grade Assam Whole Leaf & Golden Buds (Camellia Sinensis var. Assamica),Honey; Bold Body; Molasses,4.2,4.4,2.0,2.7,7.8,63,0,4,96,2.5g per 200ml (or 1:1 milk-water for Chai),Digestive Power; Cardiovascular Support; High Sustained Energy; Metabolic Fire,Energetic; Motivated; Cozy,Monsoon Special,542.0,4.96,365,"An exquisite handcrafted assam harvest from the famed terroirs of Assam (Sibsagar). Imbued with prominent sensory notes of Honey, Bold Body, Molasses, this blend exhibits an aroma rating of 7.8/10. Specially curated for energetic, motivated rituals, it offers potent digestive power, cardiovascular support.",Crisp Hot Samosas with Mint & Tamarind Chutney; Spicy Bhakarwadi & Mathri; Traditional Osmania Butter Biscuits,https://images.unsplash.com/photo-1544787219-7f47ccb76574?auto=format&fit=crop&w=800&q=80
TEA-IN-0243,Five-Spice Maharaja Special Chai Lot #229,Delhi Old Quarter,Masala Chai,"Assam CTC Black Tea, Green Cardamom Pods, Crushed Dry Ginger, Ceylon Cinnamon, Cloves, Black Pepper, Star Anise, Saffron",Spicy; Creamy; Sweet Heat; Cinnamon (Dalchini),4.2,4.4,2.9,8.0,10.0,51,25,4,99,2.5g per 200ml (or 1:1 milk-water for Chai),Cold & Cough Relief; Digestive Comfort; Immunity Shield; Anti-inflammatory,Refreshed; Energetic; Uplifted,Winter Warmth,711.0,4.49,102,"An exquisite handcrafted masala chai harvest from the famed terroirs of Delhi Old Quarter. Imbued with prominent sensory notes of Spicy, Creamy, Sweet Heat, this blend exhibits an aroma rating of 10.0/10. Specially curated for refreshed, energetic rituals, it offers potent cold & cough relief, digestive comfort.",Poha with Roasted Peanuts; Crisp Onion & Paneer Pakoras; Traditional Osmania Butter Biscuits,https://images.unsplash.com/photo-1544787219-7f47ccb76574?auto=format&fit=crop&w=800&q=80
TEA-IN-0244,Himalayan Crushed Walnut & Kahwa Blend,Kashmir (Srinagar Valley),Kashmir Kahwa,"Kashmiri Green Tea Leaves, Pampore Pure Saffron Strands, Green Cardamom, Cinnamon, Crushed Almond Slivers, Dried Rose Petals",Delicate Green; Saffron (Kesar); Cinnamon; Sweet Almond; Floral Honey,1.3,7.7,7.0,6.3,9.6,29,2,5,82,2.5g per 200ml (or 1:1 milk-water for Chai),Calming Warmth; Stress Relief; Skin Glow & Radiance; Immunity Boost,Calm; Relaxed; Meditative; Refreshed,Monsoon Special,1761.0,4.76,231,"An exquisite handcrafted kashmir kahwa harvest from the famed terroirs of Kashmir (Srinagar Valley). Imbued with prominent sensory notes of Delicate Green, Saffron (Kesar), Cinnamon, this blend exhibits an aroma rating of 9.6/10. Specially curated for calm, relaxed rituals, it offers potent calming warmth, stress relief.",Dhokla with Green Chilies; Gulab Jamun with Rosewater Syrup,https://images.unsplash.com/photo-1563822249548-9a72b6353cd1?auto=format&fit=crop&w=800&q=80
TEA-IN-0245,Coonoor Highland Fragrant Amber Lot #765 '26,Nilgiri (Blue Mountains),Nilgiri,100% High-Elevation Nilgiri Camellia Sinensis,Bright Citrus; Sweet Melon; Plum,1.1,8.1,8.0,1.8,8.5,51,4,4,91,2.5g per 200ml (or 1:1 milk-water for Chai),Heart Health; Daily Refreshment,Refreshed; Uplifted,Second Flush Summer,1098.0,4.78,118,"An exquisite handcrafted nilgiri harvest from the famed terroirs of Nilgiri (Blue Mountains). Imbued with prominent sensory notes of Bright Citrus, Sweet Melon, Plum, this blend exhibits an aroma rating of 8.5/10. Specially curated for refreshed, uplifted rituals, it offers potent heart health, daily refreshment.",Kashmiri Girda Flatbread with Butter; Crisp Hot Samosas with Mint & Tamarind Chutney,https://images.unsplash.com/photo-1597481499750-3e6b22637e12?auto=format&fit=crop&w=800&q=80
TEA-IN-0246,Moringa & Lemongrass Detox Flush,Himalayan Foothills,Ayurvedic Tisane,"Organic Tulsi (Holy Basil), Ashwagandha Root, Wild Himalayan Turmeric, Brahmi Leaves, Licorice (Mulethi), Fennel Seeds (Saunf), Lemongrass",Cooling; Sweet Earthy; Woody; Fennel Sweetness,1.4,5.1,7.6,4.8,7.9,0,5,6,95,2.5g per 200ml (or 1:1 milk-water for Chai),Cortisol / Stress Reduction; Immunity Fortification; Joint & Anti-inflammatory; Deep Restful Sleep,Calm; Relaxed; Meditative; Cozy,All Season,740.0,4.72,368,"An exquisite handcrafted ayurvedic tisane harvest from the famed terroirs of Himalayan Foothills. Imbued with prominent sensory notes of Cooling, Sweet Earthy, Woody, this blend exhibits an aroma rating of 7.9/10. Specially curated for calm, relaxed rituals, it offers potent cortisol / stress reduction, immunity fortification.",Poha with Roasted Peanuts; Crisp Hot Samosas with Mint & Tamarind Chutney; Traditional Osmania Butter Biscuits,https://images.unsplash.com/photo-1544787219-7f47ccb76574?auto=format&fit=crop&w=800&q=80
TEA-IN-0247,Kangra Imperial Green Dragon Lot #766,Himachal Pradesh (Dharamshala),Kangra Valley,100% Certified GI Tagged Kangra Valley Whole Leaf Tea,Floral; Sweet Vegetal; Pine Mist; Nutty; Mellow Green,3.3,6.6,8.5,0.9,8.4,34,2,4,75,2.5g per 200ml (or 1:1 milk-water for Chai),Antioxidant Shield; High Polyphenols; Peaceful Focus,Refreshed; Focused; Uplifted,Monsoon Special,1179.0,4.43,188,"An exquisite handcrafted kangra valley harvest from the famed terroirs of Himachal Pradesh (Dharamshala). Imbued with prominent sensory notes of Floral, Sweet Vegetal, Pine Mist, this blend exhibits an aroma rating of 8.4/10. Specially curated for refreshed, focused rituals, it offers potent antioxidant shield, high polyphenols.",Kashmiri Girda Flatbread with Butter; Spicy Bhakarwadi & Mathri,https://images.unsplash.com/photo-1563822249548-9a72b6353cd1?auto=format&fit=crop&w=800&q=80
TEA-IN-0248,Temi Estate 100% Organic First Flush,"Sikkim (Temi Tea Estate, South Sikkim)",Sikkim Temi,100% Organic Single Estate Temi Leaves,Sweet Floral; Peach; Caramel; Muscatel; Gentle Spice,1.5,8.0,8.8,2.7,8.4,39,2,3,87,2.5g per 200ml (or 1:1 milk-water for Chai),Cardiovascular Support; Pure Organic Nutrition; L-Theanine Serenity; Skin Vitality,Refreshed; Meditative; Calm,Second Flush Summer,1183.0,4.59,72,"An exquisite handcrafted sikkim temi harvest from the famed terroirs of Sikkim (Temi Tea Estate, South Sikkim). Imbued with prominent sensory notes of Sweet Floral, Peach, Caramel, this blend exhibits an aroma rating of 8.4/10. Specially curated for refreshed, meditative rituals, it offers potent cardiovascular support, pure organic nutrition.",Gulab Jamun with Rosewater Syrup; Crisp Hot Samosas with Mint & Tamarind Chutney,https://images.unsplash.com/photo-1546852199-2d8e8c4aa477?auto=format&fit=crop&w=800&q=80
TEA-IN-0249,High Elevation Queen of Teas,Darjeeling (Makaibari),Darjeeling,100% Hand-Picked Camellia Sinensis Single Estate Darjeeling Leaves,Floral; Citrus Zest; Apricot; Green Apple; Muscatel,1.7,8.0,7.7,1.4,9.3,30,3,4,86,2.5g per 200ml (or 1:1 milk-water for Chai),Mental Clarity; High Antioxidants; Cellular Protection; Heart Wellness,Calm; Uplifted,All Season,1491.0,4.54,266,"An exquisite handcrafted darjeeling harvest from the famed terroirs of Darjeeling (Makaibari). Imbued with prominent sensory notes of Floral, Citrus Zest, Apricot, this blend exhibits an aroma rating of 9.3/10. Specially curated for calm, uplifted rituals, it offers potent mental clarity, high antioxidants.",Dhokla with Green Chilies; Irani Cafe Bun Maska & Chai,https://images.unsplash.com/photo-1546852199-2d8e8c4aa477?auto=format&fit=crop&w=800&q=80
TEA-IN-0250,Dark Mahogany Malt Reserve '24,Assam (Jorhat),Assam,100% High-Grade Assam Whole Leaf & Golden Buds (Camellia Sinensis var. Assamica),Bold Body; Molasses; Woody; Caramel,4.4,5.0,2.5,3.5,7.9,70,4,4,96,2.5g per 200ml (or 1:1 milk-water for Chai),Cardiovascular Support; High Sustained Energy; Metabolic Fire,Energetic; Cozy,All Season,1118.0,4.83,194,"An exquisite handcrafted assam harvest from the famed terroirs of Assam (Jorhat). Imbued with prominent sensory notes of Bold Body, Molasses, Woody, this blend exhibits an aroma rating of 7.9/10. Specially curated for energetic, cozy rituals, it offers potent cardiovascular support, high sustained energy.",Poha with Roasted Peanuts; Crisp Onion & Paneer Pakoras; Traditional Osmania Butter Biscuits,https://images.unsplash.com/photo-1544787219-7f47ccb76574?auto=format&fit=crop&w=800&q=80
TEA-IN-0251,Caramelized Jaggery (Gur) Spiced Chai Lot #440 '26,Rajasthan Royal Palace,Masala Chai,"Assam CTC Black Tea, Green Cardamom Pods, Crushed Dry Ginger, Ceylon Cinnamon, Cloves, Black Pepper, Star Anise, Saffron",Cinnamon (Dalchini); Cardamom (Elaichi); Peppery,5.9,6.8,2.3,7.9,9.5,63,17,5,96,2.5g per 200ml (or 1:1 milk-water for Chai),Immunity Shield; Anti-inflammatory; Cold & Cough Relief,Energetic; Uplifted; Cozy,Monsoon Special,290.0,4.32,78,"An exquisite handcrafted masala chai harvest from the famed terroirs of Rajasthan Royal Palace. Imbued with prominent sensory notes of Cinnamon (Dalchini), Cardamom (Elaichi), Peppery, this blend exhibits an aroma rating of 9.5/10. Specially curated for energetic, uplifted rituals, it offers potent immunity shield, anti-inflammatory.",Crisp Hot Samosas with Mint & Tamarind Chutney; Crisp Onion & Paneer Pakoras; Irani Cafe Bun Maska & Chai,https://images.unsplash.com/photo-1544787219-7f47ccb76574?auto=format&fit=crop&w=800&q=80
TEA-IN-0252,Himalayan Crushed Walnut & Kahwa Blend,Kashmir (Pampore Saffron Fields),Kashmir Kahwa,"Kashmiri Green Tea Leaves, Pampore Pure Saffron Strands, Green Cardamom, Cinnamon, Crushed Almond Slivers, Dried Rose Petals",Delicate Green; Saffron (Kesar); Cardamom; Sweet Almond; Floral Honey,2.5,6.1,6.1,5.6,9.2,28,5,3,82,2.5g per 200ml (or 1:1 milk-water for Chai),Calming Warmth; Skin Glow & Radiance; Immunity Boost,Refreshed; Relaxed,First Flush Spring,1016.0,4.55,107,"An exquisite handcrafted kashmir kahwa harvest from the famed terroirs of Kashmir (Pampore Saffron Fields). Imbued with prominent sensory notes of Delicate Green, Saffron (Kesar), Cardamom, this blend exhibits an aroma rating of 9.2/10. Specially curated for refreshed, relaxed rituals, it offers potent calming warmth, skin glow & radiance.",Gulab Jamun with Rosewater Syrup; Traditional Osmania Butter Biscuits; Warm Cardamom Nankhatai,https://images.unsplash.com/photo-1563822249548-9a72b6353cd1?auto=format&fit=crop&w=800&q=80
TEA-IN-0253,Blue Mountain Aromatic Orthdox '24,Nilgiri (Blue Mountains),Nilgiri,100% High-Elevation Nilgiri Camellia Sinensis,Crisp Fruit; Floral; Sweet Melon; Plum,1.5,6.9,7.1,1.7,9.5,39,0,3,93,2.5g per 200ml (or 1:1 milk-water for Chai),Weight Balance; Daily Refreshment,Refreshed; Creative; Uplifted; Calm,First Flush Spring,909.0,4.81,350,"An exquisite handcrafted nilgiri harvest from the famed terroirs of Nilgiri (Blue Mountains). Imbued with prominent sensory notes of Crisp Fruit, Floral, Sweet Melon, this blend exhibits an aroma rating of 9.5/10. Specially curated for refreshed, creative rituals, it offers potent weight balance, daily refreshment.",Poha with Roasted Peanuts; Dhokla with Green Chilies; Kolkata Style Kathi Rolls,https://images.unsplash.com/photo-1546852199-2d8e8c4aa477?auto=format&fit=crop&w=800&q=80
TEA-IN-0254,Giloy & Tulsi Monsoon Kadha Herbal '26,Uttarakhand Sacred Valleys,Ayurvedic Tisane,"Organic Tulsi (Holy Basil), Ashwagandha Root, Wild Himalayan Turmeric, Brahmi Leaves, Licorice (Mulethi), Fennel Seeds (Saunf), Lemongrass",Warm Ginger; Cooling; Sweet Earthy,2.2,6.9,6.0,3.1,8.3,0,4,7,95,2.5g per 200ml (or 1:1 milk-water for Chai),Gut Health & Detox; Deep Restful Sleep,Soothing; Meditative; Cozy,Winter Warmth,354.0,4.81,171,"An exquisite handcrafted ayurvedic tisane harvest from the famed terroirs of Uttarakhand Sacred Valleys. Imbued with prominent sensory notes of Warm Ginger, Cooling, Sweet Earthy, this blend exhibits an aroma rating of 8.3/10. Specially curated for soothing, meditative rituals, it offers potent gut health & detox, deep restful sleep.",Crisp Onion & Paneer Pakoras; Warm Cardamom Nankhatai,https://images.unsplash.com/photo-1544787219-7f47ccb76574?auto=format&fit=crop&w=800&q=80
TEA-IN-0255,Snow Mist Kangra First Flush,Himachal Pradesh (Dharamshala),Kangra Valley,100% Certified GI Tagged Kangra Valley Whole Leaf Tea,Floral; Sweet Vegetal; Pine Mist,2.3,6.3,6.6,1.1,7.7,34,2,3,75,2.5g per 200ml (or 1:1 milk-water for Chai),Digestive Ease; High Polyphenols; Metabolic Balance; Antioxidant Shield,Calm; Uplifted; Meditative; Focused,Second Flush Summer,432.0,4.44,120,"An exquisite handcrafted kangra valley harvest from the famed terroirs of Himachal Pradesh (Dharamshala). Imbued with prominent sensory notes of Floral, Sweet Vegetal, Pine Mist, this blend exhibits an aroma rating of 7.7/10. Specially curated for calm, uplifted rituals, it offers potent digestive ease, high polyphenols.",Kashmiri Girda Flatbread with Butter; Kolkata Style Kathi Rolls,https://images.unsplash.com/photo-1563822249548-9a72b6353cd1?auto=format&fit=crop&w=800&q=80
TEA-IN-0256,Sikkim Royal Orthodox Muscatel Lot #887 '25,Sikkim (Ravangla Highlands),Sikkim Temi,100% Organic Single Estate Temi Leaves,Honeyed Wood; Gentle Spice; Peach; Caramel,1.9,7.5,6.8,2.7,9.1,40,2,3,87,2.5g per 200ml (or 1:1 milk-water for Chai),Pure Organic Nutrition; L-Theanine Serenity; Cardiovascular Support; Skin Vitality,Focused; Serene,Winter Warmth,1359.0,4.79,256,"An exquisite handcrafted sikkim temi harvest from the famed terroirs of Sikkim (Ravangla Highlands). Imbued with prominent sensory notes of Honeyed Wood, Gentle Spice, Peach, this blend exhibits an aroma rating of 9.1/10. Specially curated for focused, serene rituals, it offers potent pure organic nutrition, l-theanine serenity.",Dhokla with Green Chilies; Shrewsbury Butter Biscuits; Traditional Osmania Butter Biscuits,https://images.unsplash.com/photo-1576092768241-dec231879fc3?auto=format&fit=crop&w=800&q=80
TEA-IN-0257,Second Flush Muscatel Gold Lot #540 '26,Darjeeling (Margaret's Hope),Darjeeling,100% Hand-Picked Camellia Sinensis Single Estate Darjeeling Leaves,Floral; Citrus Zest; Honey; Apricot; Green Apple,2.5,6.8,9.6,0.5,8.3,51,2,3,87,2.5g per 200ml (or 1:1 milk-water for Chai),Mental Clarity; High Antioxidants; Gentle Vitality; Heart Wellness,Calm; Focused; Meditative; Uplifted,Monsoon Special,1539.0,4.43,75,"An exquisite handcrafted darjeeling harvest from the famed terroirs of Darjeeling (Margaret's Hope). Imbued with prominent sensory notes of Floral, Citrus Zest, Honey, this blend exhibits an aroma rating of 8.3/10. Specially curated for calm, focused rituals, it offers potent mental clarity, high antioxidants.",Kashmiri Girda Flatbread with Butter; Spicy Bhakarwadi & Mathri; Traditional Osmania Butter Biscuits,https://images.unsplash.com/photo-1594631252845-29fc4cc8cde9?auto=format&fit=crop&w=800&q=80
TEA-IN-0258,Dark Mahogany Malt Reserve Lot #196,Assam (Mangaldai),Assam,100% High-Grade Assam Whole Leaf & Golden Buds (Camellia Sinensis var. Assamica),Bold Body; Molasses; Woody,6.4,3.6,3.5,3.3,7.1,56,3,5,96,2.5g per 200ml (or 1:1 milk-water for Chai),Digestive Power; High Sustained Energy,Energetic; Motivated; Cozy,Monsoon Special,415.0,4.58,400,"An exquisite handcrafted assam harvest from the famed terroirs of Assam (Mangaldai). Imbued with prominent sensory notes of Bold Body, Molasses, Woody, this blend exhibits an aroma rating of 7.1/10. Specially curated for energetic, motivated rituals, it offers potent digestive power, high sustained energy.",Kashmiri Girda Flatbread with Butter; Spicy Bhakarwadi & Mathri; Irani Cafe Bun Maska & Chai,https://images.unsplash.com/photo-1544787219-7f47ccb76574?auto=format&fit=crop&w=800&q=80
TEA-IN-0259,Dhaba Style Kulhad Strong Chai,Mumbai Heritage,Masala Chai,"Assam CTC Black Tea, Green Cardamom Pods, Crushed Dry Ginger, Ceylon Cinnamon, Cloves, Black Pepper, Star Anise, Saffron",Clove (Laung); Cardamom (Elaichi); Spicy; Creamy,4.3,7.2,2.4,9.0,9.9,57,47,6,100,2.5g per 200ml (or 1:1 milk-water for Chai),Digestive Comfort; Immunity Shield; Instant Warming,Refreshed; Energetic,Monsoon Special,655.0,4.5,253,"An exquisite handcrafted masala chai harvest from the famed terroirs of Mumbai Heritage. Imbued with prominent sensory notes of Clove (Laung), Cardamom (Elaichi), Spicy, this blend exhibits an aroma rating of 9.9/10. Specially curated for refreshed, energetic rituals, it offers potent digestive comfort, immunity shield.",Dhokla with Green Chilies; Gulab Jamun with Rosewater Syrup; Kashmiri Girda Flatbread with Butter,https://images.unsplash.com/photo-1571934811356-5cc061b6821f?auto=format&fit=crop&w=800&q=80
TEA-IN-0260,Himalayan Crushed Walnut & Kahwa Blend Lot #930 '25,Kashmir (Pampore Saffron Fields),Kashmir Kahwa,"Kashmiri Green Tea Leaves, Pampore Pure Saffron Strands, Green Cardamom, Cinnamon, Crushed Almond Slivers, Dried Rose Petals",Saffron (Kesar); Cinnamon; Cardamom; Sweet Almond; Floral Honey,1.5,8.7,8.6,6.4,9.9,17,4,3,83,2.5g per 200ml (or 1:1 milk-water for Chai),Calming Warmth; Digestive Fire; Skin Glow & Radiance; Immunity Boost,Refreshed; Relaxed; Cozy,Second Flush Summer,1073.0,4.41,126,"An exquisite handcrafted kashmir kahwa harvest from the famed terroirs of Kashmir (Pampore Saffron Fields). Imbued with prominent sensory notes of Saffron (Kesar), Cinnamon, Cardamom, this blend exhibits an aroma rating of 9.9/10. Specially curated for refreshed, relaxed rituals, it offers potent calming warmth, digestive fire.",Shrewsbury Butter Biscuits; Kolkata Style Kathi Rolls,https://images.unsplash.com/photo-1576092768241-dec231879fc3?auto=format&fit=crop&w=800&q=80
TEA-IN-0261,Tiger Hill Single Cultivar Nilgiri '26,Nilgiri (Blue Mountains),Nilgiri,100% High-Elevation Nilgiri Camellia Sinensis,Light Malt; Honey; Sweet Melon; Bright Citrus; Plum,2.2,6.9,7.2,0.9,8.1,40,5,3,90,2.5g per 200ml (or 1:1 milk-water for Chai),Weight Balance; Gentle Alertness,Calm; Creative; Uplifted; Focused,Winter Warmth,460.0,4.5,293,"An exquisite handcrafted nilgiri harvest from the famed terroirs of Nilgiri (Blue Mountains). Imbued with prominent sensory notes of Light Malt, Honey, Sweet Melon, this blend exhibits an aroma rating of 8.1/10. Specially curated for calm, creative rituals, it offers potent weight balance, gentle alertness.",Crisp Hot Samosas with Mint & Tamarind Chutney; Irani Cafe Bun Maska & Chai,https://images.unsplash.com/photo-1546852199-2d8e8c4aa477?auto=format&fit=crop&w=800&q=80
TEA-IN-0262,Turmeric Ginger Curcumin Immunity Guard Lot #112 '24,Kerala (Western Ghats),Ayurvedic Tisane,"Organic Tulsi (Holy Basil), Ashwagandha Root, Wild Himalayan Turmeric, Brahmi Leaves, Licorice (Mulethi), Fennel Seeds (Saunf), Lemongrass",Warm Ginger; Sweet Earthy; Fennel Sweetness; Botanical; Tulsi Mint,1.6,4.7,6.9,5.6,8.6,0,0,7,99,2.5g per 200ml (or 1:1 milk-water for Chai),Cortisol / Stress Reduction; Joint & Anti-inflammatory,Calm; Meditative,First Flush Spring,358.0,4.59,27,"An exquisite handcrafted ayurvedic tisane harvest from the famed terroirs of Kerala (Western Ghats). Imbued with prominent sensory notes of Warm Ginger, Sweet Earthy, Fennel Sweetness, this blend exhibits an aroma rating of 8.6/10. Specially curated for calm, meditative rituals, it offers potent cortisol / stress reduction, joint & anti-inflammatory.",Crisp Onion & Paneer Pakoras; Traditional Osmania Butter Biscuits,https://images.unsplash.com/photo-1544787219-7f47ccb76574?auto=format&fit=crop&w=800&q=80
TEA-IN-0263,Palampur Orthodox Spring Gold Lot #326 '24,Himachal Pradesh (Palampur),Kangra Valley,100% Certified GI Tagged Kangra Valley Whole Leaf Tea,Floral; Roasted Corn; Sweet Vegetal; Pine Mist; Mellow Green,3.0,7.6,5.6,0.8,7.8,27,2,3,83,2.5g per 200ml (or 1:1 milk-water for Chai),Digestive Ease; High Polyphenols; Antioxidant Shield,Refreshed; Uplifted,All Season,668.0,4.56,254,"An exquisite handcrafted kangra valley harvest from the famed terroirs of Himachal Pradesh (Palampur). Imbued with prominent sensory notes of Floral, Roasted Corn, Sweet Vegetal, this blend exhibits an aroma rating of 7.8/10. Specially curated for refreshed, uplifted rituals, it offers potent digestive ease, high polyphenols.",Crisp Hot Samosas with Mint & Tamarind Chutney; Spicy Bhakarwadi & Mathri,https://images.unsplash.com/photo-1576092768241-dec231879fc3?auto=format&fit=crop&w=800&q=80
TEA-IN-0264,Temi Estate 100% Organic First Flush Lot #478,Sikkim (Ravangla Highlands),Sikkim Temi,100% Organic Single Estate Temi Leaves,Honeyed Wood; Gentle Spice; Peach,3.3,7.0,8.4,2.0,9.5,44,4,3,87,2.5g per 200ml (or 1:1 milk-water for Chai),Pure Organic Nutrition; L-Theanine Serenity; Cardiovascular Support; Skin Vitality,Calm; Meditative; Serene; Focused,Winter Warmth,1155.0,4.97,139,"An exquisite handcrafted sikkim temi harvest from the famed terroirs of Sikkim (Ravangla Highlands). Imbued with prominent sensory notes of Honeyed Wood, Gentle Spice, Peach, this blend exhibits an aroma rating of 9.5/10. Specially curated for calm, meditative rituals, it offers potent pure organic nutrition, l-theanine serenity.",Shrewsbury Butter Biscuits; Spicy Bhakarwadi & Mathri; Traditional Osmania Butter Biscuits,https://images.unsplash.com/photo-1546852199-2d8e8c4aa477?auto=format&fit=crop&w=800&q=80
TEA-IN-0265,Castleton Muscatel Supreme Lot #417,Darjeeling (Singbulli),Darjeeling,100% Hand-Picked Camellia Sinensis Single Estate Darjeeling Leaves,Citrus Zest; Honey; Apricot,2.6,6.0,7.2,0.7,9.0,35,3,3,90,2.5g per 200ml (or 1:1 milk-water for Chai),Mental Clarity; Gentle Vitality; Heart Wellness,Calm; Refreshed; Meditative,Second Flush Summer,998.0,4.67,360,"An exquisite handcrafted darjeeling harvest from the famed terroirs of Darjeeling (Singbulli). Imbued with prominent sensory notes of Citrus Zest, Honey, Apricot, this blend exhibits an aroma rating of 9.0/10. Specially curated for calm, refreshed rituals, it offers potent mental clarity, gentle vitality.",Crisp Hot Samosas with Mint & Tamarind Chutney; Crisp Onion & Paneer Pakoras; Traditional Osmania Butter Biscuits,https://images.unsplash.com/photo-1576092768241-dec231879fc3?auto=format&fit=crop&w=800&q=80
TEA-IN-0266,Brahmaputra Valley Bold Red Lot #634,Assam (Sibsagar),Assam,100% High-Grade Assam Whole Leaf & Golden Buds (Camellia Sinensis var. Assamica),Toasted Grain; Molasses; Caramel,5.5,3.0,3.6,1.7,7.5,72,1,4,96,2.5g per 200ml (or 1:1 milk-water for Chai),High Sustained Energy; Metabolic Fire,Energetic; Motivated; Uplifted,First Flush Spring,845.0,4.51,315,"An exquisite handcrafted assam harvest from the famed terroirs of Assam (Sibsagar). Imbued with prominent sensory notes of Toasted Grain, Molasses, Caramel, this blend exhibits an aroma rating of 7.5/10. Specially curated for energetic, motivated rituals, it offers potent high sustained energy, metabolic fire.",Spicy Bhakarwadi & Mathri; Traditional Osmania Butter Biscuits,https://images.unsplash.com/photo-1571934811356-5cc061b6821f?auto=format&fit=crop&w=800&q=80
TEA-IN-0267,Five-Spice Maharaja Special Chai Lot #593,Kolkata Street Estate,Masala Chai,"Assam CTC Black Tea, Green Cardamom Pods, Crushed Dry Ginger, Ceylon Cinnamon, Cloves, Black Pepper, Star Anise, Saffron",Spicy; Creamy; Sweet Heat; Ginger (Adrak),5.9,5.8,1.5,8.6,9.5,62,24,5,95,2.5g per 200ml (or 1:1 milk-water for Chai),Digestive Comfort; Anti-inflammatory; Cold & Cough Relief; Immunity Shield,Refreshed; Uplifted; Comforting,Winter Warmth,513.0,4.53,386,"An exquisite handcrafted masala chai harvest from the famed terroirs of Kolkata Street Estate. Imbued with prominent sensory notes of Spicy, Creamy, Sweet Heat, this blend exhibits an aroma rating of 9.5/10. Specially curated for refreshed, uplifted rituals, it offers potent digestive comfort, anti-inflammatory.",Shrewsbury Butter Biscuits; Spicy Bhakarwadi & Mathri; Warm Cardamom Nankhatai,https://images.unsplash.com/photo-1571934811356-5cc061b6821f?auto=format&fit=crop&w=800&q=80
TEA-IN-0268,Rose Petal & Kashmiri Cardamom Kahwa Lot #105,Kashmir (Srinagar Valley),Kashmir Kahwa,"Kashmiri Green Tea Leaves, Pampore Pure Saffron Strands, Green Cardamom, Cinnamon, Crushed Almond Slivers, Dried Rose Petals",Sweet Almond; Saffron (Kesar); Floral Honey; Nutty,2.0,8.2,7.7,7.8,9.9,29,2,4,83,2.5g per 200ml (or 1:1 milk-water for Chai),Digestive Fire; Skin Glow & Radiance,Calm; Refreshed; Meditative; Cozy,All Season,580.0,4.56,237,"An exquisite handcrafted kashmir kahwa harvest from the famed terroirs of Kashmir (Srinagar Valley). Imbued with prominent sensory notes of Sweet Almond, Saffron (Kesar), Floral Honey, this blend exhibits an aroma rating of 9.9/10. Specially curated for calm, refreshed rituals, it offers potent digestive fire, skin glow & radiance.",Shrewsbury Butter Biscuits; Crisp Onion & Paneer Pakoras; Gulab Jamun with Rosewater Syrup,https://images.unsplash.com/photo-1576092768241-dec231879fc3?auto=format&fit=crop&w=800&q=80
TEA-IN-0269,High Altitude Floral White Nilgiri '26,Nilgiri (Kotagiri),Nilgiri,100% High-Elevation Nilgiri Camellia Sinensis,Floral; Light Malt; Honey; Bright Citrus; Plum,2.8,6.1,8.0,0.8,8.9,53,1,4,88,2.5g per 200ml (or 1:1 milk-water for Chai),Heart Health; Gentle Alertness,Refreshed; Creative; Uplifted; Calm,All Season,682.0,4.96,357,"An exquisite handcrafted nilgiri harvest from the famed terroirs of Nilgiri (Kotagiri). Imbued with prominent sensory notes of Floral, Light Malt, Honey, this blend exhibits an aroma rating of 8.9/10. Specially curated for refreshed, creative rituals, it offers potent heart health, gentle alertness.",Spicy Bhakarwadi & Mathri; Warm Cardamom Nankhatai; Irani Cafe Bun Maska & Chai,https://images.unsplash.com/photo-1546852199-2d8e8c4aa477?auto=format&fit=crop&w=800&q=80
TEA-IN-0270,Moringa & Lemongrass Detox Flush Lot #846 '24,Uttarakhand Sacred Valleys,Ayurvedic Tisane,"Organic Tulsi (Holy Basil), Ashwagandha Root, Wild Himalayan Turmeric, Brahmi Leaves, Licorice (Mulethi), Fennel Seeds (Saunf), Lemongrass",Warm Ginger; Tulsi Mint; Fennel Sweetness,2.1,7.1,5.4,2.6,9.0,0,3,7,97,2.5g per 200ml (or 1:1 milk-water for Chai),Cortisol / Stress Reduction; Joint & Anti-inflammatory,Calm; Soothing; Meditative; Cozy,First Flush Spring,757.0,4.43,113,"An exquisite handcrafted ayurvedic tisane harvest from the famed terroirs of Uttarakhand Sacred Valleys. Imbued with prominent sensory notes of Warm Ginger, Tulsi Mint, Fennel Sweetness, this blend exhibits an aroma rating of 9.0/10. Specially curated for calm, soothing rituals, it offers potent cortisol / stress reduction, joint & anti-inflammatory.",Kashmiri Girda Flatbread with Butter; Crisp Onion & Paneer Pakoras; Irani Cafe Bun Maska & Chai,https://images.unsplash.com/photo-1597481499750-3e6b22637e12?auto=format&fit=crop&w=800&q=80
TEA-IN-0271,Himalayan Cedar Scented Kangra Lot #291,Himachal Pradesh (Palampur),Kangra Valley,100% Certified GI Tagged Kangra Valley Whole Leaf Tea,Mellow Green; Pine Mist; Nutty,2.9,7.5,5.7,2.0,8.7,33,4,2,85,2.5g per 200ml (or 1:1 milk-water for Chai),High Polyphenols; Metabolic Balance; Antioxidant Shield,Calm; Focused; Meditative,Monsoon Special,625.0,4.95,360,"An exquisite handcrafted kangra valley harvest from the famed terroirs of Himachal Pradesh (Palampur). Imbued with prominent sensory notes of Mellow Green, Pine Mist, Nutty, this blend exhibits an aroma rating of 8.7/10. Specially curated for calm, focused rituals, it offers potent high polyphenols, metabolic balance.",Poha with Roasted Peanuts; Crisp Hot Samosas with Mint & Tamarind Chutney; Kolkata Style Kathi Rolls,https://images.unsplash.com/photo-1576092768241-dec231879fc3?auto=format&fit=crop&w=800&q=80
TEA-IN-0272,Temi Estate 100% Organic First Flush Lot #108,"Sikkim (Temi Tea Estate, South Sikkim)",Sikkim Temi,100% Organic Single Estate Temi Leaves,Honeyed Wood; Peach; Caramel; Muscatel,2.5,8.4,7.2,2.0,9.1,42,2,4,90,2.5g per 200ml (or 1:1 milk-water for Chai),Pure Organic Nutrition; L-Theanine Serenity; Skin Vitality,Refreshed; Meditative; Calm,Monsoon Special,1172.0,4.89,163,"An exquisite handcrafted sikkim temi harvest from the famed terroirs of Sikkim (Temi Tea Estate, South Sikkim). Imbued with prominent sensory notes of Honeyed Wood, Peach, Caramel, this blend exhibits an aroma rating of 9.1/10. Specially curated for refreshed, meditative rituals, it offers potent pure organic nutrition, l-theanine serenity.",Kashmiri Girda Flatbread with Butter; Spicy Bhakarwadi & Mathri; Irani Cafe Bun Maska & Chai,https://images.unsplash.com/photo-1546852199-2d8e8c4aa477?auto=format&fit=crop&w=800&q=80
TEA-IN-0273,Vintage Muscatel Wonder Lot #775 '26,Darjeeling (Jungpana),Darjeeling,100% Hand-Picked Camellia Sinensis Single Estate Darjeeling Leaves,Floral; Honey; Honeysuckle; Apricot; Citrus Zest,2.5,5.8,10.0,1.9,9.6,30,2,3,85,2.5g per 200ml (or 1:1 milk-water for Chai),Mental Clarity; High Antioxidants; Cellular Protection; Heart Wellness,Calm; Meditative; Focused,Winter Warmth,2171.0,4.83,386,"An exquisite handcrafted darjeeling harvest from the famed terroirs of Darjeeling (Jungpana). Imbued with prominent sensory notes of Floral, Honey, Honeysuckle, this blend exhibits an aroma rating of 9.6/10. Specially curated for calm, meditative rituals, it offers potent mental clarity, high antioxidants.",Kashmiri Girda Flatbread with Butter; Irani Cafe Bun Maska & Chai,https://images.unsplash.com/photo-1546852199-2d8e8c4aa477?auto=format&fit=crop&w=800&q=80
TEA-IN-0274,Golden Tips Extra Special Orthodox Lot #190,Assam (Jorhat),Assam,100% High-Grade Assam Whole Leaf & Golden Buds (Camellia Sinensis var. Assamica),Toasted Grain; Woody; Caramel,6.4,4.9,3.6,2.0,8.1,54,5,4,96,2.5g per 200ml (or 1:1 milk-water for Chai),Digestive Power; Cardiovascular Support; High Sustained Energy; Metabolic Fire,Uplifted; Motivated,All Season,410.0,4.39,293,"An exquisite handcrafted assam harvest from the famed terroirs of Assam (Jorhat). Imbued with prominent sensory notes of Toasted Grain, Woody, Caramel, this blend exhibits an aroma rating of 8.1/10. Specially curated for uplifted, motivated rituals, it offers potent digestive power, cardiovascular support.",Gulab Jamun with Rosewater Syrup; Traditional Osmania Butter Biscuits; Warm Cardamom Nankhatai,https://images.unsplash.com/photo-1514733670139-4d87a1941d55?auto=format&fit=crop&w=800&q=80
TEA-IN-0275,Caramelized Jaggery (Gur) Spiced Chai Lot #441 '26,Assam & Kerala Spice Hills,Masala Chai,"Assam CTC Black Tea, Green Cardamom Pods, Crushed Dry Ginger, Ceylon Cinnamon, Cloves, Black Pepper, Star Anise, Saffron",Cardamom (Elaichi); Ginger (Adrak); Peppery; Creamy; Sweet Heat,5.3,6.7,2.9,8.4,9.7,62,39,6,100,2.5g per 200ml (or 1:1 milk-water for Chai),Digestive Comfort; Immunity Shield,Energetic; Cozy,Winter Warmth,451.0,4.88,214,"An exquisite handcrafted masala chai harvest from the famed terroirs of Assam & Kerala Spice Hills. Imbued with prominent sensory notes of Cardamom (Elaichi), Ginger (Adrak), Peppery, this blend exhibits an aroma rating of 9.7/10. Specially curated for energetic, cozy rituals, it offers potent digestive comfort, immunity shield.",Kashmiri Girda Flatbread with Butter; Kolkata Style Kathi Rolls,https://images.unsplash.com/photo-1544787219-7f47ccb76574?auto=format&fit=crop&w=800&q=80
TEA-IN-0276,Himalayan Crushed Walnut & Kahwa Blend Lot #295 '25,Kashmir (Srinagar Valley),Kashmir Kahwa,"Kashmiri Green Tea Leaves, Pampore Pure Saffron Strands, Green Cardamom, Cinnamon, Crushed Almond Slivers, Dried Rose Petals",Sweet Almond; Cinnamon; Nutty,1.6,7.1,8.4,7.4,9.5,24,1,3,83,2.5g per 200ml (or 1:1 milk-water for Chai),Stress Relief; Immunity Boost,Refreshed; Meditative; Cozy,Winter Warmth,947.0,4.64,372,"An exquisite handcrafted kashmir kahwa harvest from the famed terroirs of Kashmir (Srinagar Valley). Imbued with prominent sensory notes of Sweet Almond, Cinnamon, Nutty, this blend exhibits an aroma rating of 9.5/10. Specially curated for refreshed, meditative rituals, it offers potent stress relief, immunity boost.",Poha with Roasted Peanuts; Crisp Hot Samosas with Mint & Tamarind Chutney; Irani Cafe Bun Maska & Chai,https://images.unsplash.com/photo-1576092768241-dec231879fc3?auto=format&fit=crop&w=800&q=80
TEA-IN-0277,Emerald Dew Nilgiri Green Lot #321,Nilgiri (Kotagiri),Nilgiri,100% High-Elevation Nilgiri Camellia Sinensis,Honey; Sweet Melon; Plum,2.8,6.9,8.9,1.2,9.2,39,5,3,85,2.5g per 200ml (or 1:1 milk-water for Chai),Weight Balance; Antioxidant Rich; Daily Refreshment,Calm; Creative; Uplifted,Monsoon Special,930.0,4.49,376,"An exquisite handcrafted nilgiri harvest from the famed terroirs of Nilgiri (Kotagiri). Imbued with prominent sensory notes of Honey, Sweet Melon, Plum, this blend exhibits an aroma rating of 9.2/10. Specially curated for calm, creative rituals, it offers potent weight balance, antioxidant rich.",Poha with Roasted Peanuts; Spicy Bhakarwadi & Mathri; Crisp Onion & Paneer Pakoras,https://images.unsplash.com/photo-1597481499750-3e6b22637e12?auto=format&fit=crop&w=800&q=80
TEA-IN-0278,Chamomile & Shankhpushpi Deep Sleep '26,Kerala (Western Ghats),Ayurvedic Tisane,"Organic Tulsi (Holy Basil), Ashwagandha Root, Wild Himalayan Turmeric, Brahmi Leaves, Licorice (Mulethi), Fennel Seeds (Saunf), Lemongrass",Sweet Earthy; Botanical; Tulsi Mint; Fennel Sweetness,2.7,4.2,7.7,3.2,8.8,0,3,7,98,2.5g per 200ml (or 1:1 milk-water for Chai),Cortisol / Stress Reduction; Gut Health & Detox; Immunity Fortification; Joint & Anti-inflammatory,Calm; Relaxed; Meditative; Cozy,Autumnal Harvest,416.0,4.34,283,"An exquisite handcrafted ayurvedic tisane harvest from the famed terroirs of Kerala (Western Ghats). Imbued with prominent sensory notes of Sweet Earthy, Botanical, Tulsi Mint, this blend exhibits an aroma rating of 8.8/10. Specially curated for calm, relaxed rituals, it offers potent cortisol / stress reduction, gut health & detox.",Crisp Onion & Paneer Pakoras; Kolkata Style Kathi Rolls,https://images.unsplash.com/photo-1544787219-7f47ccb76574?auto=format&fit=crop&w=800&q=80
TEA-IN-0279,Snow Mist Kangra First Flush Lot #743 '24,Himachal Pradesh (Dharamshala),Kangra Valley,100% Certified GI Tagged Kangra Valley Whole Leaf Tea,Floral; Roasted Corn; Sweet Vegetal; Pine Mist; Nutty,1.1,6.1,6.7,1.5,8.9,38,3,4,85,2.5g per 200ml (or 1:1 milk-water for Chai),Peaceful Focus; High Polyphenols; Antioxidant Shield,Calm; Focused,Winter Warmth,1239.0,4.63,375,"An exquisite handcrafted kangra valley harvest from the famed terroirs of Himachal Pradesh (Dharamshala). Imbued with prominent sensory notes of Floral, Roasted Corn, Sweet Vegetal, this blend exhibits an aroma rating of 8.9/10. Specially curated for calm, focused rituals, it offers potent peaceful focus, high polyphenols.",Dhokla with Green Chilies; Crisp Hot Samosas with Mint & Tamarind Chutney,https://images.unsplash.com/photo-1576092768241-dec231879fc3?auto=format&fit=crop&w=800&q=80
TEA-IN-0280,Sikkim Green Dragon Spring Leaf '26,"Sikkim (Temi Tea Estate, South Sikkim)",Sikkim Temi,100% Organic Single Estate Temi Leaves,Gentle Spice; Peach; Caramel,2.4,7.4,6.7,1.1,9.4,45,1,4,90,2.5g per 200ml (or 1:1 milk-water for Chai),Pure Organic Nutrition; Skin Vitality,Calm; Refreshed; Focused; Serene,Second Flush Summer,598.0,4.39,125,"An exquisite handcrafted sikkim temi harvest from the famed terroirs of Sikkim (Temi Tea Estate, South Sikkim). Imbued with prominent sensory notes of Gentle Spice, Peach, Caramel, this blend exhibits an aroma rating of 9.4/10. Specially curated for calm, refreshed rituals, it offers potent pure organic nutrition, skin vitality.",Shrewsbury Butter Biscuits; Gulab Jamun with Rosewater Syrup,https://images.unsplash.com/photo-1546852199-2d8e8c4aa477?auto=format&fit=crop&w=800&q=80
TEA-IN-0281,Second Flush Muscatel Gold '24,Darjeeling (Okayti),Darjeeling,100% Hand-Picked Camellia Sinensis Single Estate Darjeeling Leaves,Honey; Honeysuckle; Citrus Zest,3.9,7.0,8.1,1.3,8.8,53,0,3,84,2.5g per 200ml (or 1:1 milk-water for Chai),Mental Clarity; Gentle Vitality; Heart Wellness,Refreshed; Uplifted; Meditative,All Season,2067.0,4.46,116,"An exquisite handcrafted darjeeling harvest from the famed terroirs of Darjeeling (Okayti). Imbued with prominent sensory notes of Honey, Honeysuckle, Citrus Zest, this blend exhibits an aroma rating of 8.8/10. Specially curated for refreshed, uplifted rituals, it offers potent mental clarity, gentle vitality.",Kashmiri Girda Flatbread with Butter; Kolkata Style Kathi Rolls,https://images.unsplash.com/photo-1576092768241-dec231879fc3?auto=format&fit=crop&w=800&q=80
TEA-IN-0282,Smoked Wild Bamboo Assam Lot #717,Assam (Jorhat),Assam,100% High-Grade Assam Whole Leaf & Golden Buds (Camellia Sinensis var. Assamica),Dark Cocoa; Honey; Woody; Caramel,6.1,4.0,3.2,2.8,8.4,59,5,4,98,2.5g per 200ml (or 1:1 milk-water for Chai),Digestive Power; Cardiovascular Support; High Sustained Energy; Metabolic Fire,Energetic; Focused; Motivated; Uplifted,Autumnal Harvest,322.0,4.71,59,"An exquisite handcrafted assam harvest from the famed terroirs of Assam (Jorhat). Imbued with prominent sensory notes of Dark Cocoa, Honey, Woody, this blend exhibits an aroma rating of 8.4/10. Specially curated for energetic, focused rituals, it offers potent digestive power, cardiovascular support.",Spicy Bhakarwadi & Mathri; Crisp Onion & Paneer Pakoras; Irani Cafe Bun Maska & Chai,https://images.unsplash.com/photo-1571934811356-5cc061b6821f?auto=format&fit=crop&w=800&q=80
TEA-IN-0283,Royal Elaichi & Kesar Rich Chai,Delhi Old Quarter,Masala Chai,"Assam CTC Black Tea, Green Cardamom Pods, Crushed Dry Ginger, Ceylon Cinnamon, Cloves, Black Pepper, Star Anise, Saffron",Cardamom (Elaichi); Creamy; Cinnamon (Dalchini),3.2,6.9,2.1,8.3,9.3,66,29,5,95,2.5g per 200ml (or 1:1 milk-water for Chai),Anti-inflammatory; Immunity Shield,Energetic; Uplifted; Comforting; Cozy,Monsoon Special,742.0,4.42,404,"An exquisite handcrafted masala chai harvest from the famed terroirs of Delhi Old Quarter. Imbued with prominent sensory notes of Cardamom (Elaichi), Creamy, Cinnamon (Dalchini), this blend exhibits an aroma rating of 9.3/10. Specially curated for energetic, uplifted rituals, it offers potent anti-inflammatory, immunity shield.",Dhokla with Green Chilies; Shrewsbury Butter Biscuits; Warm Cardamom Nankhatai,https://images.unsplash.com/photo-1571934811356-5cc061b6821f?auto=format&fit=crop&w=800&q=80
TEA-IN-0284,Traditional Samovar Cinnamon Kahwa Lot #795 '26,Kashmir (Pampore Saffron Fields),Kashmir Kahwa,"Kashmiri Green Tea Leaves, Pampore Pure Saffron Strands, Green Cardamom, Cinnamon, Crushed Almond Slivers, Dried Rose Petals",Cardamom; Sweet Almond; Nutty,2.1,8.6,7.4,6.8,9.3,25,5,3,85,2.5g per 200ml (or 1:1 milk-water for Chai),Calming Warmth; Stress Relief; Skin Glow & Radiance; Immunity Boost,Refreshed; Meditative; Cozy; Calm,Autumnal Harvest,1202.0,4.49,239,"An exquisite handcrafted kashmir kahwa harvest from the famed terroirs of Kashmir (Pampore Saffron Fields). Imbued with prominent sensory notes of Cardamom, Sweet Almond, Nutty, this blend exhibits an aroma rating of 9.3/10. Specially curated for refreshed, meditative rituals, it offers potent calming warmth, stress relief.",Gulab Jamun with Rosewater Syrup; Crisp Onion & Paneer Pakoras,https://images.unsplash.com/photo-1576092768241-dec231879fc3?auto=format&fit=crop&w=800&q=80
TEA-IN-0285,Emerald Dew Nilgiri Green Lot #517 '24,Nilgiri (Blue Mountains),Nilgiri,100% High-Elevation Nilgiri Camellia Sinensis,Honey; Floral; Light Malt; Plum,2.6,6.2,6.7,0.7,8.9,36,2,4,85,2.5g per 200ml (or 1:1 milk-water for Chai),Weight Balance; Antioxidant Rich; Gentle Alertness,Creative; Focused,All Season,937.0,4.53,398,"An exquisite handcrafted nilgiri harvest from the famed terroirs of Nilgiri (Blue Mountains). Imbued with prominent sensory notes of Honey, Floral, Light Malt, this blend exhibits an aroma rating of 8.9/10. Specially curated for creative, focused rituals, it offers potent weight balance, antioxidant rich.",Kashmiri Girda Flatbread with Butter; Spicy Bhakarwadi & Mathri,https://images.unsplash.com/photo-1597481499750-3e6b22637e12?auto=format&fit=crop&w=800&q=80
TEA-IN-0286,Giloy & Tulsi Monsoon Kadha Herbal Lot #883,Himalayan Foothills,Ayurvedic Tisane,"Organic Tulsi (Holy Basil), Ashwagandha Root, Wild Himalayan Turmeric, Brahmi Leaves, Licorice (Mulethi), Fennel Seeds (Saunf), Lemongrass",Cooling; Sweet Earthy; Botanical,1.1,4.3,7.4,4.1,9.4,0,3,5,97,2.5g per 200ml (or 1:1 milk-water for Chai),Cortisol / Stress Reduction; Gut Health & Detox; Immunity Fortification; Deep Restful Sleep,Calm; Soothing; Relaxed,Monsoon Special,908.0,4.91,269,"An exquisite handcrafted ayurvedic tisane harvest from the famed terroirs of Himalayan Foothills. Imbued with prominent sensory notes of Cooling, Sweet Earthy, Botanical, this blend exhibits an aroma rating of 9.4/10. Specially curated for calm, soothing rituals, it offers potent cortisol / stress reduction, gut health & detox.",Shrewsbury Butter Biscuits; Traditional Osmania Butter Biscuits; Warm Cardamom Nankhatai,https://images.unsplash.com/photo-1597481499750-3e6b22637e12?auto=format&fit=crop&w=800&q=80
TEA-IN-0287,Dharamshala Mountain Dew Green Lot #437,Himachal Pradesh (Kangra Valley),Kangra Valley,100% Certified GI Tagged Kangra Valley Whole Leaf Tea,Floral; Roasted Corn; Sweet Vegetal; Nutty; Mellow Green,1.3,6.4,7.5,1.1,7.0,33,1,2,83,2.5g per 200ml (or 1:1 milk-water for Chai),Digestive Ease; Metabolic Balance,Calm; Refreshed; Meditative,Second Flush Summer,491.0,4.6,449,"An exquisite handcrafted kangra valley harvest from the famed terroirs of Himachal Pradesh (Kangra Valley). Imbued with prominent sensory notes of Floral, Roasted Corn, Sweet Vegetal, this blend exhibits an aroma rating of 7.0/10. Specially curated for calm, refreshed rituals, it offers potent digestive ease, metabolic balance.",Shrewsbury Butter Biscuits; Spicy Bhakarwadi & Mathri; Irani Cafe Bun Maska & Chai,https://images.unsplash.com/photo-1563822249548-9a72b6353cd1?auto=format&fit=crop&w=800&q=80
TEA-IN-0288,Kanchenjunga Mist Golden Tips,"Sikkim (Temi Tea Estate, South Sikkim)",Sikkim Temi,100% Organic Single Estate Temi Leaves,Muscatel; Peach; Caramel,2.2,8.2,7.0,1.4,8.1,37,5,4,85,2.5g per 200ml (or 1:1 milk-water for Chai),Cardiovascular Support; Pure Organic Nutrition; L-Theanine Serenity; Skin Vitality,Refreshed; Meditative; Serene; Focused,Monsoon Special,601.0,4.53,26,"An exquisite handcrafted sikkim temi harvest from the famed terroirs of Sikkim (Temi Tea Estate, South Sikkim). Imbued with prominent sensory notes of Muscatel, Peach, Caramel, this blend exhibits an aroma rating of 8.1/10. Specially curated for refreshed, meditative rituals, it offers potent cardiovascular support, pure organic nutrition.",Poha with Roasted Peanuts; Kolkata Style Kathi Rolls; Irani Cafe Bun Maska & Chai,https://images.unsplash.com/photo-1546852199-2d8e8c4aa477?auto=format&fit=crop&w=800&q=80
TEA-IN-0289,First Flush Spring Champagne Lot #540 '26,Darjeeling (Goomtee),Darjeeling,100% Hand-Picked Camellia Sinensis Single Estate Darjeeling Leaves,Honeysuckle; Floral; Green Apple; Pine Wood,1.5,6.9,7.8,0.6,8.9,45,5,3,83,2.5g per 200ml (or 1:1 milk-water for Chai),High Antioxidants; Cellular Protection; Gentle Vitality; Heart Wellness,Calm; Refreshed; Uplifted; Focused,Autumnal Harvest,621.0,4.97,94,"An exquisite handcrafted darjeeling harvest from the famed terroirs of Darjeeling (Goomtee). Imbued with prominent sensory notes of Honeysuckle, Floral, Green Apple, this blend exhibits an aroma rating of 8.9/10. Specially curated for calm, refreshed rituals, it offers potent high antioxidants, cellular protection.",Kolkata Style Kathi Rolls; Irani Cafe Bun Maska & Chai,https://images.unsplash.com/photo-1594631252845-29fc4cc8cde9?auto=format&fit=crop&w=800&q=80
TEA-IN-0290,Golden Tips Extra Special Orthodox '25,Assam (Sibsagar),Assam,100% High-Grade Assam Whole Leaf & Golden Buds (Camellia Sinensis var. Assamica),Molasses; Malty; Caramel,5.4,4.1,2.9,2.2,7.8,66,4,5,100,2.5g per 200ml (or 1:1 milk-water for Chai),Digestive Power; Cardiovascular Support; Immune Strength,Energetic; Focused; Uplifted,Monsoon Special,894.0,4.52,166,"An exquisite handcrafted assam harvest from the famed terroirs of Assam (Sibsagar). Imbued with prominent sensory notes of Molasses, Malty, Caramel, this blend exhibits an aroma rating of 7.8/10. Specially curated for energetic, focused rituals, it offers potent digestive power, cardiovascular support.",Kashmiri Girda Flatbread with Butter; Crisp Hot Samosas with Mint & Tamarind Chutney,https://images.unsplash.com/photo-1571934811356-5cc061b6821f?auto=format&fit=crop&w=800&q=80
TEA-IN-0291,Rose Petal & Green Cardamom Sweet Chai,Delhi Old Quarter,Masala Chai,"Assam CTC Black Tea, Green Cardamom Pods, Crushed Dry Ginger, Ceylon Cinnamon, Cloves, Black Pepper, Star Anise, Saffron",Peppery; Ginger (Adrak); Creamy; Sweet Heat; Clove (Laung),5.8,5.6,1.9,7.7,9.0,56,23,5,97,2.5g per 200ml (or 1:1 milk-water for Chai),Digestive Comfort; Anti-inflammatory,Refreshed; Energetic; Uplifted; Cozy,All Season,699.0,4.43,248,"An exquisite handcrafted masala chai harvest from the famed terroirs of Delhi Old Quarter. Imbued with prominent sensory notes of Peppery, Ginger (Adrak), Creamy, this blend exhibits an aroma rating of 9.0/10. Specially curated for refreshed, energetic rituals, it offers potent digestive comfort, anti-inflammatory.",Dhokla with Green Chilies; Crisp Hot Samosas with Mint & Tamarind Chutney,https://images.unsplash.com/photo-1544787219-7f47ccb76574?auto=format&fit=crop&w=800&q=80
TEA-IN-0292,Pampore Golden Saffron Green Infusion Lot #409 '24,Kashmir (Gulmarg Hills),Kashmir Kahwa,"Kashmiri Green Tea Leaves, Pampore Pure Saffron Strands, Green Cardamom, Cinnamon, Crushed Almond Slivers, Dried Rose Petals",Delicate Green; Sweet Almond; Floral Honey; Saffron (Kesar),2.1,6.5,6.4,6.3,9.7,28,4,4,82,2.5g per 200ml (or 1:1 milk-water for Chai),Calming Warmth; Digestive Fire,Calm; Relaxed; Refreshed; Cozy,Winter Warmth,584.0,4.96,117,"An exquisite handcrafted kashmir kahwa harvest from the famed terroirs of Kashmir (Gulmarg Hills). Imbued with prominent sensory notes of Delicate Green, Sweet Almond, Floral Honey, this blend exhibits an aroma rating of 9.7/10. Specially curated for calm, relaxed rituals, it offers potent calming warmth, digestive fire.",Crisp Hot Samosas with Mint & Tamarind Chutney; Warm Cardamom Nankhatai,https://images.unsplash.com/photo-1563822249548-9a72b6353cd1?auto=format&fit=crop&w=800&q=80
TEA-IN-0293,Tiger Hill Single Cultivar Nilgiri '25,Nilgiri (Blue Mountains),Nilgiri,100% High-Elevation Nilgiri Camellia Sinensis,Sweet Melon; Crisp Fruit; Light Malt; Plum,2.4,7.0,7.8,0.9,8.0,46,4,3,93,2.5g per 200ml (or 1:1 milk-water for Chai),Weight Balance; Heart Health; Daily Refreshment,Refreshed; Creative; Uplifted,First Flush Spring,670.0,4.73,162,"An exquisite handcrafted nilgiri harvest from the famed terroirs of Nilgiri (Blue Mountains). Imbued with prominent sensory notes of Sweet Melon, Crisp Fruit, Light Malt, this blend exhibits an aroma rating of 8.0/10. Specially curated for refreshed, creative rituals, it offers potent weight balance, heart health.",Shrewsbury Butter Biscuits; Crisp Hot Samosas with Mint & Tamarind Chutney,https://images.unsplash.com/photo-1597481499750-3e6b22637e12?auto=format&fit=crop&w=800&q=80
TEA-IN-0294,Moringa & Lemongrass Detox Flush Lot #355 '24,Kerala (Western Ghats),Ayurvedic Tisane,"Organic Tulsi (Holy Basil), Ashwagandha Root, Wild Himalayan Turmeric, Brahmi Leaves, Licorice (Mulethi), Fennel Seeds (Saunf), Lemongrass",Warm Ginger; Cooling; Woody; Botanical; Tulsi Mint,1.8,4.0,5.4,4.4,8.2,0,5,7,97,2.5g per 200ml (or 1:1 milk-water for Chai),Cortisol / Stress Reduction; Immunity Fortification,Calm; Soothing,Monsoon Special,769.0,4.77,354,"An exquisite handcrafted ayurvedic tisane harvest from the famed terroirs of Kerala (Western Ghats). Imbued with prominent sensory notes of Warm Ginger, Cooling, Woody, this blend exhibits an aroma rating of 8.2/10. Specially curated for calm, soothing rituals, it offers potent cortisol / stress reduction, immunity fortification.",Dhokla with Green Chilies; Shrewsbury Butter Biscuits; Crisp Hot Samosas with Mint & Tamarind Chutney,https://images.unsplash.com/photo-1544787219-7f47ccb76574?auto=format&fit=crop&w=800&q=80
TEA-IN-0295,Wild Herb Infused Kangra Tea Lot #312 '24,Himachal Pradesh (Palampur),Kangra Valley,100% Certified GI Tagged Kangra Valley Whole Leaf Tea,Mellow Green; Floral; Sweet Vegetal; Nutty,1.8,6.0,7.2,1.8,7.8,33,5,4,81,2.5g per 200ml (or 1:1 milk-water for Chai),Digestive Ease; Peaceful Focus,Calm; Meditative,Monsoon Special,663.0,4.9,438,"An exquisite handcrafted kangra valley harvest from the famed terroirs of Himachal Pradesh (Palampur). Imbued with prominent sensory notes of Mellow Green, Floral, Sweet Vegetal, this blend exhibits an aroma rating of 7.8/10. Specially curated for calm, meditative rituals, it offers potent digestive ease, peaceful focus.",Poha with Roasted Peanuts; Warm Cardamom Nankhatai,https://images.unsplash.com/photo-1563822249548-9a72b6353cd1?auto=format&fit=crop&w=800&q=80
TEA-IN-0296,Sikkim Green Dragon Spring Leaf,"Sikkim (Temi Tea Estate, South Sikkim)",Sikkim Temi,100% Organic Single Estate Temi Leaves,Sweet Floral; Gentle Spice; Honeyed Wood; Caramel,2.0,8.3,8.9,1.2,8.8,44,0,3,88,2.5g per 200ml (or 1:1 milk-water for Chai),Pure Organic Nutrition; Cardiovascular Support,Refreshed; Focused,Winter Warmth,1333.0,4.53,382,"An exquisite handcrafted sikkim temi harvest from the famed terroirs of Sikkim (Temi Tea Estate, South Sikkim). Imbued with prominent sensory notes of Sweet Floral, Gentle Spice, Honeyed Wood, this blend exhibits an aroma rating of 8.8/10. Specially curated for refreshed, focused rituals, it offers potent pure organic nutrition, cardiovascular support.",Crisp Hot Samosas with Mint & Tamarind Chutney; Kolkata Style Kathi Rolls,https://images.unsplash.com/photo-1546852199-2d8e8c4aa477?auto=format&fit=crop&w=800&q=80
TEA-IN-0297,Autumnal Flush Ruby Harvest Lot #677 '24,Darjeeling (Castle Castleton),Darjeeling,100% Hand-Picked Camellia Sinensis Single Estate Darjeeling Leaves,Floral; Honey; Honeysuckle; Apricot; Muscatel,2.3,6.9,7.7,1.3,8.5,43,0,3,81,2.5g per 200ml (or 1:1 milk-water for Chai),High Antioxidants; Heart Wellness,Meditative; Uplifted,Second Flush Summer,968.0,4.9,216,"An exquisite handcrafted darjeeling harvest from the famed terroirs of Darjeeling (Castle Castleton). Imbued with prominent sensory notes of Floral, Honey, Honeysuckle, this blend exhibits an aroma rating of 8.5/10. Specially curated for meditative, uplifted rituals, it offers potent high antioxidants, heart wellness.",Poha with Roasted Peanuts; Crisp Onion & Paneer Pakoras,https://images.unsplash.com/photo-1546852199-2d8e8c4aa477?auto=format&fit=crop&w=800&q=80
TEA-IN-0298,Malty Breakfast Kadak CTC,Assam (Golaghat),Assam,100% High-Grade Assam Whole Leaf & Golden Buds (Camellia Sinensis var. Assamica),Honey; Molasses; Caramel,4.4,6.3,2.1,3.3,7.3,82,0,4,99,2.5g per 200ml (or 1:1 milk-water for Chai),Immune Strength; Cardiovascular Support; Metabolic Fire,Focused; Motivated; Uplifted,Autumnal Harvest,895.0,4.93,435,"An exquisite handcrafted assam harvest from the famed terroirs of Assam (Golaghat). Imbued with prominent sensory notes of Honey, Molasses, Caramel, this blend exhibits an aroma rating of 7.3/10. Specially curated for focused, motivated rituals, it offers potent immune strength, cardiovascular support.",Crisp Onion & Paneer Pakoras; Kolkata Style Kathi Rolls; Warm Cardamom Nankhatai,https://images.unsplash.com/photo-1514733670139-4d87a1941d55?auto=format&fit=crop&w=800&q=80
TEA-IN-0299,Royal Elaichi & Kesar Rich Chai Lot #253 '24,Assam & Kerala Spice Hills,Masala Chai,"Assam CTC Black Tea, Green Cardamom Pods, Crushed Dry Ginger, Ceylon Cinnamon, Cloves, Black Pepper, Star Anise, Saffron",Spicy; Cardamom (Elaichi); Ginger (Adrak); Sweet Heat,4.0,5.8,3.2,9.5,9.5,42,51,5,100,2.5g per 200ml (or 1:1 milk-water for Chai),Digestive Comfort; Instant Warming,Refreshed; Uplifted; Comforting,First Flush Spring,690.0,4.74,145,"An exquisite handcrafted masala chai harvest from the famed terroirs of Assam & Kerala Spice Hills. Imbued with prominent sensory notes of Spicy, Cardamom (Elaichi), Ginger (Adrak), this blend exhibits an aroma rating of 9.5/10. Specially curated for refreshed, uplifted rituals, it offers potent digestive comfort, instant warming.",Dhokla with Green Chilies; Poha with Roasted Peanuts; Crisp Onion & Paneer Pakoras,https://images.unsplash.com/photo-1571934811356-5cc061b6821f?auto=format&fit=crop&w=800&q=80
TEA-IN-0300,Pink Salted Noon Chai (Sheer Chai) Lot #647,Kashmir (Gulmarg Hills),Kashmir Kahwa,"Kashmiri Green Tea Leaves, Pampore Pure Saffron Strands, Green Cardamom, Cinnamon, Crushed Almond Slivers, Dried Rose Petals",Cardamom; Cinnamon; Saffron (Kesar),2.1,6.7,6.3,7.1,9.5,26,5,3,85,2.5g per 200ml (or 1:1 milk-water for Chai),Skin Glow & Radiance; Immunity Boost,Refreshed; Relaxed; Meditative; Cozy,Autumnal Harvest,701.0,4.88,235,"An exquisite handcrafted kashmir kahwa harvest from the famed terroirs of Kashmir (Gulmarg Hills). Imbued with prominent sensory notes of Cardamom, Cinnamon, Saffron (Kesar), this blend exhibits an aroma rating of 9.5/10. Specially curated for refreshed, relaxed rituals, it offers potent skin glow & radiance, immunity boost.",Crisp Onion & Paneer Pakoras; Warm Cardamom Nankhatai; Irani Cafe Bun Maska & Chai,https://images.unsplash.com/photo-1576092768241-dec231879fc3?auto=format&fit=crop&w=800&q=80
TEA-IN-0301,High Altitude Floral White Nilgiri,Nilgiri (Coonoor),Nilgiri,100% High-Elevation Nilgiri Camellia Sinensis,Floral; Light Malt; Honey; Sweet Melon; Bright Citrus,3.4,7.8,7.1,0.6,9.4,42,5,3,95,2.5g per 200ml (or 1:1 milk-water for Chai),Weight Balance; Daily Refreshment,Refreshed; Focused,First Flush Spring,1192.0,4.62,91,"An exquisite handcrafted nilgiri harvest from the famed terroirs of Nilgiri (Coonoor). Imbued with prominent sensory notes of Floral, Light Malt, Honey, this blend exhibits an aroma rating of 9.4/10. Specially curated for refreshed, focused rituals, it offers potent weight balance, daily refreshment.",Dhokla with Green Chilies; Spicy Bhakarwadi & Mathri,https://images.unsplash.com/photo-1546852199-2d8e8c4aa477?auto=format&fit=crop&w=800&q=80
TEA-IN-0302,Giloy & Tulsi Monsoon Kadha Herbal Lot #555 '26,Uttarakhand Sacred Valleys,Ayurvedic Tisane,"Organic Tulsi (Holy Basil), Ashwagandha Root, Wild Himalayan Turmeric, Brahmi Leaves, Licorice (Mulethi), Fennel Seeds (Saunf), Lemongrass",Cooling; Woody; Tulsi Mint; Botanical,0.5,4.4,4.2,4.6,8.7,0,1,5,98,2.5g per 200ml (or 1:1 milk-water for Chai),Cortisol / Stress Reduction; Gut Health & Detox; Immunity Fortification; Joint & Anti-inflammatory,Calm; Soothing; Relaxed,Winter Warmth,335.0,4.57,441,"An exquisite handcrafted ayurvedic tisane harvest from the famed terroirs of Uttarakhand Sacred Valleys. Imbued with prominent sensory notes of Cooling, Woody, Tulsi Mint, this blend exhibits an aroma rating of 8.7/10. Specially curated for calm, soothing rituals, it offers potent cortisol / stress reduction, gut health & detox.",Spicy Bhakarwadi & Mathri; Traditional Osmania Butter Biscuits; Irani Cafe Bun Maska & Chai,https://images.unsplash.com/photo-1597481499750-3e6b22637e12?auto=format&fit=crop&w=800&q=80
TEA-IN-0303,Wild Herb Infused Kangra Tea Lot #769 '25,Himachal Pradesh (Dharamshala),Kangra Valley,100% Certified GI Tagged Kangra Valley Whole Leaf Tea,Sweet Vegetal; Pine Mist; Nutty,1.4,7.5,7.3,0.8,7.2,26,4,3,75,2.5g per 200ml (or 1:1 milk-water for Chai),Digestive Ease; High Polyphenols,Refreshed; Meditative; Uplifted,Monsoon Special,1230.0,4.68,308,"An exquisite handcrafted kangra valley harvest from the famed terroirs of Himachal Pradesh (Dharamshala). Imbued with prominent sensory notes of Sweet Vegetal, Pine Mist, Nutty, this blend exhibits an aroma rating of 7.2/10. Specially curated for refreshed, meditative rituals, it offers potent digestive ease, high polyphenols.",Traditional Osmania Butter Biscuits; Warm Cardamom Nankhatai,https://images.unsplash.com/photo-1563822249548-9a72b6353cd1?auto=format&fit=crop&w=800&q=80
TEA-IN-0304,Temi Estate 100% Organic First Flush '24,"Sikkim (Temi Tea Estate, South Sikkim)",Sikkim Temi,100% Organic Single Estate Temi Leaves,Sweet Floral; Honeyed Wood; Peach; Caramel; Gentle Spice,3.5,7.9,8.9,2.0,8.5,37,2,3,90,2.5g per 200ml (or 1:1 milk-water for Chai),Pure Organic Nutrition; L-Theanine Serenity; Cardiovascular Support; Skin Vitality,Calm; Refreshed; Meditative; Serene,All Season,728.0,4.45,368,"An exquisite handcrafted sikkim temi harvest from the famed terroirs of Sikkim (Temi Tea Estate, South Sikkim). Imbued with prominent sensory notes of Sweet Floral, Honeyed Wood, Peach, this blend exhibits an aroma rating of 8.5/10. Specially curated for calm, refreshed rituals, it offers potent pure organic nutrition, l-theanine serenity.",Poha with Roasted Peanuts; Kashmiri Girda Flatbread with Butter; Kolkata Style Kathi Rolls,https://images.unsplash.com/photo-1546852199-2d8e8c4aa477?auto=format&fit=crop&w=800&q=80
TEA-IN-0305,Silver Needle White Darjeeling Lot #847 '26,Darjeeling (Okayti),Darjeeling,100% Hand-Picked Camellia Sinensis Single Estate Darjeeling Leaves,Honey; Apricot; Floral; Citrus Zest,3.8,6.4,9.4,1.0,8.7,51,3,3,90,2.5g per 200ml (or 1:1 milk-water for Chai),Gentle Vitality; Heart Wellness,Calm; Focused,Monsoon Special,1391.0,4.42,171,"An exquisite handcrafted darjeeling harvest from the famed terroirs of Darjeeling (Okayti). Imbued with prominent sensory notes of Honey, Apricot, Floral, this blend exhibits an aroma rating of 8.7/10. Specially curated for calm, focused rituals, it offers potent gentle vitality, heart wellness.",Shrewsbury Butter Biscuits; Gulab Jamun with Rosewater Syrup; Kolkata Style Kathi Rolls,https://images.unsplash.com/photo-1576092768241-dec231879fc3?auto=format&fit=crop&w=800&q=80
TEA-IN-0306,Malty Breakfast Kadak CTC Lot #462,Assam (Dibrugarh),Assam,100% High-Grade Assam Whole Leaf & Golden Buds (Camellia Sinensis var. Assamica),Honey; Bold Body; Caramel; Woody; Malty,4.6,5.7,1.8,2.9,7.6,80,5,4,95,2.5g per 200ml (or 1:1 milk-water for Chai),Digestive Power; Cardiovascular Support; Metabolic Fire,Uplifted; Cozy; Focused,Winter Warmth,705.0,4.9,369,"An exquisite handcrafted assam harvest from the famed terroirs of Assam (Dibrugarh). Imbued with prominent sensory notes of Honey, Bold Body, Caramel, this blend exhibits an aroma rating of 7.6/10. Specially curated for uplifted, cozy rituals, it offers potent digestive power, cardiovascular support.",Poha with Roasted Peanuts; Spicy Bhakarwadi & Mathri,https://images.unsplash.com/photo-1544787219-7f47ccb76574?auto=format&fit=crop&w=800&q=80
TEA-IN-0307,Authentic Mumbai Cutting Masala Chai Lot #675,Mumbai Heritage,Masala Chai,"Assam CTC Black Tea, Green Cardamom Pods, Crushed Dry Ginger, Ceylon Cinnamon, Cloves, Black Pepper, Star Anise, Saffron",Cinnamon (Dalchini); Clove (Laung); Sweet Heat; Peppery,5.6,5.3,1.5,8.5,9.1,51,44,6,95,2.5g per 200ml (or 1:1 milk-water for Chai),Cold & Cough Relief; Immunity Shield; Instant Warming,Refreshed; Uplifted; Comforting; Cozy,Second Flush Summer,797.0,4.63,379,"An exquisite handcrafted masala chai harvest from the famed terroirs of Mumbai Heritage. Imbued with prominent sensory notes of Cinnamon (Dalchini), Clove (Laung), Sweet Heat, this blend exhibits an aroma rating of 9.1/10. Specially curated for refreshed, uplifted rituals, it offers potent cold & cough relief, immunity shield.",Kashmiri Girda Flatbread with Butter; Crisp Onion & Paneer Pakoras; Kolkata Style Kathi Rolls,https://images.unsplash.com/photo-1571934811356-5cc061b6821f?auto=format&fit=crop&w=800&q=80
TEA-IN-0308,Pampore Golden Saffron Green Infusion Lot #659,Kashmir (Pampore Saffron Fields),Kashmir Kahwa,"Kashmiri Green Tea Leaves, Pampore Pure Saffron Strands, Green Cardamom, Cinnamon, Crushed Almond Slivers, Dried Rose Petals",Cardamom; Delicate Green; Saffron (Kesar),1.9,7.9,7.1,5.1,9.6,20,2,4,83,2.5g per 200ml (or 1:1 milk-water for Chai),Stress Relief; Digestive Fire; Skin Glow & Radiance; Immunity Boost,Relaxed; Cozy,All Season,1131.0,4.59,129,"An exquisite handcrafted kashmir kahwa harvest from the famed terroirs of Kashmir (Pampore Saffron Fields). Imbued with prominent sensory notes of Cardamom, Delicate Green, Saffron (Kesar), this blend exhibits an aroma rating of 9.6/10. Specially curated for relaxed, cozy rituals, it offers potent stress relief, digestive fire.",Spicy Bhakarwadi & Mathri; Kolkata Style Kathi Rolls; Warm Cardamom Nankhatai,https://images.unsplash.com/photo-1563822249548-9a72b6353cd1?auto=format&fit=crop&w=800&q=80
TEA-IN-0309,Nilgiri Golden Needle Rare Estate '25,Nilgiri (Blue Mountains),Nilgiri,100% High-Elevation Nilgiri Camellia Sinensis,Floral; Light Malt; Honey; Sweet Melon; Bright Citrus,3.4,6.7,6.6,2.4,8.7,45,1,4,90,2.5g per 200ml (or 1:1 milk-water for Chai),Weight Balance; Heart Health; Daily Refreshment; Gentle Alertness,Focused; Uplifted,Monsoon Special,1221.0,4.76,154,"An exquisite handcrafted nilgiri harvest from the famed terroirs of Nilgiri (Blue Mountains). Imbued with prominent sensory notes of Floral, Light Malt, Honey, this blend exhibits an aroma rating of 8.7/10. Specially curated for focused, uplifted rituals, it offers potent weight balance, heart health.",Gulab Jamun with Rosewater Syrup; Crisp Onion & Paneer Pakoras,https://images.unsplash.com/photo-1597481499750-3e6b22637e12?auto=format&fit=crop&w=800&q=80
TEA-IN-0310,Giloy & Tulsi Monsoon Kadha Herbal Lot #755 '24,Himalayan Foothills,Ayurvedic Tisane,"Organic Tulsi (Holy Basil), Ashwagandha Root, Wild Himalayan Turmeric, Brahmi Leaves, Licorice (Mulethi), Fennel Seeds (Saunf), Lemongrass",Herbal; Tulsi Mint; Fennel Sweetness,0.6,7.0,4.8,4.8,9.0,0,1,6,96,2.5g per 200ml (or 1:1 milk-water for Chai),Joint & Anti-inflammatory; Immunity Fortification,Calm; Soothing; Relaxed; Meditative,Winter Warmth,576.0,4.96,191,"An exquisite handcrafted ayurvedic tisane harvest from the famed terroirs of Himalayan Foothills. Imbued with prominent sensory notes of Herbal, Tulsi Mint, Fennel Sweetness, this blend exhibits an aroma rating of 9.0/10. Specially curated for calm, soothing rituals, it offers potent joint & anti-inflammatory, immunity fortification.",Poha with Roasted Peanuts; Spicy Bhakarwadi & Mathri; Crisp Onion & Paneer Pakoras,https://images.unsplash.com/photo-1597481499750-3e6b22637e12?auto=format&fit=crop&w=800&q=80
TEA-IN-0311,Palampur Orthodox Spring Gold Lot #282,Himachal Pradesh (Dharamshala),Kangra Valley,100% Certified GI Tagged Kangra Valley Whole Leaf Tea,Mellow Green; Roasted Corn; Nutty,1.4,6.6,6.0,1.5,8.4,37,5,4,76,2.5g per 200ml (or 1:1 milk-water for Chai),Antioxidant Shield; Digestive Ease; High Polyphenols; Peaceful Focus,Calm; Refreshed; Focused; Meditative,Winter Warmth,723.0,4.43,260,"An exquisite handcrafted kangra valley harvest from the famed terroirs of Himachal Pradesh (Dharamshala). Imbued with prominent sensory notes of Mellow Green, Roasted Corn, Nutty, this blend exhibits an aroma rating of 8.4/10. Specially curated for calm, refreshed rituals, it offers potent antioxidant shield, digestive ease.",Gulab Jamun with Rosewater Syrup; Kashmiri Girda Flatbread with Butter; Traditional Osmania Butter Biscuits,https://images.unsplash.com/photo-1576092768241-dec231879fc3?auto=format&fit=crop&w=800&q=80
TEA-IN-0312,Sikkim Royal Orthodox Muscatel Lot #941 '26,Sikkim (Ravangla Highlands),Sikkim Temi,100% Organic Single Estate Temi Leaves,Sweet Floral; Peach; Caramel,2.3,8.3,8.5,2.0,8.4,43,2,4,90,2.5g per 200ml (or 1:1 milk-water for Chai),Pure Organic Nutrition; Skin Vitality,Refreshed; Focused; Serene,First Flush Spring,1117.0,4.57,335,"An exquisite handcrafted sikkim temi harvest from the famed terroirs of Sikkim (Ravangla Highlands). Imbued with prominent sensory notes of Sweet Floral, Peach, Caramel, this blend exhibits an aroma rating of 8.4/10. Specially curated for refreshed, focused rituals, it offers potent pure organic nutrition, skin vitality.",Dhokla with Green Chilies; Spicy Bhakarwadi & Mathri,https://images.unsplash.com/photo-1576092768241-dec231879fc3?auto=format&fit=crop&w=800&q=80
TEA-IN-0313,First Flush Spring Champagne Lot #540,Darjeeling (Singbulli),Darjeeling,100% Hand-Picked Camellia Sinensis Single Estate Darjeeling Leaves,Citrus Zest; Honeysuckle; Pine Wood,3.1,8.9,7.5,1.9,9.0,40,0,3,88,2.5g per 200ml (or 1:1 milk-water for Chai),Cellular Protection; Gentle Vitality; Heart Wellness,Calm; Uplifted,All Season,1975.0,4.4,336,"An exquisite handcrafted darjeeling harvest from the famed terroirs of Darjeeling (Singbulli). Imbued with prominent sensory notes of Citrus Zest, Honeysuckle, Pine Wood, this blend exhibits an aroma rating of 9.0/10. Specially curated for calm, uplifted rituals, it offers potent cellular protection, gentle vitality.",Spicy Bhakarwadi & Mathri; Crisp Hot Samosas with Mint & Tamarind Chutney,https://images.unsplash.com/photo-1546852199-2d8e8c4aa477?auto=format&fit=crop&w=800&q=80
TEA-IN-0314,Assam Tippy Golden Flowery Orange Pekoe Lot #126 '24,Assam (Upper Brahmaputra Valley),Assam,100% High-Grade Assam Whole Leaf & Golden Buds (Camellia Sinensis var. Assamica),Molasses; Malty; Woody; Caramel,7.4,5.2,3.3,2.1,8.6,57,1,4,100,2.5g per 200ml (or 1:1 milk-water for Chai),High Sustained Energy; Metabolic Fire,Energetic; Motivated; Cozy; Focused,Second Flush Summer,535.0,4.42,59,"An exquisite handcrafted assam harvest from the famed terroirs of Assam (Upper Brahmaputra Valley). Imbued with prominent sensory notes of Molasses, Malty, Woody, this blend exhibits an aroma rating of 8.6/10. Specially curated for energetic, motivated rituals, it offers potent high sustained energy, metabolic fire.",Kolkata Style Kathi Rolls; Irani Cafe Bun Maska & Chai,https://images.unsplash.com/photo-1571934811356-5cc061b6821f?auto=format&fit=crop&w=800&q=80
TEA-IN-0315,Cinnamon Bark & Clove Monsoon Chai,Mumbai Heritage,Masala Chai,"Assam CTC Black Tea, Green Cardamom Pods, Crushed Dry Ginger, Ceylon Cinnamon, Cloves, Black Pepper, Star Anise, Saffron",Spicy; Ginger (Adrak); Sweet Heat,3.1,4.3,3.9,7.7,9.7,51,35,6,98,2.5g per 200ml (or 1:1 milk-water for Chai),Immunity Shield; Cold & Cough Relief,Refreshed; Energetic,Monsoon Special,336.0,4.8,82,"An exquisite handcrafted masala chai harvest from the famed terroirs of Mumbai Heritage. Imbued with prominent sensory notes of Spicy, Ginger (Adrak), Sweet Heat, this blend exhibits an aroma rating of 9.7/10. Specially curated for refreshed, energetic rituals, it offers potent immunity shield, cold & cough relief.",Dhokla with Green Chilies; Shrewsbury Butter Biscuits; Kashmiri Girda Flatbread with Butter,https://images.unsplash.com/photo-1544787219-7f47ccb76574?auto=format&fit=crop&w=800&q=80
TEA-IN-0316,Royal Kashmiri Saffron Almond Kahwa,Kashmir (Gulmarg Hills),Kashmir Kahwa,"Kashmiri Green Tea Leaves, Pampore Pure Saffron Strands, Green Cardamom, Cinnamon, Crushed Almond Slivers, Dried Rose Petals",Cardamom; Cinnamon; Sweet Almond; Saffron (Kesar),1.3,8.6,6.4,5.7,9.3,18,5,5,81,2.5g per 200ml (or 1:1 milk-water for Chai),Calming Warmth; Stress Relief; Immunity Boost,Refreshed; Meditative; Cozy; Calm,First Flush Spring,1461.0,4.9,163,"An exquisite handcrafted kashmir kahwa harvest from the famed terroirs of Kashmir (Gulmarg Hills). Imbued with prominent sensory notes of Cardamom, Cinnamon, Sweet Almond, this blend exhibits an aroma rating of 9.3/10. Specially curated for refreshed, meditative rituals, it offers potent calming warmth, stress relief.",Warm Cardamom Nankhatai; Irani Cafe Bun Maska & Chai,https://images.unsplash.com/photo-1563822249548-9a72b6353cd1?auto=format&fit=crop&w=800&q=80
TEA-IN-0317,Blue Mountain Aromatic Orthdox,Nilgiri (Ooty Highlands),Nilgiri,100% High-Elevation Nilgiri Camellia Sinensis,Crisp Fruit; Light Malt; Plum,2.8,7.1,7.3,1.7,8.4,41,0,4,91,2.5g per 200ml (or 1:1 milk-water for Chai),Daily Refreshment; Heart Health; Antioxidant Rich; Gentle Alertness,Calm; Creative; Uplifted; Focused,Second Flush Summer,822.0,4.43,145,"An exquisite handcrafted nilgiri harvest from the famed terroirs of Nilgiri (Ooty Highlands). Imbued with prominent sensory notes of Crisp Fruit, Light Malt, Plum, this blend exhibits an aroma rating of 8.4/10. Specially curated for calm, creative rituals, it offers potent daily refreshment, heart health.",Crisp Hot Samosas with Mint & Tamarind Chutney; Kolkata Style Kathi Rolls; Irani Cafe Bun Maska & Chai,https://images.unsplash.com/photo-1597481499750-3e6b22637e12?auto=format&fit=crop&w=800&q=80
TEA-IN-0318,Brahmi & Shankhpushpi Memory Tonic '24,Madhya Pradesh Herbal Forests,Ayurvedic Tisane,"Organic Tulsi (Holy Basil), Ashwagandha Root, Wild Himalayan Turmeric, Brahmi Leaves, Licorice (Mulethi), Fennel Seeds (Saunf), Lemongrass",Cooling; Sweet Earthy; Woody; Fennel Sweetness,0.5,6.8,6.9,2.9,8.6,0,1,7,95,2.5g per 200ml (or 1:1 milk-water for Chai),Cortisol / Stress Reduction; Immunity Fortification,Calm; Soothing; Relaxed; Cozy,First Flush Spring,331.0,4.64,43,"An exquisite handcrafted ayurvedic tisane harvest from the famed terroirs of Madhya Pradesh Herbal Forests. Imbued with prominent sensory notes of Cooling, Sweet Earthy, Woody, this blend exhibits an aroma rating of 8.6/10. Specially curated for calm, soothing rituals, it offers potent cortisol / stress reduction, immunity fortification.",Kashmiri Girda Flatbread with Butter; Crisp Onion & Paneer Pakoras; Traditional Osmania Butter Biscuits,https://images.unsplash.com/photo-1544787219-7f47ccb76574?auto=format&fit=crop&w=800&q=80
TEA-IN-0319,Himalayan Cedar Scented Kangra,Himachal Pradesh (Kangra Valley),Kangra Valley,100% Certified GI Tagged Kangra Valley Whole Leaf Tea,Floral; Roasted Corn; Nutty,1.8,6.5,7.0,0.9,8.3,42,0,3,79,2.5g per 200ml (or 1:1 milk-water for Chai),Digestive Ease; High Polyphenols; Antioxidant Shield,Calm; Refreshed,Monsoon Special,873.0,4.51,333,"An exquisite handcrafted kangra valley harvest from the famed terroirs of Himachal Pradesh (Kangra Valley). Imbued with prominent sensory notes of Floral, Roasted Corn, Nutty, this blend exhibits an aroma rating of 8.3/10. Specially curated for calm, refreshed rituals, it offers potent digestive ease, high polyphenols.",Kashmiri Girda Flatbread with Butter; Crisp Onion & Paneer Pakoras; Spicy Bhakarwadi & Mathri,https://images.unsplash.com/photo-1576092768241-dec231879fc3?auto=format&fit=crop&w=800&q=80
TEA-IN-0320,High Altitude Cloud Pluck Temi Red Lot #566,Sikkim (Ravangla Highlands),Sikkim Temi,100% Organic Single Estate Temi Leaves,Muscatel; Peach; Sweet Floral; Caramel,2.8,8.3,8.6,2.9,8.2,34,0,3,85,2.5g per 200ml (or 1:1 milk-water for Chai),L-Theanine Serenity; Cardiovascular Support,Calm; Refreshed; Serene,Monsoon Special,508.0,4.51,155,"An exquisite handcrafted sikkim temi harvest from the famed terroirs of Sikkim (Ravangla Highlands). Imbued with prominent sensory notes of Muscatel, Peach, Sweet Floral, this blend exhibits an aroma rating of 8.2/10. Specially curated for calm, refreshed rituals, it offers potent l-theanine serenity, cardiovascular support.",Crisp Hot Samosas with Mint & Tamarind Chutney; Warm Cardamom Nankhatai,https://images.unsplash.com/photo-1576092768241-dec231879fc3?auto=format&fit=crop&w=800&q=80
TEA-IN-0321,Castleton Muscatel Supreme Lot #377 '24,Darjeeling (Singbulli),Darjeeling,100% Hand-Picked Camellia Sinensis Single Estate Darjeeling Leaves,Honey; Honeysuckle; Apricot,3.0,5.5,8.0,0.7,9.2,51,3,4,90,2.5g per 200ml (or 1:1 milk-water for Chai),Mental Clarity; Cellular Protection; Gentle Vitality; Heart Wellness,Calm; Refreshed,Winter Warmth,2096.0,4.46,351,"An exquisite handcrafted darjeeling harvest from the famed terroirs of Darjeeling (Singbulli). Imbued with prominent sensory notes of Honey, Honeysuckle, Apricot, this blend exhibits an aroma rating of 9.2/10. Specially curated for calm, refreshed rituals, it offers potent mental clarity, cellular protection.",Kashmiri Girda Flatbread with Butter; Kolkata Style Kathi Rolls; Crisp Onion & Paneer Pakoras,https://images.unsplash.com/photo-1546852199-2d8e8c4aa477?auto=format&fit=crop&w=800&q=80
TEA-IN-0322,Brahmaputra Valley Bold Red '24,Assam (Mangaldai),Assam,100% High-Grade Assam Whole Leaf & Golden Buds (Camellia Sinensis var. Assamica),Bold Body; Malty; Woody; Dark Cocoa; Molasses,4.7,5.3,2.4,2.7,8.2,61,4,5,97,2.5g per 200ml (or 1:1 milk-water for Chai),Immune Strength; Metabolic Fire,Motivated; Cozy; Focused,Autumnal Harvest,447.0,4.51,315,"An exquisite handcrafted assam harvest from the famed terroirs of Assam (Mangaldai). Imbued with prominent sensory notes of Bold Body, Malty, Woody, this blend exhibits an aroma rating of 8.2/10. Specially curated for motivated, cozy rituals, it offers potent immune strength, metabolic fire.",Kolkata Style Kathi Rolls; Warm Cardamom Nankhatai,https://images.unsplash.com/photo-1514733670139-4d87a1941d55?auto=format&fit=crop&w=800&q=80
TEA-IN-0323,Royal Elaichi & Kesar Rich Chai Lot #210 '24,Mumbai Heritage,Masala Chai,"Assam CTC Black Tea, Green Cardamom Pods, Crushed Dry Ginger, Ceylon Cinnamon, Cloves, Black Pepper, Star Anise, Saffron",Cardamom (Elaichi); Creamy; Sweet Heat; Cinnamon (Dalchini),3.0,6.1,1.8,8.7,9.5,50,22,6,95,2.5g per 200ml (or 1:1 milk-water for Chai),Digestive Comfort; Immunity Shield; Anti-inflammatory; Instant Warming,Energetic; Uplifted; Cozy,Second Flush Summer,353.0,4.42,161,"An exquisite handcrafted masala chai harvest from the famed terroirs of Mumbai Heritage. Imbued with prominent sensory notes of Cardamom (Elaichi), Creamy, Sweet Heat, this blend exhibits an aroma rating of 9.5/10. Specially curated for energetic, uplifted rituals, it offers potent digestive comfort, immunity shield.",Kashmiri Girda Flatbread with Butter; Spicy Bhakarwadi & Mathri; Traditional Osmania Butter Biscuits,https://images.unsplash.com/photo-1571934811356-5cc061b6821f?auto=format&fit=crop&w=800&q=80
TEA-IN-0324,Pink Salted Noon Chai (Sheer Chai) Lot #762,Kashmir (Srinagar Valley),Kashmir Kahwa,"Kashmiri Green Tea Leaves, Pampore Pure Saffron Strands, Green Cardamom, Cinnamon, Crushed Almond Slivers, Dried Rose Petals",Delicate Green; Saffron (Kesar); Sweet Almond; Floral Honey; Nutty,1.2,6.3,9.1,6.7,9.2,22,2,3,84,2.5g per 200ml (or 1:1 milk-water for Chai),Digestive Fire; Immunity Boost,Calm; Cozy,Second Flush Summer,1526.0,4.36,277,"An exquisite handcrafted kashmir kahwa harvest from the famed terroirs of Kashmir (Srinagar Valley). Imbued with prominent sensory notes of Delicate Green, Saffron (Kesar), Sweet Almond, this blend exhibits an aroma rating of 9.2/10. Specially curated for calm, cozy rituals, it offers potent digestive fire, immunity boost.",Poha with Roasted Peanuts; Dhokla with Green Chilies; Warm Cardamom Nankhatai,https://images.unsplash.com/photo-1563822249548-9a72b6353cd1?auto=format&fit=crop&w=800&q=80
TEA-IN-0325,Emerald Dew Nilgiri Green '24,Nilgiri (Coonoor),Nilgiri,100% High-Elevation Nilgiri Camellia Sinensis,Bright Citrus; Light Malt; Plum,1.5,8.2,6.4,0.5,8.7,41,1,4,86,2.5g per 200ml (or 1:1 milk-water for Chai),Weight Balance; Heart Health; Antioxidant Rich,Refreshed; Uplifted,All Season,1439.0,4.87,288,"An exquisite handcrafted nilgiri harvest from the famed terroirs of Nilgiri (Coonoor). Imbued with prominent sensory notes of Bright Citrus, Light Malt, Plum, this blend exhibits an aroma rating of 8.7/10. Specially curated for refreshed, uplifted rituals, it offers potent weight balance, heart health.",Dhokla with Green Chilies; Crisp Hot Samosas with Mint & Tamarind Chutney,https://images.unsplash.com/photo-1597481499750-3e6b22637e12?auto=format&fit=crop&w=800&q=80
TEA-IN-0326,Turmeric Ginger Curcumin Immunity Guard '25,Kerala (Western Ghats),Ayurvedic Tisane,"Organic Tulsi (Holy Basil), Ashwagandha Root, Wild Himalayan Turmeric, Brahmi Leaves, Licorice (Mulethi), Fennel Seeds (Saunf), Lemongrass",Warm Ginger; Fennel Sweetness; Cooling; Woody; Botanical,1.6,6.9,8.0,3.0,8.5,0,0,6,97,2.5g per 200ml (or 1:1 milk-water for Chai),Cortisol / Stress Reduction; Immunity Fortification,Calm; Meditative,Monsoon Special,458.0,4.8,240,"An exquisite handcrafted ayurvedic tisane harvest from the famed terroirs of Kerala (Western Ghats). Imbued with prominent sensory notes of Warm Ginger, Fennel Sweetness, Cooling, this blend exhibits an aroma rating of 8.5/10. Specially curated for calm, meditative rituals, it offers potent cortisol / stress reduction, immunity fortification.",Gulab Jamun with Rosewater Syrup; Crisp Onion & Paneer Pakoras,https://images.unsplash.com/photo-1544787219-7f47ccb76574?auto=format&fit=crop&w=800&q=80
TEA-IN-0327,Palampur Orthodox Spring Gold '25,Himachal Pradesh (Palampur),Kangra Valley,100% Certified GI Tagged Kangra Valley Whole Leaf Tea,Floral; Roasted Corn; Sweet Vegetal; Pine Mist; Mellow Green,2.6,7.9,8.1,1.5,8.8,33,4,2,79,2.5g per 200ml (or 1:1 milk-water for Chai),High Polyphenols; Digestive Ease; Metabolic Balance,Refreshed; Uplifted; Focused; Calm,Second Flush Summer,493.0,4.31,370,"An exquisite handcrafted kangra valley harvest from the famed terroirs of Himachal Pradesh (Palampur). Imbued with prominent sensory notes of Floral, Roasted Corn, Sweet Vegetal, this blend exhibits an aroma rating of 8.8/10. Specially curated for refreshed, uplifted rituals, it offers potent high polyphenols, digestive ease.",Dhokla with Green Chilies; Gulab Jamun with Rosewater Syrup; Crisp Onion & Paneer Pakoras,https://images.unsplash.com/photo-1576092768241-dec231879fc3?auto=format&fit=crop&w=800&q=80
TEA-IN-0328,High Altitude Cloud Pluck Temi Red Lot #397 '26,"Sikkim (Temi Tea Estate, South Sikkim)",Sikkim Temi,100% Organic Single Estate Temi Leaves,Honeyed Wood; Muscatel; Peach; Sweet Floral,1.8,7.2,6.7,1.6,8.7,34,4,3,85,2.5g per 200ml (or 1:1 milk-water for Chai),Pure Organic Nutrition; L-Theanine Serenity; Cardiovascular Support; Skin Vitality,Refreshed; Focused; Calm,Winter Warmth,1552.0,4.5,36,"An exquisite handcrafted sikkim temi harvest from the famed terroirs of Sikkim (Temi Tea Estate, South Sikkim). Imbued with prominent sensory notes of Honeyed Wood, Muscatel, Peach, this blend exhibits an aroma rating of 8.7/10. Specially curated for refreshed, focused rituals, it offers potent pure organic nutrition, l-theanine serenity.",Spicy Bhakarwadi & Mathri; Traditional Osmania Butter Biscuits; Irani Cafe Bun Maska & Chai,https://images.unsplash.com/photo-1576092768241-dec231879fc3?auto=format&fit=crop&w=800&q=80
TEA-IN-0329,Vintage Muscatel Wonder Lot #753,Darjeeling (Castle Castleton),Darjeeling,100% Hand-Picked Camellia Sinensis Single Estate Darjeeling Leaves,Apricot; Floral; Green Apple,2.5,8.6,9.7,1.9,9.2,34,3,4,89,2.5g per 200ml (or 1:1 milk-water for Chai),Cellular Protection; Gentle Vitality; Heart Wellness,Calm; Refreshed; Meditative,Autumnal Harvest,728.0,4.66,375,"An exquisite handcrafted darjeeling harvest from the famed terroirs of Darjeeling (Castle Castleton). Imbued with prominent sensory notes of Apricot, Floral, Green Apple, this blend exhibits an aroma rating of 9.2/10. Specially curated for calm, refreshed rituals, it offers potent cellular protection, gentle vitality.",Shrewsbury Butter Biscuits; Spicy Bhakarwadi & Mathri; Irani Cafe Bun Maska & Chai,https://images.unsplash.com/photo-1594631252845-29fc4cc8cde9?auto=format&fit=crop&w=800&q=80
TEA-IN-0330,Assam Tippy Golden Flowery Orange Pekoe Lot #580,Assam (Mangaldai),Assam,100% High-Grade Assam Whole Leaf & Golden Buds (Camellia Sinensis var. Assamica),Honey; Molasses; Caramel; Toasted Grain,5.6,6.4,2.4,4.2,7.1,76,0,4,99,2.5g per 200ml (or 1:1 milk-water for Chai),Cardiovascular Support; Immune Strength,Motivated; Focused,Winter Warmth,714.0,4.34,48,"An exquisite handcrafted assam harvest from the famed terroirs of Assam (Mangaldai). Imbued with prominent sensory notes of Honey, Molasses, Caramel, this blend exhibits an aroma rating of 7.1/10. Specially curated for motivated, focused rituals, it offers potent cardiovascular support, immune strength.",Poha with Roasted Peanuts; Gulab Jamun with Rosewater Syrup; Crisp Hot Samosas with Mint & Tamarind Chutney,https://images.unsplash.com/photo-1571934811356-5cc061b6821f?auto=format&fit=crop&w=800&q=80
TEA-IN-0331,Royal Elaichi & Kesar Rich Chai Lot #942,Kolkata Street Estate,Masala Chai,"Assam CTC Black Tea, Green Cardamom Pods, Crushed Dry Ginger, Ceylon Cinnamon, Cloves, Black Pepper, Star Anise, Saffron",Cardamom (Elaichi); Ginger (Adrak); Peppery; Cinnamon (Dalchini); Clove (Laung),4.4,5.5,1.2,9.4,9.7,62,18,6,96,2.5g per 200ml (or 1:1 milk-water for Chai),Digestive Comfort; Anti-inflammatory,Energetic; Uplifted; Comforting; Cozy,First Flush Spring,581.0,4.38,69,"An exquisite handcrafted masala chai harvest from the famed terroirs of Kolkata Street Estate. Imbued with prominent sensory notes of Cardamom (Elaichi), Ginger (Adrak), Peppery, this blend exhibits an aroma rating of 9.7/10. Specially curated for energetic, uplifted rituals, it offers potent digestive comfort, anti-inflammatory.",Crisp Hot Samosas with Mint & Tamarind Chutney; Kolkata Style Kathi Rolls,https://images.unsplash.com/photo-1544787219-7f47ccb76574?auto=format&fit=crop&w=800&q=80
TEA-IN-0332,Rose Petal & Kashmiri Cardamom Kahwa Lot #953,Kashmir (Srinagar Valley),Kashmir Kahwa,"Kashmiri Green Tea Leaves, Pampore Pure Saffron Strands, Green Cardamom, Cinnamon, Crushed Almond Slivers, Dried Rose Petals",Saffron (Kesar); Cardamom; Sweet Almond; Floral Honey; Nutty,1.8,8.8,7.0,6.5,9.2,18,4,4,84,2.5g per 200ml (or 1:1 milk-water for Chai),Stress Relief; Skin Glow & Radiance,Calm; Cozy,Second Flush Summer,904.0,4.37,321,"An exquisite handcrafted kashmir kahwa harvest from the famed terroirs of Kashmir (Srinagar Valley). Imbued with prominent sensory notes of Saffron (Kesar), Cardamom, Sweet Almond, this blend exhibits an aroma rating of 9.2/10. Specially curated for calm, cozy rituals, it offers potent stress relief, skin glow & radiance.",Gulab Jamun with Rosewater Syrup; Kashmiri Girda Flatbread with Butter,https://images.unsplash.com/photo-1563822249548-9a72b6353cd1?auto=format&fit=crop&w=800&q=80
TEA-IN-0333,Glendale High-Grown Special '24,Nilgiri (Ooty Highlands),Nilgiri,100% High-Elevation Nilgiri Camellia Sinensis,Light Malt; Honey; Sweet Melon; Bright Citrus; Plum,2.2,8.0,6.4,1.1,8.2,42,4,4,85,2.5g per 200ml (or 1:1 milk-water for Chai),Weight Balance; Heart Health; Daily Refreshment,Calm; Refreshed; Uplifted,Second Flush Summer,1343.0,4.66,282,"An exquisite handcrafted nilgiri harvest from the famed terroirs of Nilgiri (Ooty Highlands). Imbued with prominent sensory notes of Light Malt, Honey, Sweet Melon, this blend exhibits an aroma rating of 8.2/10. Specially curated for calm, refreshed rituals, it offers potent weight balance, heart health.",Shrewsbury Butter Biscuits; Kashmiri Girda Flatbread with Butter; Traditional Osmania Butter Biscuits,https://images.unsplash.com/photo-1597481499750-3e6b22637e12?auto=format&fit=crop&w=800&q=80
TEA-IN-0334,Turmeric Ginger Curcumin Immunity Guard '25,Himalayan Foothills,Ayurvedic Tisane,"Organic Tulsi (Holy Basil), Ashwagandha Root, Wild Himalayan Turmeric, Brahmi Leaves, Licorice (Mulethi), Fennel Seeds (Saunf), Lemongrass",Cooling; Sweet Earthy; Woody; Botanical,1.6,7.4,4.6,5.1,8.8,0,0,7,98,2.5g per 200ml (or 1:1 milk-water for Chai),Cortisol / Stress Reduction; Immunity Fortification; Joint & Anti-inflammatory; Deep Restful Sleep,Calm; Soothing; Meditative; Cozy,All Season,403.0,4.37,74,"An exquisite handcrafted ayurvedic tisane harvest from the famed terroirs of Himalayan Foothills. Imbued with prominent sensory notes of Cooling, Sweet Earthy, Woody, this blend exhibits an aroma rating of 8.8/10. Specially curated for calm, soothing rituals, it offers potent cortisol / stress reduction, immunity fortification.",Kashmiri Girda Flatbread with Butter; Crisp Hot Samosas with Mint & Tamarind Chutney,https://images.unsplash.com/photo-1544787219-7f47ccb76574?auto=format&fit=crop&w=800&q=80
TEA-IN-0335,Wild Herb Infused Kangra Tea,Himachal Pradesh (Dharamshala),Kangra Valley,100% Certified GI Tagged Kangra Valley Whole Leaf Tea,Roasted Corn; Pine Mist; Nutty,2.9,7.8,7.8,0.7,8.8,39,3,3,76,2.5g per 200ml (or 1:1 milk-water for Chai),High Polyphenols; Peaceful Focus,Calm; Uplifted; Focused,First Flush Spring,1241.0,4.69,122,"An exquisite handcrafted kangra valley harvest from the famed terroirs of Himachal Pradesh (Dharamshala). Imbued with prominent sensory notes of Roasted Corn, Pine Mist, Nutty, this blend exhibits an aroma rating of 8.8/10. Specially curated for calm, uplifted rituals, it offers potent high polyphenols, peaceful focus.",Gulab Jamun with Rosewater Syrup; Spicy Bhakarwadi & Mathri; Kolkata Style Kathi Rolls,https://images.unsplash.com/photo-1576092768241-dec231879fc3?auto=format&fit=crop&w=800&q=80
TEA-IN-0336,Sikkim Royal Orthodox Muscatel Lot #393,Sikkim (Ravangla Highlands),Sikkim Temi,100% Organic Single Estate Temi Leaves,Muscatel; Honeyed Wood; Sweet Floral,3.0,7.1,7.8,2.6,8.1,30,5,3,86,2.5g per 200ml (or 1:1 milk-water for Chai),Pure Organic Nutrition; Cardiovascular Support; Skin Vitality,Calm; Refreshed; Meditative; Serene,Winter Warmth,1530.0,4.88,430,"An exquisite handcrafted sikkim temi harvest from the famed terroirs of Sikkim (Ravangla Highlands). Imbued with prominent sensory notes of Muscatel, Honeyed Wood, Sweet Floral, this blend exhibits an aroma rating of 8.1/10. Specially curated for calm, refreshed rituals, it offers potent pure organic nutrition, cardiovascular support.",Poha with Roasted Peanuts; Shrewsbury Butter Biscuits; Crisp Onion & Paneer Pakoras,https://images.unsplash.com/photo-1546852199-2d8e8c4aa477?auto=format&fit=crop&w=800&q=80
TEA-IN-0337,Single Estate Royal Amber Darjeeling Lot #995,Darjeeling (Jungpana),Darjeeling,100% Hand-Picked Camellia Sinensis Single Estate Darjeeling Leaves,Honey; Apricot; Green Apple; Citrus Zest,1.7,8.1,7.9,0.7,8.5,45,2,3,83,2.5g per 200ml (or 1:1 milk-water for Chai),Mental Clarity; Heart Wellness,Uplifted; Focused,Winter Warmth,1840.0,4.38,261,"An exquisite handcrafted darjeeling harvest from the famed terroirs of Darjeeling (Jungpana). Imbued with prominent sensory notes of Honey, Apricot, Green Apple, this blend exhibits an aroma rating of 8.5/10. Specially curated for uplifted, focused rituals, it offers potent mental clarity, heart wellness.",Dhokla with Green Chilies; Spicy Bhakarwadi & Mathri; Crisp Hot Samosas with Mint & Tamarind Chutney,https://images.unsplash.com/photo-1594631252845-29fc4cc8cde9?auto=format&fit=crop&w=800&q=80
TEA-IN-0338,Golden Tips Extra Special Orthodox,Assam (Upper Brahmaputra Valley),Assam,100% High-Grade Assam Whole Leaf & Golden Buds (Camellia Sinensis var. Assamica),Dark Cocoa; Molasses; Woody; Toasted Grain,5.2,5.7,1.4,3.1,8.8,82,5,4,96,2.5g per 200ml (or 1:1 milk-water for Chai),Metabolic Fire; Cardiovascular Support; High Sustained Energy; Immune Strength,Energetic; Uplifted; Cozy; Focused,Monsoon Special,331.0,4.65,352,"An exquisite handcrafted assam harvest from the famed terroirs of Assam (Upper Brahmaputra Valley). Imbued with prominent sensory notes of Dark Cocoa, Molasses, Woody, this blend exhibits an aroma rating of 8.8/10. Specially curated for energetic, uplifted rituals, it offers potent metabolic fire, cardiovascular support.",Crisp Hot Samosas with Mint & Tamarind Chutney; Warm Cardamom Nankhatai,https://images.unsplash.com/photo-1571934811356-5cc061b6821f?auto=format&fit=crop&w=800&q=80
TEA-IN-0339,Dhaba Style Kulhad Strong Chai '24,Rajasthan Royal Palace,Masala Chai,"Assam CTC Black Tea, Green Cardamom Pods, Crushed Dry Ginger, Ceylon Cinnamon, Cloves, Black Pepper, Star Anise, Saffron",Spicy; Sweet Heat; Cinnamon (Dalchini),3.1,4.2,3.3,9.5,9.5,65,58,6,100,2.5g per 200ml (or 1:1 milk-water for Chai),Digestive Comfort; Anti-inflammatory; Instant Warming,Refreshed; Cozy; Comforting,Second Flush Summer,356.0,4.6,49,"An exquisite handcrafted masala chai harvest from the famed terroirs of Rajasthan Royal Palace. Imbued with prominent sensory notes of Spicy, Sweet Heat, Cinnamon (Dalchini), this blend exhibits an aroma rating of 9.5/10. Specially curated for refreshed, cozy rituals, it offers potent digestive comfort, anti-inflammatory.",Dhokla with Green Chilies; Crisp Onion & Paneer Pakoras; Kolkata Style Kathi Rolls,https://images.unsplash.com/photo-1544787219-7f47ccb76574?auto=format&fit=crop&w=800&q=80
TEA-IN-0340,Rose Petal & Kashmiri Cardamom Kahwa Lot #333,Kashmir (Srinagar Valley),Kashmir Kahwa,"Kashmiri Green Tea Leaves, Pampore Pure Saffron Strands, Green Cardamom, Cinnamon, Crushed Almond Slivers, Dried Rose Petals",Cardamom; Sweet Almond; Delicate Green,2.5,8.4,7.9,5.1,9.8,28,1,3,80,2.5g per 200ml (or 1:1 milk-water for Chai),Stress Relief; Skin Glow & Radiance; Immunity Boost,Calm; Relaxed; Meditative; Cozy,Monsoon Special,849.0,4.67,273,"An exquisite handcrafted kashmir kahwa harvest from the famed terroirs of Kashmir (Srinagar Valley). Imbued with prominent sensory notes of Cardamom, Sweet Almond, Delicate Green, this blend exhibits an aroma rating of 9.8/10. Specially curated for calm, relaxed rituals, it offers potent stress relief, skin glow & radiance.",Poha with Roasted Peanuts; Kashmiri Girda Flatbread with Butter; Kolkata Style Kathi Rolls,https://images.unsplash.com/photo-1563822249548-9a72b6353cd1?auto=format&fit=crop&w=800&q=80
TEA-IN-0341,High Altitude Floral White Nilgiri Lot #476 '25,Nilgiri (Kotagiri),Nilgiri,100% High-Elevation Nilgiri Camellia Sinensis,Bright Citrus; Floral; Crisp Fruit; Light Malt,3.2,6.6,8.7,1.1,8.8,37,2,4,94,2.5g per 200ml (or 1:1 milk-water for Chai),Weight Balance; Heart Health; Antioxidant Rich; Daily Refreshment,Calm; Focused,All Season,1190.0,4.95,30,"An exquisite handcrafted nilgiri harvest from the famed terroirs of Nilgiri (Kotagiri). Imbued with prominent sensory notes of Bright Citrus, Floral, Crisp Fruit, this blend exhibits an aroma rating of 8.8/10. Specially curated for calm, focused rituals, it offers potent weight balance, heart health.",Gulab Jamun with Rosewater Syrup; Traditional Osmania Butter Biscuits,https://images.unsplash.com/photo-1546852199-2d8e8c4aa477?auto=format&fit=crop&w=800&q=80
TEA-IN-0342,"Sacred Tulsi Trio (Rama, Krishna, Vana)",Madhya Pradesh Herbal Forests,Ayurvedic Tisane,"Organic Tulsi (Holy Basil), Ashwagandha Root, Wild Himalayan Turmeric, Brahmi Leaves, Licorice (Mulethi), Fennel Seeds (Saunf), Lemongrass",Warm Ginger; Cooling; Sweet Earthy,2.6,4.3,5.1,4.4,8.5,0,3,6,95,2.5g per 200ml (or 1:1 milk-water for Chai),Cortisol / Stress Reduction; Gut Health & Detox; Immunity Fortification; Deep Restful Sleep,Soothing; Cozy,Second Flush Summer,826.0,4.7,407,"An exquisite handcrafted ayurvedic tisane harvest from the famed terroirs of Madhya Pradesh Herbal Forests. Imbued with prominent sensory notes of Warm Ginger, Cooling, Sweet Earthy, this blend exhibits an aroma rating of 8.5/10. Specially curated for soothing, cozy rituals, it offers potent cortisol / stress reduction, gut health & detox.",Dhokla with Green Chilies; Crisp Onion & Paneer Pakoras,https://images.unsplash.com/photo-1597481499750-3e6b22637e12?auto=format&fit=crop&w=800&q=80
TEA-IN-0343,Dharamshala Mountain Dew Green Lot #545 '26,Himachal Pradesh (Palampur),Kangra Valley,100% Certified GI Tagged Kangra Valley Whole Leaf Tea,Mellow Green; Roasted Corn; Pine Mist; Nutty,3.3,7.4,7.8,1.3,8.9,43,2,4,82,2.5g per 200ml (or 1:1 milk-water for Chai),Digestive Ease; High Polyphenols; Peaceful Focus,Refreshed; Uplifted,Second Flush Summer,686.0,4.57,335,"An exquisite handcrafted kangra valley harvest from the famed terroirs of Himachal Pradesh (Palampur). Imbued with prominent sensory notes of Mellow Green, Roasted Corn, Pine Mist, this blend exhibits an aroma rating of 8.9/10. Specially curated for refreshed, uplifted rituals, it offers potent digestive ease, high polyphenols.",Shrewsbury Butter Biscuits; Traditional Osmania Butter Biscuits,https://images.unsplash.com/photo-1563822249548-9a72b6353cd1?auto=format&fit=crop&w=800&q=80
TEA-IN-0344,Sikkim Royal Orthodox Muscatel Lot #902 '26,Sikkim (Ravangla Highlands),Sikkim Temi,100% Organic Single Estate Temi Leaves,Sweet Floral; Honeyed Wood; Peach; Gentle Spice,1.5,6.8,8.2,2.7,9.3,38,0,4,85,2.5g per 200ml (or 1:1 milk-water for Chai),Pure Organic Nutrition; L-Theanine Serenity; Cardiovascular Support; Skin Vitality,Refreshed; Serene; Calm,Second Flush Summer,1493.0,4.39,342,"An exquisite handcrafted sikkim temi harvest from the famed terroirs of Sikkim (Ravangla Highlands). Imbued with prominent sensory notes of Sweet Floral, Honeyed Wood, Peach, this blend exhibits an aroma rating of 9.3/10. Specially curated for refreshed, serene rituals, it offers potent pure organic nutrition, l-theanine serenity.",Poha with Roasted Peanuts; Warm Cardamom Nankhatai; Irani Cafe Bun Maska & Chai,https://images.unsplash.com/photo-1546852199-2d8e8c4aa477?auto=format&fit=crop&w=800&q=80
TEA-IN-0345,Silver Needle White Darjeeling Lot #151,Darjeeling (Singbulli),Darjeeling,100% Hand-Picked Camellia Sinensis Single Estate Darjeeling Leaves,Muscatel; Honey; Green Apple; Citrus Zest,3.1,5.7,8.5,1.2,8.6,43,1,3,84,2.5g per 200ml (or 1:1 milk-water for Chai),High Antioxidants; Cellular Protection; Gentle Vitality; Heart Wellness,Uplifted; Meditative,First Flush Spring,927.0,4.69,444,"An exquisite handcrafted darjeeling harvest from the famed terroirs of Darjeeling (Singbulli). Imbued with prominent sensory notes of Muscatel, Honey, Green Apple, this blend exhibits an aroma rating of 8.6/10. Specially curated for uplifted, meditative rituals, it offers potent high antioxidants, cellular protection.",Shrewsbury Butter Biscuits; Kolkata Style Kathi Rolls,https://images.unsplash.com/photo-1546852199-2d8e8c4aa477?auto=format&fit=crop&w=800&q=80
TEA-IN-0346,Robust Morning Chai Blend Lot #997,Assam (Upper Brahmaputra Valley),Assam,100% High-Grade Assam Whole Leaf & Golden Buds (Camellia Sinensis var. Assamica),Dark Cocoa; Molasses; Malty; Caramel,4.1,5.1,2.1,4.4,9.2,63,2,4,96,2.5g per 200ml (or 1:1 milk-water for Chai),High Sustained Energy; Metabolic Fire,Energetic; Uplifted; Cozy,Autumnal Harvest,986.0,4.74,59,"An exquisite handcrafted assam harvest from the famed terroirs of Assam (Upper Brahmaputra Valley). Imbued with prominent sensory notes of Dark Cocoa, Molasses, Malty, this blend exhibits an aroma rating of 9.2/10. Specially curated for energetic, uplifted rituals, it offers potent high sustained energy, metabolic fire.",Dhokla with Green Chilies; Crisp Hot Samosas with Mint & Tamarind Chutney; Irani Cafe Bun Maska & Chai,https://images.unsplash.com/photo-1544787219-7f47ccb76574?auto=format&fit=crop&w=800&q=80
TEA-IN-0347,Star Anise & Nutmeg Winter Chai Lot #852,Delhi Old Quarter,Masala Chai,"Assam CTC Black Tea, Green Cardamom Pods, Crushed Dry Ginger, Ceylon Cinnamon, Cloves, Black Pepper, Star Anise, Saffron",Clove (Laung); Cardamom (Elaichi); Ginger (Adrak),5.2,7.8,2.6,7.6,9.5,55,43,5,97,2.5g per 200ml (or 1:1 milk-water for Chai),Digestive Comfort; Anti-inflammatory,Refreshed; Energetic; Cozy,Second Flush Summer,293.0,4.68,59,"An exquisite handcrafted masala chai harvest from the famed terroirs of Delhi Old Quarter. Imbued with prominent sensory notes of Clove (Laung), Cardamom (Elaichi), Ginger (Adrak), this blend exhibits an aroma rating of 9.5/10. Specially curated for refreshed, energetic rituals, it offers potent digestive comfort, anti-inflammatory.",Gulab Jamun with Rosewater Syrup; Spicy Bhakarwadi & Mathri,https://images.unsplash.com/photo-1571934811356-5cc061b6821f?auto=format&fit=crop&w=800&q=80
TEA-IN-0348,Zaffran Emerald Heritage Brew '24,Kashmir (Gulmarg Hills),Kashmir Kahwa,"Kashmiri Green Tea Leaves, Pampore Pure Saffron Strands, Green Cardamom, Cinnamon, Crushed Almond Slivers, Dried Rose Petals",Delicate Green; Saffron (Kesar); Cinnamon; Floral Honey; Nutty,2.1,8.5,6.4,6.6,9.8,21,4,5,81,2.5g per 200ml (or 1:1 milk-water for Chai),Calming Warmth; Digestive Fire,Refreshed; Relaxed; Meditative; Cozy,First Flush Spring,668.0,4.48,303,"An exquisite handcrafted kashmir kahwa harvest from the famed terroirs of Kashmir (Gulmarg Hills). Imbued with prominent sensory notes of Delicate Green, Saffron (Kesar), Cinnamon, this blend exhibits an aroma rating of 9.8/10. Specially curated for refreshed, relaxed rituals, it offers potent calming warmth, digestive fire.",Gulab Jamun with Rosewater Syrup; Crisp Hot Samosas with Mint & Tamarind Chutney,https://images.unsplash.com/photo-1563822249548-9a72b6353cd1?auto=format&fit=crop&w=800&q=80
TEA-IN-0349,Blue Mountain Aromatic Orthdox Lot #954,Nilgiri (Coonoor),Nilgiri,100% High-Elevation Nilgiri Camellia Sinensis,Floral; Light Malt; Bright Citrus; Crisp Fruit; Plum,2.7,8.5,6.4,2.2,9.4,53,2,3,91,2.5g per 200ml (or 1:1 milk-water for Chai),Daily Refreshment; Antioxidant Rich; Gentle Alertness,Refreshed; Calm,All Season,1268.0,4.5,264,"An exquisite handcrafted nilgiri harvest from the famed terroirs of Nilgiri (Coonoor). Imbued with prominent sensory notes of Floral, Light Malt, Bright Citrus, this blend exhibits an aroma rating of 9.4/10. Specially curated for refreshed, calm rituals, it offers potent daily refreshment, antioxidant rich.",Poha with Roasted Peanuts; Gulab Jamun with Rosewater Syrup; Spicy Bhakarwadi & Mathri,https://images.unsplash.com/photo-1597481499750-3e6b22637e12?auto=format&fit=crop&w=800&q=80
TEA-IN-0350,Turmeric Ginger Curcumin Immunity Guard,Kerala (Western Ghats),Ayurvedic Tisane,"Organic Tulsi (Holy Basil), Ashwagandha Root, Wild Himalayan Turmeric, Brahmi Leaves, Licorice (Mulethi), Fennel Seeds (Saunf), Lemongrass",Cooling; Herbal; Woody; Tulsi Mint,2.0,6.7,5.8,3.3,7.9,0,2,5,96,2.5g per 200ml (or 1:1 milk-water for Chai),Gut Health & Detox; Immunity Fortification; Joint & Anti-inflammatory; Deep Restful Sleep,Calm; Soothing; Relaxed,Autumnal Harvest,637.0,4.69,335,"An exquisite handcrafted ayurvedic tisane harvest from the famed terroirs of Kerala (Western Ghats). Imbued with prominent sensory notes of Cooling, Herbal, Woody, this blend exhibits an aroma rating of 7.9/10. Specially curated for calm, soothing rituals, it offers potent gut health & detox, immunity fortification.",Kashmiri Girda Flatbread with Butter; Traditional Osmania Butter Biscuits,https://images.unsplash.com/photo-1544787219-7f47ccb76574?auto=format&fit=crop&w=800&q=80
TEA-IN-0351,Kangra Imperial Green Dragon,Himachal Pradesh (Dharamshala),Kangra Valley,100% Certified GI Tagged Kangra Valley Whole Leaf Tea,Mellow Green; Sweet Vegetal; Pine Mist; Nutty,1.7,6.6,8.1,0.9,8.8,44,0,2,85,2.5g per 200ml (or 1:1 milk-water for Chai),Digestive Ease; High Polyphenols; Metabolic Balance; Peaceful Focus,Calm; Uplifted; Meditative; Focused,Second Flush Summer,1200.0,4.69,394,"An exquisite handcrafted kangra valley harvest from the famed terroirs of Himachal Pradesh (Dharamshala). Imbued with prominent sensory notes of Mellow Green, Sweet Vegetal, Pine Mist, this blend exhibits an aroma rating of 8.8/10. Specially curated for calm, uplifted rituals, it offers potent digestive ease, high polyphenols.",Crisp Onion & Paneer Pakoras; Traditional Osmania Butter Biscuits,https://images.unsplash.com/photo-1563822249548-9a72b6353cd1?auto=format&fit=crop&w=800&q=80
TEA-IN-0352,Sikkim Green Dragon Spring Leaf Lot #403 '26,"Sikkim (Temi Tea Estate, South Sikkim)",Sikkim Temi,100% Organic Single Estate Temi Leaves,Muscatel; Sweet Floral; Caramel,2.9,8.1,7.6,1.9,8.4,47,2,3,87,2.5g per 200ml (or 1:1 milk-water for Chai),L-Theanine Serenity; Cardiovascular Support; Skin Vitality,Calm; Refreshed; Meditative,All Season,1403.0,4.52,450,"An exquisite handcrafted sikkim temi harvest from the famed terroirs of Sikkim (Temi Tea Estate, South Sikkim). Imbued with prominent sensory notes of Muscatel, Sweet Floral, Caramel, this blend exhibits an aroma rating of 8.4/10. Specially curated for calm, refreshed rituals, it offers potent l-theanine serenity, cardiovascular support.",Crisp Hot Samosas with Mint & Tamarind Chutney; Spicy Bhakarwadi & Mathri; Kolkata Style Kathi Rolls,https://images.unsplash.com/photo-1546852199-2d8e8c4aa477?auto=format&fit=crop&w=800&q=80
TEA-IN-0353,Margaret's Hope Golden Tips,Darjeeling (Goomtee),Darjeeling,100% Hand-Picked Camellia Sinensis Single Estate Darjeeling Leaves,Citrus Zest; Apricot; Muscatel,2.4,8.8,9.0,0.9,8.3,50,5,4,84,2.5g per 200ml (or 1:1 milk-water for Chai),High Antioxidants; Cellular Protection; Gentle Vitality; Heart Wellness,Refreshed; Uplifted; Focused,All Season,1037.0,4.56,318,"An exquisite handcrafted darjeeling harvest from the famed terroirs of Darjeeling (Goomtee). Imbued with prominent sensory notes of Citrus Zest, Apricot, Muscatel, this blend exhibits an aroma rating of 8.3/10. Specially curated for refreshed, uplifted rituals, it offers potent high antioxidants, cellular protection.",Crisp Hot Samosas with Mint & Tamarind Chutney; Spicy Bhakarwadi & Mathri,https://images.unsplash.com/photo-1576092768241-dec231879fc3?auto=format&fit=crop&w=800&q=80
TEA-IN-0354,Royal Mangalam Golden Needle Lot #285 '24,Assam (Golaghat),Assam,100% High-Grade Assam Whole Leaf & Golden Buds (Camellia Sinensis var. Assamica),Honey; Molasses; Toasted Grain,7.1,5.3,2.5,3.4,8.5,69,2,4,96,2.5g per 200ml (or 1:1 milk-water for Chai),Digestive Power; High Sustained Energy; Metabolic Fire,Motivated; Uplifted,All Season,414.0,4.9,450,"An exquisite handcrafted assam harvest from the famed terroirs of Assam (Golaghat). Imbued with prominent sensory notes of Honey, Molasses, Toasted Grain, this blend exhibits an aroma rating of 8.5/10. Specially curated for motivated, uplifted rituals, it offers potent digestive power, high sustained energy.",Spicy Bhakarwadi & Mathri; Crisp Onion & Paneer Pakoras,https://images.unsplash.com/photo-1571934811356-5cc061b6821f?auto=format&fit=crop&w=800&q=80
TEA-IN-0355,Dhaba Style Kulhad Strong Chai,Mumbai Heritage,Masala Chai,"Assam CTC Black Tea, Green Cardamom Pods, Crushed Dry Ginger, Ceylon Cinnamon, Cloves, Black Pepper, Star Anise, Saffron",Spicy; Creamy; Ginger (Adrak); Sweet Heat,3.6,7.8,2.2,8.9,9.3,60,41,5,98,2.5g per 200ml (or 1:1 milk-water for Chai),Digestive Comfort; Anti-inflammatory; Instant Warming,Energetic; Uplifted,Winter Warmth,362.0,4.73,334,"An exquisite handcrafted masala chai harvest from the famed terroirs of Mumbai Heritage. Imbued with prominent sensory notes of Spicy, Creamy, Ginger (Adrak), this blend exhibits an aroma rating of 9.3/10. Specially curated for energetic, uplifted rituals, it offers potent digestive comfort, anti-inflammatory.",Dhokla with Green Chilies; Traditional Osmania Butter Biscuits; Irani Cafe Bun Maska & Chai,https://images.unsplash.com/photo-1571934811356-5cc061b6821f?auto=format&fit=crop&w=800&q=80
TEA-IN-0356,Traditional Samovar Cinnamon Kahwa Lot #840,Kashmir (Gulmarg Hills),Kashmir Kahwa,"Kashmiri Green Tea Leaves, Pampore Pure Saffron Strands, Green Cardamom, Cinnamon, Crushed Almond Slivers, Dried Rose Petals",Cardamom; Sweet Almond; Floral Honey; Nutty,1.8,8.3,7.2,6.1,9.8,15,0,5,81,2.5g per 200ml (or 1:1 milk-water for Chai),Calming Warmth; Stress Relief; Skin Glow & Radiance; Immunity Boost,Refreshed; Meditative; Cozy,Monsoon Special,1556.0,4.66,276,"An exquisite handcrafted kashmir kahwa harvest from the famed terroirs of Kashmir (Gulmarg Hills). Imbued with prominent sensory notes of Cardamom, Sweet Almond, Floral Honey, this blend exhibits an aroma rating of 9.8/10. Specially curated for refreshed, meditative rituals, it offers potent calming warmth, stress relief.",Kashmiri Girda Flatbread with Butter; Crisp Hot Samosas with Mint & Tamarind Chutney,https://images.unsplash.com/photo-1563822249548-9a72b6353cd1?auto=format&fit=crop&w=800&q=80
TEA-IN-0357,Tiger Hill Single Cultivar Nilgiri,Nilgiri (Blue Mountains),Nilgiri,100% High-Elevation Nilgiri Camellia Sinensis,Light Malt; Sweet Melon; Bright Citrus; Crisp Fruit; Plum,1.6,7.9,6.7,1.0,8.2,50,5,4,87,2.5g per 200ml (or 1:1 milk-water for Chai),Daily Refreshment; Heart Health; Antioxidant Rich; Gentle Alertness,Creative; Uplifted,Second Flush Summer,817.0,4.81,174,"An exquisite handcrafted nilgiri harvest from the famed terroirs of Nilgiri (Blue Mountains). Imbued with prominent sensory notes of Light Malt, Sweet Melon, Bright Citrus, this blend exhibits an aroma rating of 8.2/10. Specially curated for creative, uplifted rituals, it offers potent daily refreshment, heart health.",Dhokla with Green Chilies; Warm Cardamom Nankhatai,https://images.unsplash.com/photo-1546852199-2d8e8c4aa477?auto=format&fit=crop&w=800&q=80
TEA-IN-0358,Giloy & Tulsi Monsoon Kadha Herbal '26,Himalayan Foothills,Ayurvedic Tisane,"Organic Tulsi (Holy Basil), Ashwagandha Root, Wild Himalayan Turmeric, Brahmi Leaves, Licorice (Mulethi), Fennel Seeds (Saunf), Lemongrass",Warm Ginger; Herbal; Fennel Sweetness,1.7,5.2,4.4,5.9,8.6,0,5,7,99,2.5g per 200ml (or 1:1 milk-water for Chai),Joint & Anti-inflammatory; Gut Health & Detox; Immunity Fortification; Cortisol / Stress Reduction,Calm; Relaxed; Cozy,Autumnal Harvest,666.0,4.74,190,"An exquisite handcrafted ayurvedic tisane harvest from the famed terroirs of Himalayan Foothills. Imbued with prominent sensory notes of Warm Ginger, Herbal, Fennel Sweetness, this blend exhibits an aroma rating of 8.6/10. Specially curated for calm, relaxed rituals, it offers potent joint & anti-inflammatory, gut health & detox.",Gulab Jamun with Rosewater Syrup; Crisp Onion & Paneer Pakoras,https://images.unsplash.com/photo-1597481499750-3e6b22637e12?auto=format&fit=crop&w=800&q=80
TEA-IN-0359,Wild Herb Infused Kangra Tea,Himachal Pradesh (Kangra Valley),Kangra Valley,100% Certified GI Tagged Kangra Valley Whole Leaf Tea,Mellow Green; Floral; Pine Mist,3.2,6.7,5.9,0.7,8.2,34,5,4,78,2.5g per 200ml (or 1:1 milk-water for Chai),High Polyphenols; Digestive Ease; Metabolic Balance,Calm; Uplifted; Focused,Autumnal Harvest,863.0,4.51,353,"An exquisite handcrafted kangra valley harvest from the famed terroirs of Himachal Pradesh (Kangra Valley). Imbued with prominent sensory notes of Mellow Green, Floral, Pine Mist, this blend exhibits an aroma rating of 8.2/10. Specially curated for calm, uplifted rituals, it offers potent high polyphenols, digestive ease.",Shrewsbury Butter Biscuits; Kashmiri Girda Flatbread with Butter; Traditional Osmania Butter Biscuits,https://images.unsplash.com/photo-1576092768241-dec231879fc3?auto=format&fit=crop&w=800&q=80
TEA-IN-0360,Sikkim Royal Orthodox Muscatel Lot #627,Sikkim (Ravangla Highlands),Sikkim Temi,100% Organic Single Estate Temi Leaves,Sweet Floral; Peach; Caramel; Muscatel; Gentle Spice,3.0,7.8,8.8,1.9,8.1,32,0,3,89,2.5g per 200ml (or 1:1 milk-water for Chai),Cardiovascular Support; Skin Vitality,Meditative; Serene,Autumnal Harvest,929.0,4.5,242,"An exquisite handcrafted sikkim temi harvest from the famed terroirs of Sikkim (Ravangla Highlands). Imbued with prominent sensory notes of Sweet Floral, Peach, Caramel, this blend exhibits an aroma rating of 8.1/10. Specially curated for meditative, serene rituals, it offers potent cardiovascular support, skin vitality.",Shrewsbury Butter Biscuits; Kashmiri Girda Flatbread with Butter,https://images.unsplash.com/photo-1576092768241-dec231879fc3?auto=format&fit=crop&w=800&q=80
TEA-IN-0361,Margaret's Hope Golden Tips Lot #730 '26,Darjeeling (Margaret's Hope),Darjeeling,100% Hand-Picked Camellia Sinensis Single Estate Darjeeling Leaves,Citrus Zest; Apricot; Floral; Green Apple,3.1,5.6,8.6,0.8,9.2,47,4,4,87,2.5g per 200ml (or 1:1 milk-water for Chai),Cellular Protection; Gentle Vitality,Refreshed; Meditative,Monsoon Special,2388.0,4.3,379,"An exquisite handcrafted darjeeling harvest from the famed terroirs of Darjeeling (Margaret's Hope). Imbued with prominent sensory notes of Citrus Zest, Apricot, Floral, this blend exhibits an aroma rating of 9.2/10. Specially curated for refreshed, meditative rituals, it offers potent cellular protection, gentle vitality.",Gulab Jamun with Rosewater Syrup; Irani Cafe Bun Maska & Chai,https://images.unsplash.com/photo-1576092768241-dec231879fc3?auto=format&fit=crop&w=800&q=80
TEA-IN-0362,Brahmaputra Valley Bold Red,Assam (Mangaldai),Assam,100% High-Grade Assam Whole Leaf & Golden Buds (Camellia Sinensis var. Assamica),Honey; Bold Body; Molasses; Toasted Grain,4.3,5.2,2.8,1.7,8.6,80,2,4,96,2.5g per 200ml (or 1:1 milk-water for Chai),Metabolic Fire; Digestive Power; Cardiovascular Support; Immune Strength,Energetic; Focused; Cozy,Second Flush Summer,460.0,4.68,84,"An exquisite handcrafted assam harvest from the famed terroirs of Assam (Mangaldai). Imbued with prominent sensory notes of Honey, Bold Body, Molasses, this blend exhibits an aroma rating of 8.6/10. Specially curated for energetic, focused rituals, it offers potent metabolic fire, digestive power.",Kolkata Style Kathi Rolls; Traditional Osmania Butter Biscuits,https://images.unsplash.com/photo-1514733670139-4d87a1941d55?auto=format&fit=crop&w=800&q=80
TEA-IN-0363,Dhaba Style Kulhad Strong Chai Lot #974,Kolkata Street Estate,Masala Chai,"Assam CTC Black Tea, Green Cardamom Pods, Crushed Dry Ginger, Ceylon Cinnamon, Cloves, Black Pepper, Star Anise, Saffron",Cardamom (Elaichi); Ginger (Adrak); Cinnamon (Dalchini); Creamy; Spicy,3.8,7.6,3.6,9.2,9.5,45,29,4,95,2.5g per 200ml (or 1:1 milk-water for Chai),Cold & Cough Relief; Immunity Shield; Instant Warming,Refreshed; Energetic; Uplifted; Comforting,First Flush Spring,557.0,4.56,217,"An exquisite handcrafted masala chai harvest from the famed terroirs of Kolkata Street Estate. Imbued with prominent sensory notes of Cardamom (Elaichi), Ginger (Adrak), Cinnamon (Dalchini), this blend exhibits an aroma rating of 9.5/10. Specially curated for refreshed, energetic rituals, it offers potent cold & cough relief, immunity shield.",Shrewsbury Butter Biscuits; Kolkata Style Kathi Rolls; Warm Cardamom Nankhatai,https://images.unsplash.com/photo-1571934811356-5cc061b6821f?auto=format&fit=crop&w=800&q=80
TEA-IN-0364,Gulmarg Winter Spice Kahwa Lot #425,Kashmir (Pampore Saffron Fields),Kashmir Kahwa,"Kashmiri Green Tea Leaves, Pampore Pure Saffron Strands, Green Cardamom, Cinnamon, Crushed Almond Slivers, Dried Rose Petals",Cinnamon; Sweet Almond; Floral Honey; Saffron (Kesar),2.8,8.5,9.3,7.8,9.8,25,3,5,83,2.5g per 200ml (or 1:1 milk-water for Chai),Digestive Fire; Stress Relief; Skin Glow & Radiance; Immunity Boost,Refreshed; Relaxed; Meditative,First Flush Spring,1805.0,4.98,120,"An exquisite handcrafted kashmir kahwa harvest from the famed terroirs of Kashmir (Pampore Saffron Fields). Imbued with prominent sensory notes of Cinnamon, Sweet Almond, Floral Honey, this blend exhibits an aroma rating of 9.8/10. Specially curated for refreshed, relaxed rituals, it offers potent digestive fire, stress relief.",Spicy Bhakarwadi & Mathri; Crisp Onion & Paneer Pakoras,https://images.unsplash.com/photo-1563822249548-9a72b6353cd1?auto=format&fit=crop&w=800&q=80
TEA-IN-0365,Glendale High-Grown Special,Nilgiri (Coonoor),Nilgiri,100% High-Elevation Nilgiri Camellia Sinensis,Crisp Fruit; Sweet Melon; Plum,1.2,6.9,6.8,2.3,8.9,35,2,4,91,2.5g per 200ml (or 1:1 milk-water for Chai),Daily Refreshment; Antioxidant Rich; Gentle Alertness,Creative; Uplifted; Focused,Winter Warmth,1238.0,4.33,34,"An exquisite handcrafted nilgiri harvest from the famed terroirs of Nilgiri (Coonoor). Imbued with prominent sensory notes of Crisp Fruit, Sweet Melon, Plum, this blend exhibits an aroma rating of 8.9/10. Specially curated for creative, uplifted rituals, it offers potent daily refreshment, antioxidant rich.",Poha with Roasted Peanuts; Gulab Jamun with Rosewater Syrup,https://images.unsplash.com/photo-1597481499750-3e6b22637e12?auto=format&fit=crop&w=800&q=80
TEA-IN-0366,Turmeric Ginger Curcumin Immunity Guard '24,Himalayan Foothills,Ayurvedic Tisane,"Organic Tulsi (Holy Basil), Ashwagandha Root, Wild Himalayan Turmeric, Brahmi Leaves, Licorice (Mulethi), Fennel Seeds (Saunf), Lemongrass",Sweet Earthy; Herbal; Fennel Sweetness; Botanical; Tulsi Mint,0.6,6.5,4.2,2.4,8.6,0,1,7,99,2.5g per 200ml (or 1:1 milk-water for Chai),Cortisol / Stress Reduction; Joint & Anti-inflammatory; Immunity Fortification; Deep Restful Sleep,Relaxed; Meditative; Cozy,Monsoon Special,411.0,4.33,331,"An exquisite handcrafted ayurvedic tisane harvest from the famed terroirs of Himalayan Foothills. Imbued with prominent sensory notes of Sweet Earthy, Herbal, Fennel Sweetness, this blend exhibits an aroma rating of 8.6/10. Specially curated for relaxed, meditative rituals, it offers potent cortisol / stress reduction, joint & anti-inflammatory.",Kashmiri Girda Flatbread with Butter; Warm Cardamom Nankhatai,https://images.unsplash.com/photo-1597481499750-3e6b22637e12?auto=format&fit=crop&w=800&q=80
TEA-IN-0367,Wild Herb Infused Kangra Tea Lot #751 '24,Himachal Pradesh (Palampur),Kangra Valley,100% Certified GI Tagged Kangra Valley Whole Leaf Tea,Mellow Green; Sweet Vegetal; Nutty,1.8,6.9,5.4,1.2,8.7,26,3,2,76,2.5g per 200ml (or 1:1 milk-water for Chai),Peaceful Focus; High Polyphenols; Antioxidant Shield,Refreshed; Meditative,All Season,946.0,4.91,117,"An exquisite handcrafted kangra valley harvest from the famed terroirs of Himachal Pradesh (Palampur). Imbued with prominent sensory notes of Mellow Green, Sweet Vegetal, Nutty, this blend exhibits an aroma rating of 8.7/10. Specially curated for refreshed, meditative rituals, it offers potent peaceful focus, high polyphenols.",Kolkata Style Kathi Rolls; Traditional Osmania Butter Biscuits; Warm Cardamom Nankhatai,https://images.unsplash.com/photo-1576092768241-dec231879fc3?auto=format&fit=crop&w=800&q=80
TEA-IN-0368,Sikkim Royal Orthodox Muscatel,"Sikkim (Temi Tea Estate, South Sikkim)",Sikkim Temi,100% Organic Single Estate Temi Leaves,Honeyed Wood; Muscatel; Peach; Sweet Floral,2.1,7.4,7.5,2.7,8.4,33,2,4,90,2.5g per 200ml (or 1:1 milk-water for Chai),Cardiovascular Support; Pure Organic Nutrition; L-Theanine Serenity; Skin Vitality,Meditative; Serene,First Flush Spring,1643.0,4.6,350,"An exquisite handcrafted sikkim temi harvest from the famed terroirs of Sikkim (Temi Tea Estate, South Sikkim). Imbued with prominent sensory notes of Honeyed Wood, Muscatel, Peach, this blend exhibits an aroma rating of 8.4/10. Specially curated for meditative, serene rituals, it offers potent cardiovascular support, pure organic nutrition.",Dhokla with Green Chilies; Shrewsbury Butter Biscuits,https://images.unsplash.com/photo-1576092768241-dec231879fc3?auto=format&fit=crop&w=800&q=80
TEA-IN-0369,Autumnal Flush Ruby Harvest Lot #616,Darjeeling (Margaret's Hope),Darjeeling,100% Hand-Picked Camellia Sinensis Single Estate Darjeeling Leaves,Honey; Honeysuckle; Green Apple,3.4,6.1,8.5,0.8,8.4,36,0,3,87,2.5g per 200ml (or 1:1 milk-water for Chai),Mental Clarity; Cellular Protection; Gentle Vitality,Calm; Refreshed; Meditative; Uplifted,Autumnal Harvest,1169.0,4.74,71,"An exquisite handcrafted darjeeling harvest from the famed terroirs of Darjeeling (Margaret's Hope). Imbued with prominent sensory notes of Honey, Honeysuckle, Green Apple, this blend exhibits an aroma rating of 8.4/10. Specially curated for calm, refreshed rituals, it offers potent mental clarity, cellular protection.",Crisp Hot Samosas with Mint & Tamarind Chutney; Spicy Bhakarwadi & Mathri; Irani Cafe Bun Maska & Chai,https://images.unsplash.com/photo-1576092768241-dec231879fc3?auto=format&fit=crop&w=800&q=80
TEA-IN-0370,Royal Mangalam Golden Needle,Assam (Dibrugarh),Assam,100% High-Grade Assam Whole Leaf & Golden Buds (Camellia Sinensis var. Assamica),Honey; Toasted Grain; Caramel; Woody; Molasses,6.6,4.5,2.8,3.3,8.7,75,3,4,97,2.5g per 200ml (or 1:1 milk-water for Chai),Immune Strength; High Sustained Energy; Metabolic Fire,Motivated; Cozy,Monsoon Special,447.0,4.41,173,"An exquisite handcrafted assam harvest from the famed terroirs of Assam (Dibrugarh). Imbued with prominent sensory notes of Honey, Toasted Grain, Caramel, this blend exhibits an aroma rating of 8.7/10. Specially curated for motivated, cozy rituals, it offers potent immune strength, high sustained energy.",Dhokla with Green Chilies; Kashmiri Girda Flatbread with Butter; Spicy Bhakarwadi & Mathri,https://images.unsplash.com/photo-1514733670139-4d87a1941d55?auto=format&fit=crop&w=800&q=80
TEA-IN-0371,Star Anise & Nutmeg Winter Chai Lot #682 '24,Mumbai Heritage,Masala Chai,"Assam CTC Black Tea, Green Cardamom Pods, Crushed Dry Ginger, Ceylon Cinnamon, Cloves, Black Pepper, Star Anise, Saffron",Spicy; Sweet Heat; Peppery,5.0,7.5,1.2,7.7,9.8,44,37,5,98,2.5g per 200ml (or 1:1 milk-water for Chai),Anti-inflammatory; Cold & Cough Relief,Energetic; Uplifted; Cozy,Monsoon Special,647.0,4.4,304,"An exquisite handcrafted masala chai harvest from the famed terroirs of Mumbai Heritage. Imbued with prominent sensory notes of Spicy, Sweet Heat, Peppery, this blend exhibits an aroma rating of 9.8/10. Specially curated for energetic, uplifted rituals, it offers potent anti-inflammatory, cold & cough relief.",Spicy Bhakarwadi & Mathri; Traditional Osmania Butter Biscuits,https://images.unsplash.com/photo-1571934811356-5cc061b6821f?auto=format&fit=crop&w=800&q=80
TEA-IN-0372,Royal Kashmiri Saffron Almond Kahwa,Kashmir (Pampore Saffron Fields),Kashmir Kahwa,"Kashmiri Green Tea Leaves, Pampore Pure Saffron Strands, Green Cardamom, Cinnamon, Crushed Almond Slivers, Dried Rose Petals",Cardamom; Cinnamon; Sweet Almond,2.1,7.2,6.7,6.4,9.4,21,1,3,83,2.5g per 200ml (or 1:1 milk-water for Chai),Calming Warmth; Digestive Fire; Immunity Boost,Calm; Relaxed; Cozy,First Flush Spring,1739.0,4.42,140,"An exquisite handcrafted kashmir kahwa harvest from the famed terroirs of Kashmir (Pampore Saffron Fields). Imbued with prominent sensory notes of Cardamom, Cinnamon, Sweet Almond, this blend exhibits an aroma rating of 9.4/10. Specially curated for calm, relaxed rituals, it offers potent calming warmth, digestive fire.",Poha with Roasted Peanuts; Dhokla with Green Chilies; Crisp Hot Samosas with Mint & Tamarind Chutney,https://images.unsplash.com/photo-1563822249548-9a72b6353cd1?auto=format&fit=crop&w=800&q=80
TEA-IN-0373,Glendale High-Grown Special Lot #102 '25,Nilgiri (Ooty Highlands),Nilgiri,100% High-Elevation Nilgiri Camellia Sinensis,Honey; Crisp Fruit; Floral,3.3,7.6,6.4,0.9,8.3,43,2,4,95,2.5g per 200ml (or 1:1 milk-water for Chai),Heart Health; Antioxidant Rich; Gentle Alertness,Refreshed; Uplifted; Focused,Autumnal Harvest,1237.0,4.54,395,"An exquisite handcrafted nilgiri harvest from the famed terroirs of Nilgiri (Ooty Highlands). Imbued with prominent sensory notes of Honey, Crisp Fruit, Floral, this blend exhibits an aroma rating of 8.3/10. Specially curated for refreshed, uplifted rituals, it offers potent heart health, antioxidant rich.",Poha with Roasted Peanuts; Shrewsbury Butter Biscuits; Kolkata Style Kathi Rolls,https://images.unsplash.com/photo-1597481499750-3e6b22637e12?auto=format&fit=crop&w=800&q=80
TEA-IN-0374,Chamomile & Shankhpushpi Deep Sleep,Kerala (Western Ghats),Ayurvedic Tisane,"Organic Tulsi (Holy Basil), Ashwagandha Root, Wild Himalayan Turmeric, Brahmi Leaves, Licorice (Mulethi), Fennel Seeds (Saunf), Lemongrass",Warm Ginger; Sweet Earthy; Woody; Fennel Sweetness,1.8,6.7,4.0,4.6,8.8,0,0,6,98,2.5g per 200ml (or 1:1 milk-water for Chai),Joint & Anti-inflammatory; Gut Health & Detox; Immunity Fortification,Calm; Relaxed; Meditative,Monsoon Special,518.0,4.94,322,"An exquisite handcrafted ayurvedic tisane harvest from the famed terroirs of Kerala (Western Ghats). Imbued with prominent sensory notes of Warm Ginger, Sweet Earthy, Woody, this blend exhibits an aroma rating of 8.8/10. Specially curated for calm, relaxed rituals, it offers potent joint & anti-inflammatory, gut health & detox.",Poha with Roasted Peanuts; Kolkata Style Kathi Rolls; Irani Cafe Bun Maska & Chai,https://images.unsplash.com/photo-1544787219-7f47ccb76574?auto=format&fit=crop&w=800&q=80
TEA-IN-0375,Palampur Orthodox Spring Gold Lot #846 '25,Himachal Pradesh (Palampur),Kangra Valley,100% Certified GI Tagged Kangra Valley Whole Leaf Tea,Mellow Green; Roasted Corn; Pine Mist; Nutty,1.1,6.2,5.4,1.2,7.7,42,5,3,79,2.5g per 200ml (or 1:1 milk-water for Chai),Digestive Ease; Metabolic Balance; Antioxidant Shield,Calm; Focused; Meditative,Monsoon Special,703.0,4.32,398,"An exquisite handcrafted kangra valley harvest from the famed terroirs of Himachal Pradesh (Palampur). Imbued with prominent sensory notes of Mellow Green, Roasted Corn, Pine Mist, this blend exhibits an aroma rating of 7.7/10. Specially curated for calm, focused rituals, it offers potent digestive ease, metabolic balance.",Poha with Roasted Peanuts; Dhokla with Green Chilies; Crisp Hot Samosas with Mint & Tamarind Chutney,https://images.unsplash.com/photo-1563822249548-9a72b6353cd1?auto=format&fit=crop&w=800&q=80
TEA-IN-0376,Kanchenjunga Mist Golden Tips,"Sikkim (Temi Tea Estate, South Sikkim)",Sikkim Temi,100% Organic Single Estate Temi Leaves,Honeyed Wood; Sweet Floral; Caramel,3.0,7.6,7.6,1.5,9.5,43,1,4,85,2.5g per 200ml (or 1:1 milk-water for Chai),Pure Organic Nutrition; Cardiovascular Support,Calm; Refreshed; Meditative; Focused,All Season,758.0,4.74,60,"An exquisite handcrafted sikkim temi harvest from the famed terroirs of Sikkim (Temi Tea Estate, South Sikkim). Imbued with prominent sensory notes of Honeyed Wood, Sweet Floral, Caramel, this blend exhibits an aroma rating of 9.5/10. Specially curated for calm, refreshed rituals, it offers potent pure organic nutrition, cardiovascular support.",Spicy Bhakarwadi & Mathri; Irani Cafe Bun Maska & Chai; Crisp Hot Samosas with Mint & Tamarind Chutney,https://images.unsplash.com/photo-1576092768241-dec231879fc3?auto=format&fit=crop&w=800&q=80
TEA-IN-0377,Second Flush Muscatel Gold,Darjeeling (Singbulli),Darjeeling,100% Hand-Picked Camellia Sinensis Single Estate Darjeeling Leaves,Honey; Honeysuckle; Green Apple; Muscatel,2.3,7.1,9.6,0.9,9.6,39,3,3,86,2.5g per 200ml (or 1:1 milk-water for Chai),Mental Clarity; Cellular Protection; Gentle Vitality; Heart Wellness,Calm; Meditative; Uplifted,First Flush Spring,1058.0,4.61,424,"An exquisite handcrafted darjeeling harvest from the famed terroirs of Darjeeling (Singbulli). Imbued with prominent sensory notes of Honey, Honeysuckle, Green Apple, this blend exhibits an aroma rating of 9.6/10. Specially curated for calm, meditative rituals, it offers potent mental clarity, cellular protection.",Poha with Roasted Peanuts; Spicy Bhakarwadi & Mathri,https://images.unsplash.com/photo-1546852199-2d8e8c4aa477?auto=format&fit=crop&w=800&q=80
TEA-IN-0378,Royal Mangalam Golden Needle,Assam (Upper Brahmaputra Valley),Assam,100% High-Grade Assam Whole Leaf & Golden Buds (Camellia Sinensis var. Assamica),Bold Body; Molasses; Malty; Caramel,5.1,3.2,1.9,3.6,9.1,70,5,5,99,2.5g per 200ml (or 1:1 milk-water for Chai),Metabolic Fire; Cardiovascular Support; Immune Strength,Motivated; Cozy,All Season,650.0,4.57,358,"An exquisite handcrafted assam harvest from the famed terroirs of Assam (Upper Brahmaputra Valley). Imbued with prominent sensory notes of Bold Body, Molasses, Malty, this blend exhibits an aroma rating of 9.1/10. Specially curated for motivated, cozy rituals, it offers potent metabolic fire, cardiovascular support.",Shrewsbury Butter Biscuits; Irani Cafe Bun Maska & Chai,https://images.unsplash.com/photo-1514733670139-4d87a1941d55?auto=format&fit=crop&w=800&q=80
TEA-IN-0379,Royal Elaichi & Kesar Rich Chai Lot #454,Rajasthan Royal Palace,Masala Chai,"Assam CTC Black Tea, Green Cardamom Pods, Crushed Dry Ginger, Ceylon Cinnamon, Cloves, Black Pepper, Star Anise, Saffron",Clove (Laung); Peppery; Cinnamon (Dalchini),5.2,6.4,1.9,9.4,9.5,54,24,6,99,2.5g per 200ml (or 1:1 milk-water for Chai),Digestive Comfort; Immunity Shield; Instant Warming,Refreshed; Uplifted; Cozy; Comforting,Autumnal Harvest,369.0,4.97,312,"An exquisite handcrafted masala chai harvest from the famed terroirs of Rajasthan Royal Palace. Imbued with prominent sensory notes of Clove (Laung), Peppery, Cinnamon (Dalchini), this blend exhibits an aroma rating of 9.5/10. Specially curated for refreshed, uplifted rituals, it offers potent digestive comfort, immunity shield.",Dhokla with Green Chilies; Poha with Roasted Peanuts; Kolkata Style Kathi Rolls,https://images.unsplash.com/photo-1571934811356-5cc061b6821f?auto=format&fit=crop&w=800&q=80
TEA-IN-0380,Traditional Samovar Cinnamon Kahwa Lot #853 '26,Kashmir (Srinagar Valley),Kashmir Kahwa,"Kashmiri Green Tea Leaves, Pampore Pure Saffron Strands, Green Cardamom, Cinnamon, Crushed Almond Slivers, Dried Rose Petals",Delicate Green; Saffron (Kesar); Cinnamon; Sweet Almond; Floral Honey,1.8,8.3,7.5,6.8,9.3,20,0,5,85,2.5g per 200ml (or 1:1 milk-water for Chai),Calming Warmth; Stress Relief; Digestive Fire,Calm; Refreshed; Cozy,Autumnal Harvest,1418.0,4.76,70,"An exquisite handcrafted kashmir kahwa harvest from the famed terroirs of Kashmir (Srinagar Valley). Imbued with prominent sensory notes of Delicate Green, Saffron (Kesar), Cinnamon, this blend exhibits an aroma rating of 9.3/10. Specially curated for calm, refreshed rituals, it offers potent calming warmth, stress relief.",Shrewsbury Butter Biscuits; Crisp Hot Samosas with Mint & Tamarind Chutney; Crisp Onion & Paneer Pakoras,https://images.unsplash.com/photo-1563822249548-9a72b6353cd1?auto=format&fit=crop&w=800&q=80
TEA-IN-0381,Coonoor Highland Fragrant Amber Lot #752,Nilgiri (Kotagiri),Nilgiri,100% High-Elevation Nilgiri Camellia Sinensis,Honey; Floral; Light Malt,1.6,7.5,7.5,0.7,8.9,43,0,4,94,2.5g per 200ml (or 1:1 milk-water for Chai),Weight Balance; Gentle Alertness; Antioxidant Rich; Daily Refreshment,Refreshed; Creative; Focused; Uplifted,Autumnal Harvest,1381.0,4.93,185,"An exquisite handcrafted nilgiri harvest from the famed terroirs of Nilgiri (Kotagiri). Imbued with prominent sensory notes of Honey, Floral, Light Malt, this blend exhibits an aroma rating of 8.9/10. Specially curated for refreshed, creative rituals, it offers potent weight balance, gentle alertness.",Kashmiri Girda Flatbread with Butter; Traditional Osmania Butter Biscuits; Irani Cafe Bun Maska & Chai,https://images.unsplash.com/photo-1597481499750-3e6b22637e12?auto=format&fit=crop&w=800&q=80
TEA-IN-0382,Moringa & Lemongrass Detox Flush Lot #312,Kerala (Western Ghats),Ayurvedic Tisane,"Organic Tulsi (Holy Basil), Ashwagandha Root, Wild Himalayan Turmeric, Brahmi Leaves, Licorice (Mulethi), Fennel Seeds (Saunf), Lemongrass",Warm Ginger; Sweet Earthy; Tulsi Mint; Herbal,1.6,6.7,5.8,3.0,7.9,0,5,5,99,2.5g per 200ml (or 1:1 milk-water for Chai),Cortisol / Stress Reduction; Gut Health & Detox,Calm; Relaxed; Meditative; Cozy,All Season,805.0,4.74,293,"An exquisite handcrafted ayurvedic tisane harvest from the famed terroirs of Kerala (Western Ghats). Imbued with prominent sensory notes of Warm Ginger, Sweet Earthy, Tulsi Mint, this blend exhibits an aroma rating of 7.9/10. Specially curated for calm, relaxed rituals, it offers potent cortisol / stress reduction, gut health & detox.",Shrewsbury Butter Biscuits; Kashmiri Girda Flatbread with Butter; Kolkata Style Kathi Rolls,https://images.unsplash.com/photo-1597481499750-3e6b22637e12?auto=format&fit=crop&w=800&q=80
TEA-IN-0383,Himalayan Cedar Scented Kangra Lot #162,Himachal Pradesh (Dharamshala),Kangra Valley,100% Certified GI Tagged Kangra Valley Whole Leaf Tea,Sweet Vegetal; Pine Mist; Nutty,2.0,7.6,7.7,1.0,8.4,35,5,3,81,2.5g per 200ml (or 1:1 milk-water for Chai),Digestive Ease; High Polyphenols; Metabolic Balance; Peaceful Focus,Refreshed; Calm; Meditative; Focused,Second Flush Summer,945.0,4.35,383,"An exquisite handcrafted kangra valley harvest from the famed terroirs of Himachal Pradesh (Dharamshala). Imbued with prominent sensory notes of Sweet Vegetal, Pine Mist, Nutty, this blend exhibits an aroma rating of 8.4/10. Specially curated for refreshed, calm rituals, it offers potent digestive ease, high polyphenols.",Kolkata Style Kathi Rolls; Warm Cardamom Nankhatai,https://images.unsplash.com/photo-1563822249548-9a72b6353cd1?auto=format&fit=crop&w=800&q=80
TEA-IN-0384,Kanchenjunga Mist Golden Tips '25,Sikkim (Ravangla Highlands),Sikkim Temi,100% Organic Single Estate Temi Leaves,Honeyed Wood; Muscatel; Gentle Spice; Caramel,3.1,7.7,7.9,2.2,9.1,32,2,3,86,2.5g per 200ml (or 1:1 milk-water for Chai),Pure Organic Nutrition; L-Theanine Serenity; Cardiovascular Support; Skin Vitality,Refreshed; Meditative; Serene; Calm,Autumnal Harvest,759.0,4.45,128,"An exquisite handcrafted sikkim temi harvest from the famed terroirs of Sikkim (Ravangla Highlands). Imbued with prominent sensory notes of Honeyed Wood, Muscatel, Gentle Spice, this blend exhibits an aroma rating of 9.1/10. Specially curated for refreshed, meditative rituals, it offers potent pure organic nutrition, l-theanine serenity.",Dhokla with Green Chilies; Warm Cardamom Nankhatai,https://images.unsplash.com/photo-1576092768241-dec231879fc3?auto=format&fit=crop&w=800&q=80
TEA-IN-0385,Silver Needle White Darjeeling,Darjeeling (Okayti),Darjeeling,100% Hand-Picked Camellia Sinensis Single Estate Darjeeling Leaves,Citrus Zest; Honey; Apricot; Pine Wood; Green Apple,2.8,8.5,8.6,1.2,9.8,54,5,3,89,2.5g per 200ml (or 1:1 milk-water for Chai),High Antioxidants; Cellular Protection; Gentle Vitality; Heart Wellness,Calm; Uplifted; Focused,First Flush Spring,828.0,4.71,393,"An exquisite handcrafted darjeeling harvest from the famed terroirs of Darjeeling (Okayti). Imbued with prominent sensory notes of Citrus Zest, Honey, Apricot, this blend exhibits an aroma rating of 9.8/10. Specially curated for calm, uplifted rituals, it offers potent high antioxidants, cellular protection.",Traditional Osmania Butter Biscuits; Warm Cardamom Nankhatai,https://images.unsplash.com/photo-1576092768241-dec231879fc3?auto=format&fit=crop&w=800&q=80
TEA-IN-0386,Brahmaputra Valley Bold Red Lot #684 '24,Assam (Dibrugarh),Assam,100% High-Grade Assam Whole Leaf & Golden Buds (Camellia Sinensis var. Assamica),Toasted Grain; Caramel; Malty; Dark Cocoa; Molasses,6.9,6.0,3.3,3.1,7.6,57,5,4,98,2.5g per 200ml (or 1:1 milk-water for Chai),Digestive Power; Cardiovascular Support; High Sustained Energy; Metabolic Fire,Energetic; Focused; Motivated; Cozy,First Flush Spring,505.0,4.79,110,"An exquisite handcrafted assam harvest from the famed terroirs of Assam (Dibrugarh). Imbued with prominent sensory notes of Toasted Grain, Caramel, Malty, this blend exhibits an aroma rating of 7.6/10. Specially curated for energetic, focused rituals, it offers potent digestive power, cardiovascular support.",Poha with Roasted Peanuts; Kashmiri Girda Flatbread with Butter,https://images.unsplash.com/photo-1544787219-7f47ccb76574?auto=format&fit=crop&w=800&q=80
TEA-IN-0387,Rose Petal & Green Cardamom Sweet Chai '26,Delhi Old Quarter,Masala Chai,"Assam CTC Black Tea, Green Cardamom Pods, Crushed Dry Ginger, Ceylon Cinnamon, Cloves, Black Pepper, Star Anise, Saffron",Clove (Laung); Cardamom (Elaichi); Spicy; Ginger (Adrak),5.5,4.3,3.7,8.8,9.1,46,52,6,98,2.5g per 200ml (or 1:1 milk-water for Chai),Cold & Cough Relief; Anti-inflammatory; Immunity Shield; Instant Warming,Refreshed; Uplifted; Cozy,First Flush Spring,578.0,4.5,24,"An exquisite handcrafted masala chai harvest from the famed terroirs of Delhi Old Quarter. Imbued with prominent sensory notes of Clove (Laung), Cardamom (Elaichi), Spicy, this blend exhibits an aroma rating of 9.1/10. Specially curated for refreshed, uplifted rituals, it offers potent cold & cough relief, anti-inflammatory.",Dhokla with Green Chilies; Shrewsbury Butter Biscuits,https://images.unsplash.com/photo-1571934811356-5cc061b6821f?auto=format&fit=crop&w=800&q=80
TEA-IN-0388,Pampore Golden Saffron Green Infusion Lot #897 '26,Kashmir (Gulmarg Hills),Kashmir Kahwa,"Kashmiri Green Tea Leaves, Pampore Pure Saffron Strands, Green Cardamom, Cinnamon, Crushed Almond Slivers, Dried Rose Petals",Delicate Green; Sweet Almond; Cinnamon; Nutty,2.6,7.8,7.6,5.0,9.8,24,3,5,81,2.5g per 200ml (or 1:1 milk-water for Chai),Calming Warmth; Digestive Fire; Skin Glow & Radiance; Immunity Boost,Calm; Refreshed; Meditative,Monsoon Special,946.0,4.96,260,"An exquisite handcrafted kashmir kahwa harvest from the famed terroirs of Kashmir (Gulmarg Hills). Imbued with prominent sensory notes of Delicate Green, Sweet Almond, Cinnamon, this blend exhibits an aroma rating of 9.8/10. Specially curated for calm, refreshed rituals, it offers potent calming warmth, digestive fire.",Gulab Jamun with Rosewater Syrup; Kolkata Style Kathi Rolls; Irani Cafe Bun Maska & Chai,https://images.unsplash.com/photo-1563822249548-9a72b6353cd1?auto=format&fit=crop&w=800&q=80
TEA-IN-0389,Nilgiri Golden Needle Rare Estate,Nilgiri (Coonoor),Nilgiri,100% High-Elevation Nilgiri Camellia Sinensis,Honey; Crisp Fruit; Light Malt; Plum,1.8,8.3,7.3,1.8,8.8,38,0,3,88,2.5g per 200ml (or 1:1 milk-water for Chai),Weight Balance; Daily Refreshment,Calm; Refreshed; Focused; Uplifted,All Season,522.0,4.95,262,"An exquisite handcrafted nilgiri harvest from the famed terroirs of Nilgiri (Coonoor). Imbued with prominent sensory notes of Honey, Crisp Fruit, Light Malt, this blend exhibits an aroma rating of 8.8/10. Specially curated for calm, refreshed rituals, it offers potent weight balance, daily refreshment.",Dhokla with Green Chilies; Kashmiri Girda Flatbread with Butter; Irani Cafe Bun Maska & Chai,https://images.unsplash.com/photo-1546852199-2d8e8c4aa477?auto=format&fit=crop&w=800&q=80
TEA-IN-0390,Moringa & Lemongrass Detox Flush Lot #584 '25,Himalayan Foothills,Ayurvedic Tisane,"Organic Tulsi (Holy Basil), Ashwagandha Root, Wild Himalayan Turmeric, Brahmi Leaves, Licorice (Mulethi), Fennel Seeds (Saunf), Lemongrass",Warm Ginger; Herbal; Fennel Sweetness,1.4,5.2,6.9,5.3,8.1,0,4,6,98,2.5g per 200ml (or 1:1 milk-water for Chai),Gut Health & Detox; Joint & Anti-inflammatory; Deep Restful Sleep,Calm; Cozy,Second Flush Summer,577.0,4.56,305,"An exquisite handcrafted ayurvedic tisane harvest from the famed terroirs of Himalayan Foothills. Imbued with prominent sensory notes of Warm Ginger, Herbal, Fennel Sweetness, this blend exhibits an aroma rating of 8.1/10. Specially curated for calm, cozy rituals, it offers potent gut health & detox, joint & anti-inflammatory.",Crisp Hot Samosas with Mint & Tamarind Chutney; Crisp Onion & Paneer Pakoras; Warm Cardamom Nankhatai,https://images.unsplash.com/photo-1597481499750-3e6b22637e12?auto=format&fit=crop&w=800&q=80
TEA-IN-0391,Palampur Orthodox Spring Gold Lot #977,Himachal Pradesh (Palampur),Kangra Valley,100% Certified GI Tagged Kangra Valley Whole Leaf Tea,Floral; Roasted Corn; Sweet Vegetal; Pine Mist; Mellow Green,1.2,5.9,7.5,1.9,8.2,44,0,4,81,2.5g per 200ml (or 1:1 milk-water for Chai),High Polyphenols; Antioxidant Shield,Refreshed; Uplifted; Meditative; Calm,First Flush Spring,1149.0,4.35,416,"An exquisite handcrafted kangra valley harvest from the famed terroirs of Himachal Pradesh (Palampur). Imbued with prominent sensory notes of Floral, Roasted Corn, Sweet Vegetal, this blend exhibits an aroma rating of 8.2/10. Specially curated for refreshed, uplifted rituals, it offers potent high polyphenols, antioxidant shield.",Gulab Jamun with Rosewater Syrup; Kolkata Style Kathi Rolls; Warm Cardamom Nankhatai,https://images.unsplash.com/photo-1563822249548-9a72b6353cd1?auto=format&fit=crop&w=800&q=80
TEA-IN-0392,Kanchenjunga Mist Golden Tips Lot #688,"Sikkim (Temi Tea Estate, South Sikkim)",Sikkim Temi,100% Organic Single Estate Temi Leaves,Honeyed Wood; Gentle Spice; Caramel,1.7,6.6,7.9,2.5,8.4,40,2,3,86,2.5g per 200ml (or 1:1 milk-water for Chai),Pure Organic Nutrition; Cardiovascular Support; Skin Vitality,Focused; Meditative; Serene,Second Flush Summer,1174.0,4.93,91,"An exquisite handcrafted sikkim temi harvest from the famed terroirs of Sikkim (Temi Tea Estate, South Sikkim). Imbued with prominent sensory notes of Honeyed Wood, Gentle Spice, Caramel, this blend exhibits an aroma rating of 8.4/10. Specially curated for focused, meditative rituals, it offers potent pure organic nutrition, cardiovascular support.",Poha with Roasted Peanuts; Traditional Osmania Butter Biscuits; Warm Cardamom Nankhatai,https://images.unsplash.com/photo-1546852199-2d8e8c4aa477?auto=format&fit=crop&w=800&q=80
TEA-IN-0393,Margaret's Hope Golden Tips Lot #926,Darjeeling (Jungpana),Darjeeling,100% Hand-Picked Camellia Sinensis Single Estate Darjeeling Leaves,Honey; Honeysuckle; Green Apple; Muscatel,1.6,7.1,9.7,1.3,8.0,40,0,4,88,2.5g per 200ml (or 1:1 milk-water for Chai),Mental Clarity; High Antioxidants; Cellular Protection; Gentle Vitality,Calm; Refreshed; Focused; Uplifted,Autumnal Harvest,2063.0,4.62,398,"An exquisite handcrafted darjeeling harvest from the famed terroirs of Darjeeling (Jungpana). Imbued with prominent sensory notes of Honey, Honeysuckle, Green Apple, this blend exhibits an aroma rating of 8.0/10. Specially curated for calm, refreshed rituals, it offers potent mental clarity, high antioxidants.",Poha with Roasted Peanuts; Kolkata Style Kathi Rolls,https://images.unsplash.com/photo-1576092768241-dec231879fc3?auto=format&fit=crop&w=800&q=80
TEA-IN-0394,Royal Mangalam Golden Needle,Assam (Upper Brahmaputra Valley),Assam,100% High-Grade Assam Whole Leaf & Golden Buds (Camellia Sinensis var. Assamica),Dark Cocoa; Bold Body; Malty; Caramel,5.6,5.7,3.2,4.3,9.2,64,2,4,99,2.5g per 200ml (or 1:1 milk-water for Chai),Immune Strength; High Sustained Energy; Metabolic Fire,Energetic; Uplifted; Motivated; Cozy,First Flush Spring,995.0,4.44,112,"An exquisite handcrafted assam harvest from the famed terroirs of Assam (Upper Brahmaputra Valley). Imbued with prominent sensory notes of Dark Cocoa, Bold Body, Malty, this blend exhibits an aroma rating of 9.2/10. Specially curated for energetic, uplifted rituals, it offers potent immune strength, high sustained energy.",Dhokla with Green Chilies; Kashmiri Girda Flatbread with Butter; Irani Cafe Bun Maska & Chai,https://images.unsplash.com/photo-1544787219-7f47ccb76574?auto=format&fit=crop&w=800&q=80
TEA-IN-0395,Authentic Mumbai Cutting Masala Chai Lot #965,Delhi Old Quarter,Masala Chai,"Assam CTC Black Tea, Green Cardamom Pods, Crushed Dry Ginger, Ceylon Cinnamon, Cloves, Black Pepper, Star Anise, Saffron",Clove (Laung); Cardamom (Elaichi); Ginger (Adrak); Creamy,3.4,5.6,1.2,9.7,9.9,59,27,5,96,2.5g per 200ml (or 1:1 milk-water for Chai),Anti-inflammatory; Instant Warming,Uplifted; Cozy,Monsoon Special,495.0,4.57,125,"An exquisite handcrafted masala chai harvest from the famed terroirs of Delhi Old Quarter. Imbued with prominent sensory notes of Clove (Laung), Cardamom (Elaichi), Ginger (Adrak), this blend exhibits an aroma rating of 9.9/10. Specially curated for uplifted, cozy rituals, it offers potent anti-inflammatory, instant warming.",Kashmiri Girda Flatbread with Butter; Spicy Bhakarwadi & Mathri; Traditional Osmania Butter Biscuits,https://images.unsplash.com/photo-1571934811356-5cc061b6821f?auto=format&fit=crop&w=800&q=80
TEA-IN-0396,Pampore Golden Saffron Green Infusion Lot #619 '26,Kashmir (Srinagar Valley),Kashmir Kahwa,"Kashmiri Green Tea Leaves, Pampore Pure Saffron Strands, Green Cardamom, Cinnamon, Crushed Almond Slivers, Dried Rose Petals",Cinnamon; Nutty; Saffron (Kesar),2.0,6.5,6.7,7.8,9.7,20,2,4,81,2.5g per 200ml (or 1:1 milk-water for Chai),Stress Relief; Skin Glow & Radiance; Immunity Boost,Refreshed; Relaxed,Second Flush Summer,1823.0,4.87,242,"An exquisite handcrafted kashmir kahwa harvest from the famed terroirs of Kashmir (Srinagar Valley). Imbued with prominent sensory notes of Cinnamon, Nutty, Saffron (Kesar), this blend exhibits an aroma rating of 9.7/10. Specially curated for refreshed, relaxed rituals, it offers potent stress relief, skin glow & radiance.",Spicy Bhakarwadi & Mathri; Kolkata Style Kathi Rolls; Crisp Onion & Paneer Pakoras,https://images.unsplash.com/photo-1563822249548-9a72b6353cd1?auto=format&fit=crop&w=800&q=80
TEA-IN-0397,High Altitude Floral White Nilgiri Lot #930,Nilgiri (Blue Mountains),Nilgiri,100% High-Elevation Nilgiri Camellia Sinensis,Sweet Melon; Floral; Light Malt,2.2,8.4,6.8,1.8,8.5,37,1,3,94,2.5g per 200ml (or 1:1 milk-water for Chai),Heart Health; Antioxidant Rich,Creative; Focused,First Flush Spring,811.0,4.42,285,"An exquisite handcrafted nilgiri harvest from the famed terroirs of Nilgiri (Blue Mountains). Imbued with prominent sensory notes of Sweet Melon, Floral, Light Malt, this blend exhibits an aroma rating of 8.5/10. Specially curated for creative, focused rituals, it offers potent heart health, antioxidant rich.",Dhokla with Green Chilies; Spicy Bhakarwadi & Mathri; Crisp Onion & Paneer Pakoras,https://images.unsplash.com/photo-1597481499750-3e6b22637e12?auto=format&fit=crop&w=800&q=80
TEA-IN-0398,Turmeric Ginger Curcumin Immunity Guard Lot #213 '24,Madhya Pradesh Herbal Forests,Ayurvedic Tisane,"Organic Tulsi (Holy Basil), Ashwagandha Root, Wild Himalayan Turmeric, Brahmi Leaves, Licorice (Mulethi), Fennel Seeds (Saunf), Lemongrass",Warm Ginger; Sweet Earthy; Herbal; Botanical,1.7,5.2,6.5,5.6,8.0,0,0,6,95,2.5g per 200ml (or 1:1 milk-water for Chai),Gut Health & Detox; Joint & Anti-inflammatory,Calm; Soothing; Relaxed; Cozy,Monsoon Special,572.0,4.35,263,"An exquisite handcrafted ayurvedic tisane harvest from the famed terroirs of Madhya Pradesh Herbal Forests. Imbued with prominent sensory notes of Warm Ginger, Sweet Earthy, Herbal, this blend exhibits an aroma rating of 8.0/10. Specially curated for calm, soothing rituals, it offers potent gut health & detox, joint & anti-inflammatory.",Crisp Onion & Paneer Pakoras; Traditional Osmania Butter Biscuits,https://images.unsplash.com/photo-1544787219-7f47ccb76574?auto=format&fit=crop&w=800&q=80
TEA-IN-0399,Himalayan Cedar Scented Kangra Lot #978 '26,Himachal Pradesh (Palampur),Kangra Valley,100% Certified GI Tagged Kangra Valley Whole Leaf Tea,Sweet Vegetal; Floral; Roasted Corn; Nutty,1.0,6.7,8.1,0.9,7.6,35,4,4,76,2.5g per 200ml (or 1:1 milk-water for Chai),Digestive Ease; Antioxidant Shield,Meditative; Focused,Second Flush Summer,1154.0,4.37,135,"An exquisite handcrafted kangra valley harvest from the famed terroirs of Himachal Pradesh (Palampur). Imbued with prominent sensory notes of Sweet Vegetal, Floral, Roasted Corn, this blend exhibits an aroma rating of 7.6/10. Specially curated for meditative, focused rituals, it offers potent digestive ease, antioxidant shield.",Kashmiri Girda Flatbread with Butter; Spicy Bhakarwadi & Mathri,https://images.unsplash.com/photo-1563822249548-9a72b6353cd1?auto=format&fit=crop&w=800&q=80
TEA-IN-0400,Kanchenjunga Mist Golden Tips '26,Sikkim (Ravangla Highlands),Sikkim Temi,100% Organic Single Estate Temi Leaves,Sweet Floral; Honeyed Wood; Peach; Caramel; Gentle Spice,2.7,7.3,9.0,1.5,9.3,36,2,3,89,2.5g per 200ml (or 1:1 milk-water for Chai),L-Theanine Serenity; Cardiovascular Support,Focused; Serene,Autumnal Harvest,1031.0,4.53,341,"An exquisite handcrafted sikkim temi harvest from the famed terroirs of Sikkim (Ravangla Highlands). Imbued with prominent sensory notes of Sweet Floral, Honeyed Wood, Peach, this blend exhibits an aroma rating of 9.3/10. Specially curated for focused, serene rituals, it offers potent l-theanine serenity, cardiovascular support.",Dhokla with Green Chilies; Crisp Hot Samosas with Mint & Tamarind Chutney; Crisp Onion & Paneer Pakoras,https://images.unsplash.com/photo-1576092768241-dec231879fc3?auto=format&fit=crop&w=800&q=80
TEA-IN-0401,Single Estate Royal Amber Darjeeling Lot #370,Darjeeling (Castle Castleton),Darjeeling,100% Hand-Picked Camellia Sinensis Single Estate Darjeeling Leaves,Citrus Zest; Honeysuckle; Honey; Green Apple; Muscatel,1.8,6.1,9.3,1.9,8.7,52,2,4,87,2.5g per 200ml (or 1:1 milk-water for Chai),Mental Clarity; Gentle Vitality,Calm; Refreshed; Focused; Uplifted,All Season,1097.0,4.89,177,"An exquisite handcrafted darjeeling harvest from the famed terroirs of Darjeeling (Castle Castleton). Imbued with prominent sensory notes of Citrus Zest, Honeysuckle, Honey, this blend exhibits an aroma rating of 8.7/10. Specially curated for calm, refreshed rituals, it offers potent mental clarity, gentle vitality.",Shrewsbury Butter Biscuits; Kashmiri Girda Flatbread with Butter; Kolkata Style Kathi Rolls,https://images.unsplash.com/photo-1594631252845-29fc4cc8cde9?auto=format&fit=crop&w=800&q=80
TEA-IN-0402,Robust Morning Chai Blend Lot #185 '26,Assam (Sibsagar),Assam,100% High-Grade Assam Whole Leaf & Golden Buds (Camellia Sinensis var. Assamica),Toasted Grain; Malty; Woody; Dark Cocoa; Molasses,4.6,5.9,3.7,3.0,7.4,73,0,4,100,2.5g per 200ml (or 1:1 milk-water for Chai),Metabolic Fire; Cardiovascular Support; High Sustained Energy; Immune Strength,Energetic; Focused; Uplifted,Winter Warmth,503.0,4.93,386,"An exquisite handcrafted assam harvest from the famed terroirs of Assam (Sibsagar). Imbued with prominent sensory notes of Toasted Grain, Malty, Woody, this blend exhibits an aroma rating of 7.4/10. Specially curated for energetic, focused rituals, it offers potent metabolic fire, cardiovascular support.",Poha with Roasted Peanuts; Kashmiri Girda Flatbread with Butter,https://images.unsplash.com/photo-1544787219-7f47ccb76574?auto=format&fit=crop&w=800&q=80
TEA-IN-0403,Star Anise & Nutmeg Winter Chai Lot #308,Delhi Old Quarter,Masala Chai,"Assam CTC Black Tea, Green Cardamom Pods, Crushed Dry Ginger, Ceylon Cinnamon, Cloves, Black Pepper, Star Anise, Saffron",Ginger (Adrak); Creamy; Sweet Heat; Clove (Laung); Spicy,5.9,8.3,1.9,9.8,10.0,66,44,5,96,2.5g per 200ml (or 1:1 milk-water for Chai),Immunity Shield; Cold & Cough Relief,Uplifted; Comforting,First Flush Spring,464.0,4.41,234,"An exquisite handcrafted masala chai harvest from the famed terroirs of Delhi Old Quarter. Imbued with prominent sensory notes of Ginger (Adrak), Creamy, Sweet Heat, this blend exhibits an aroma rating of 10.0/10. Specially curated for uplifted, comforting rituals, it offers potent immunity shield, cold & cough relief.",Gulab Jamun with Rosewater Syrup; Irani Cafe Bun Maska & Chai,https://images.unsplash.com/photo-1571934811356-5cc061b6821f?auto=format&fit=crop&w=800&q=80
TEA-IN-0404,Rose Petal & Kashmiri Cardamom Kahwa Lot #173,Kashmir (Srinagar Valley),Kashmir Kahwa,"Kashmiri Green Tea Leaves, Pampore Pure Saffron Strands, Green Cardamom, Cinnamon, Crushed Almond Slivers, Dried Rose Petals",Delicate Green; Saffron (Kesar); Cinnamon; Floral Honey; Nutty,2.9,6.4,7.4,7.2,9.6,25,1,4,81,2.5g per 200ml (or 1:1 milk-water for Chai),Calming Warmth; Skin Glow & Radiance; Immunity Boost,Refreshed; Meditative; Cozy; Calm,Autumnal Harvest,714.0,4.9,406,"An exquisite handcrafted kashmir kahwa harvest from the famed terroirs of Kashmir (Srinagar Valley). Imbued with prominent sensory notes of Delicate Green, Saffron (Kesar), Cinnamon, this blend exhibits an aroma rating of 9.6/10. Specially curated for refreshed, meditative rituals, it offers potent calming warmth, skin glow & radiance.",Dhokla with Green Chilies; Shrewsbury Butter Biscuits; Kolkata Style Kathi Rolls,https://images.unsplash.com/photo-1563822249548-9a72b6353cd1?auto=format&fit=crop&w=800&q=80
TEA-IN-0405,Emerald Dew Nilgiri Green '24,Nilgiri (Blue Mountains),Nilgiri,100% High-Elevation Nilgiri Camellia Sinensis,Bright Citrus; Light Malt; Plum,2.6,7.1,6.5,1.9,9.3,44,2,3,93,2.5g per 200ml (or 1:1 milk-water for Chai),Weight Balance; Heart Health; Daily Refreshment; Gentle Alertness,Refreshed; Creative; Uplifted; Calm,All Season,908.0,4.59,448,"An exquisite handcrafted nilgiri harvest from the famed terroirs of Nilgiri (Blue Mountains). Imbued with prominent sensory notes of Bright Citrus, Light Malt, Plum, this blend exhibits an aroma rating of 9.3/10. Specially curated for refreshed, creative rituals, it offers potent weight balance, heart health.",Poha with Roasted Peanuts; Kashmiri Girda Flatbread with Butter; Warm Cardamom Nankhatai,https://images.unsplash.com/photo-1546852199-2d8e8c4aa477?auto=format&fit=crop&w=800&q=80
TEA-IN-0406,Triphala & Fennel Digestive Nectar '25,Kerala (Western Ghats),Ayurvedic Tisane,"Organic Tulsi (Holy Basil), Ashwagandha Root, Wild Himalayan Turmeric, Brahmi Leaves, Licorice (Mulethi), Fennel Seeds (Saunf), Lemongrass",Warm Ginger; Herbal; Fennel Sweetness; Cooling; Woody,1.1,6.0,6.4,4.7,7.7,0,5,6,99,2.5g per 200ml (or 1:1 milk-water for Chai),Cortisol / Stress Reduction; Gut Health & Detox; Immunity Fortification; Joint & Anti-inflammatory,Calm; Soothing,All Season,812.0,4.88,313,"An exquisite handcrafted ayurvedic tisane harvest from the famed terroirs of Kerala (Western Ghats). Imbued with prominent sensory notes of Warm Ginger, Herbal, Fennel Sweetness, this blend exhibits an aroma rating of 7.7/10. Specially curated for calm, soothing rituals, it offers potent cortisol / stress reduction, gut health & detox.",Spicy Bhakarwadi & Mathri; Crisp Onion & Paneer Pakoras; Crisp Hot Samosas with Mint & Tamarind Chutney,https://images.unsplash.com/photo-1597481499750-3e6b22637e12?auto=format&fit=crop&w=800&q=80
TEA-IN-0407,Himalayan Cedar Scented Kangra Lot #543 '24,Himachal Pradesh (Palampur),Kangra Valley,100% Certified GI Tagged Kangra Valley Whole Leaf Tea,Mellow Green; Roasted Corn; Pine Mist; Nutty,1.5,6.0,7.2,1.0,7.6,33,0,4,82,2.5g per 200ml (or 1:1 milk-water for Chai),Digestive Ease; High Polyphenols; Peaceful Focus,Refreshed; Meditative; Focused,First Flush Spring,1118.0,4.88,190,"An exquisite handcrafted kangra valley harvest from the famed terroirs of Himachal Pradesh (Palampur). Imbued with prominent sensory notes of Mellow Green, Roasted Corn, Pine Mist, this blend exhibits an aroma rating of 7.6/10. Specially curated for refreshed, meditative rituals, it offers potent digestive ease, high polyphenols.",Kashmiri Girda Flatbread with Butter; Spicy Bhakarwadi & Mathri; Crisp Onion & Paneer Pakoras,https://images.unsplash.com/photo-1563822249548-9a72b6353cd1?auto=format&fit=crop&w=800&q=80
TEA-IN-0408,Sikkim Green Dragon Spring Leaf,"Sikkim (Temi Tea Estate, South Sikkim)",Sikkim Temi,100% Organic Single Estate Temi Leaves,Honeyed Wood; Muscatel; Peach; Caramel,3.3,6.2,7.5,2.2,9.0,45,1,4,90,2.5g per 200ml (or 1:1 milk-water for Chai),Cardiovascular Support; Skin Vitality,Calm; Focused,Second Flush Summer,1358.0,4.67,223,"An exquisite handcrafted sikkim temi harvest from the famed terroirs of Sikkim (Temi Tea Estate, South Sikkim). Imbued with prominent sensory notes of Honeyed Wood, Muscatel, Peach, this blend exhibits an aroma rating of 9.0/10. Specially curated for calm, focused rituals, it offers potent cardiovascular support, skin vitality.",Poha with Roasted Peanuts; Shrewsbury Butter Biscuits; Kashmiri Girda Flatbread with Butter,https://images.unsplash.com/photo-1546852199-2d8e8c4aa477?auto=format&fit=crop&w=800&q=80
TEA-IN-0409,Autumnal Flush Ruby Harvest,Darjeeling (Makaibari),Darjeeling,100% Hand-Picked Camellia Sinensis Single Estate Darjeeling Leaves,Floral; Honeysuckle; Apricot; Green Apple; Muscatel,3.7,6.6,7.8,1.6,9.1,39,3,3,84,2.5g per 200ml (or 1:1 milk-water for Chai),Cellular Protection; Heart Wellness,Refreshed; Focused; Meditative; Calm,Autumnal Harvest,1749.0,4.45,26,"An exquisite handcrafted darjeeling harvest from the famed terroirs of Darjeeling (Makaibari). Imbued with prominent sensory notes of Floral, Honeysuckle, Apricot, this blend exhibits an aroma rating of 9.1/10. Specially curated for refreshed, focused rituals, it offers potent cellular protection, heart wellness.",Kashmiri Girda Flatbread with Butter; Traditional Osmania Butter Biscuits,https://images.unsplash.com/photo-1594631252845-29fc4cc8cde9?auto=format&fit=crop&w=800&q=80
TEA-IN-0410,Brahmaputra Valley Bold Red Lot #595 '25,Assam (Upper Brahmaputra Valley),Assam,100% High-Grade Assam Whole Leaf & Golden Buds (Camellia Sinensis var. Assamica),Honey; Caramel; Woody; Toasted Grain,5.9,6.5,1.6,2.1,8.3,63,4,5,100,2.5g per 200ml (or 1:1 milk-water for Chai),Metabolic Fire; Digestive Power; Immune Strength,Energetic; Uplifted; Motivated; Cozy,Winter Warmth,415.0,4.97,421,"An exquisite handcrafted assam harvest from the famed terroirs of Assam (Upper Brahmaputra Valley). Imbued with prominent sensory notes of Honey, Caramel, Woody, this blend exhibits an aroma rating of 8.3/10. Specially curated for energetic, uplifted rituals, it offers potent metabolic fire, digestive power.",Shrewsbury Butter Biscuits; Kashmiri Girda Flatbread with Butter; Traditional Osmania Butter Biscuits,https://images.unsplash.com/photo-1514733670139-4d87a1941d55?auto=format&fit=crop&w=800&q=80
TEA-IN-0411,Caramelized Jaggery (Gur) Spiced Chai '26,Delhi Old Quarter,Masala Chai,"Assam CTC Black Tea, Green Cardamom Pods, Crushed Dry Ginger, Ceylon Cinnamon, Cloves, Black Pepper, Star Anise, Saffron",Cinnamon (Dalchini); Clove (Laung); Creamy; Sweet Heat,3.7,5.6,3.1,9.9,9.8,46,32,6,95,2.5g per 200ml (or 1:1 milk-water for Chai),Anti-inflammatory; Immunity Shield,Energetic; Uplifted; Comforting; Cozy,Second Flush Summer,285.0,4.79,311,"An exquisite handcrafted masala chai harvest from the famed terroirs of Delhi Old Quarter. Imbued with prominent sensory notes of Cinnamon (Dalchini), Clove (Laung), Creamy, this blend exhibits an aroma rating of 9.8/10. Specially curated for energetic, uplifted rituals, it offers potent anti-inflammatory, immunity shield.",Poha with Roasted Peanuts; Kolkata Style Kathi Rolls,https://images.unsplash.com/photo-1571934811356-5cc061b6821f?auto=format&fit=crop&w=800&q=80
TEA-IN-0412,Royal Kashmiri Saffron Almond Kahwa Lot #542 '24,Kashmir (Gulmarg Hills),Kashmir Kahwa,"Kashmiri Green Tea Leaves, Pampore Pure Saffron Strands, Green Cardamom, Cinnamon, Crushed Almond Slivers, Dried Rose Petals",Delicate Green; Floral Honey; Nutty,3.0,6.6,7.6,6.6,9.7,19,4,5,83,2.5g per 200ml (or 1:1 milk-water for Chai),Calming Warmth; Skin Glow & Radiance; Immunity Boost,Calm; Relaxed; Refreshed,All Season,725.0,4.43,327,"An exquisite handcrafted kashmir kahwa harvest from the famed terroirs of Kashmir (Gulmarg Hills). Imbued with prominent sensory notes of Delicate Green, Floral Honey, Nutty, this blend exhibits an aroma rating of 9.7/10. Specially curated for calm, relaxed rituals, it offers potent calming warmth, skin glow & radiance.",Shrewsbury Butter Biscuits; Spicy Bhakarwadi & Mathri,https://images.unsplash.com/photo-1576092768241-dec231879fc3?auto=format&fit=crop&w=800&q=80
TEA-IN-0413,Nilgiri Golden Needle Rare Estate Lot #607 '25,Nilgiri (Blue Mountains),Nilgiri,100% High-Elevation Nilgiri Camellia Sinensis,Bright Citrus; Crisp Fruit; Floral; Light Malt,1.2,8.4,7.7,2.4,8.6,43,5,4,87,2.5g per 200ml (or 1:1 milk-water for Chai),Heart Health; Daily Refreshment,Refreshed; Focused; Uplifted,All Season,1046.0,4.53,404,"An exquisite handcrafted nilgiri harvest from the famed terroirs of Nilgiri (Blue Mountains). Imbued with prominent sensory notes of Bright Citrus, Crisp Fruit, Floral, this blend exhibits an aroma rating of 8.6/10. Specially curated for refreshed, focused rituals, it offers potent heart health, daily refreshment.",Kashmiri Girda Flatbread with Butter; Crisp Onion & Paneer Pakoras; Traditional Osmania Butter Biscuits,https://images.unsplash.com/photo-1597481499750-3e6b22637e12?auto=format&fit=crop&w=800&q=80
TEA-IN-0414,Moringa & Lemongrass Detox Flush Lot #163 '24,Kerala (Western Ghats),Ayurvedic Tisane,"Organic Tulsi (Holy Basil), Ashwagandha Root, Wild Himalayan Turmeric, Brahmi Leaves, Licorice (Mulethi), Fennel Seeds (Saunf), Lemongrass",Sweet Earthy; Herbal; Fennel Sweetness; Woody; Botanical,2.2,4.4,4.0,5.9,7.5,0,2,5,99,2.5g per 200ml (or 1:1 milk-water for Chai),Cortisol / Stress Reduction; Gut Health & Detox; Immunity Fortification; Joint & Anti-inflammatory,Calm; Soothing; Relaxed,All Season,850.0,4.82,279,"An exquisite handcrafted ayurvedic tisane harvest from the famed terroirs of Kerala (Western Ghats). Imbued with prominent sensory notes of Sweet Earthy, Herbal, Fennel Sweetness, this blend exhibits an aroma rating of 7.5/10. Specially curated for calm, soothing rituals, it offers potent cortisol / stress reduction, gut health & detox.",Dhokla with Green Chilies; Gulab Jamun with Rosewater Syrup; Irani Cafe Bun Maska & Chai,https://images.unsplash.com/photo-1597481499750-3e6b22637e12?auto=format&fit=crop&w=800&q=80
TEA-IN-0415,Himalayan Cedar Scented Kangra Lot #651 '24,Himachal Pradesh (Kangra Valley),Kangra Valley,100% Certified GI Tagged Kangra Valley Whole Leaf Tea,Floral; Roasted Corn; Sweet Vegetal; Pine Mist; Mellow Green,3.0,6.3,6.0,1.0,7.4,35,0,3,78,2.5g per 200ml (or 1:1 milk-water for Chai),Digestive Ease; High Polyphenols; Antioxidant Shield,Refreshed; Meditative,Autumnal Harvest,434.0,4.34,265,"An exquisite handcrafted kangra valley harvest from the famed terroirs of Himachal Pradesh (Kangra Valley). Imbued with prominent sensory notes of Floral, Roasted Corn, Sweet Vegetal, this blend exhibits an aroma rating of 7.4/10. Specially curated for refreshed, meditative rituals, it offers potent digestive ease, high polyphenols.",Gulab Jamun with Rosewater Syrup; Traditional Osmania Butter Biscuits,https://images.unsplash.com/photo-1576092768241-dec231879fc3?auto=format&fit=crop&w=800&q=80
TEA-IN-0416,Sikkim Green Dragon Spring Leaf Lot #429 '26,"Sikkim (Temi Tea Estate, South Sikkim)",Sikkim Temi,100% Organic Single Estate Temi Leaves,Sweet Floral; Peach; Caramel; Muscatel; Gentle Spice,2.7,7.3,7.5,2.1,8.3,36,3,3,87,2.5g per 200ml (or 1:1 milk-water for Chai),Pure Organic Nutrition; Cardiovascular Support; Skin Vitality,Refreshed; Meditative; Serene,All Season,1289.0,4.66,41,"An exquisite handcrafted sikkim temi harvest from the famed terroirs of Sikkim (Temi Tea Estate, South Sikkim). Imbued with prominent sensory notes of Sweet Floral, Peach, Caramel, this blend exhibits an aroma rating of 8.3/10. Specially curated for refreshed, meditative rituals, it offers potent pure organic nutrition, cardiovascular support.",Gulab Jamun with Rosewater Syrup; Kashmiri Girda Flatbread with Butter; Warm Cardamom Nankhatai,https://images.unsplash.com/photo-1546852199-2d8e8c4aa477?auto=format&fit=crop&w=800&q=80
TEA-IN-0417,Second Flush Muscatel Gold Lot #866 '26,Darjeeling (Margaret's Hope),Darjeeling,100% Hand-Picked Camellia Sinensis Single Estate Darjeeling Leaves,Honey; Honeysuckle; Green Apple; Muscatel,1.9,6.3,7.1,0.5,9.9,39,2,3,90,2.5g per 200ml (or 1:1 milk-water for Chai),High Antioxidants; Gentle Vitality,Refreshed; Focused,Autumnal Harvest,932.0,4.74,27,"An exquisite handcrafted darjeeling harvest from the famed terroirs of Darjeeling (Margaret's Hope). Imbued with prominent sensory notes of Honey, Honeysuckle, Green Apple, this blend exhibits an aroma rating of 9.9/10. Specially curated for refreshed, focused rituals, it offers potent high antioxidants, gentle vitality.",Kashmiri Girda Flatbread with Butter; Traditional Osmania Butter Biscuits,https://images.unsplash.com/photo-1576092768241-dec231879fc3?auto=format&fit=crop&w=800&q=80
TEA-IN-0418,Robust Morning Chai Blend Lot #220 '24,Assam (Jorhat),Assam,100% High-Grade Assam Whole Leaf & Golden Buds (Camellia Sinensis var. Assamica),Dark Cocoa; Molasses; Caramel,7.2,5.3,3.7,2.5,7.4,63,1,5,98,2.5g per 200ml (or 1:1 milk-water for Chai),Cardiovascular Support; Immune Strength,Energetic; Uplifted; Cozy,Autumnal Harvest,639.0,4.87,117,"An exquisite handcrafted assam harvest from the famed terroirs of Assam (Jorhat). Imbued with prominent sensory notes of Dark Cocoa, Molasses, Caramel, this blend exhibits an aroma rating of 7.4/10. Specially curated for energetic, uplifted rituals, it offers potent cardiovascular support, immune strength.",Kashmiri Girda Flatbread with Butter; Spicy Bhakarwadi & Mathri; Crisp Hot Samosas with Mint & Tamarind Chutney,https://images.unsplash.com/photo-1571934811356-5cc061b6821f?auto=format&fit=crop&w=800&q=80
TEA-IN-0419,Rose Petal & Green Cardamom Sweet Chai '24,Delhi Old Quarter,Masala Chai,"Assam CTC Black Tea, Green Cardamom Pods, Crushed Dry Ginger, Ceylon Cinnamon, Cloves, Black Pepper, Star Anise, Saffron",Cardamom (Elaichi); Peppery; Ginger (Adrak); Cinnamon (Dalchini); Sweet Heat,5.1,6.0,3.0,8.1,9.6,43,46,4,96,2.5g per 200ml (or 1:1 milk-water for Chai),Digestive Comfort; Cold & Cough Relief; Anti-inflammatory,Energetic; Uplifted; Comforting; Cozy,Autumnal Harvest,359.0,4.65,38,"An exquisite handcrafted masala chai harvest from the famed terroirs of Delhi Old Quarter. Imbued with prominent sensory notes of Cardamom (Elaichi), Peppery, Ginger (Adrak), this blend exhibits an aroma rating of 9.6/10. Specially curated for energetic, uplifted rituals, it offers potent digestive comfort, cold & cough relief.",Shrewsbury Butter Biscuits; Kolkata Style Kathi Rolls,https://images.unsplash.com/photo-1571934811356-5cc061b6821f?auto=format&fit=crop&w=800&q=80
TEA-IN-0420,Zaffran Emerald Heritage Brew,Kashmir (Srinagar Valley),Kashmir Kahwa,"Kashmiri Green Tea Leaves, Pampore Pure Saffron Strands, Green Cardamom, Cinnamon, Crushed Almond Slivers, Dried Rose Petals",Delicate Green; Saffron (Kesar); Cardamom; Floral Honey; Nutty,1.8,6.3,8.4,5.2,9.4,20,5,3,83,2.5g per 200ml (or 1:1 milk-water for Chai),Calming Warmth; Digestive Fire; Skin Glow & Radiance; Immunity Boost,Calm; Meditative,First Flush Spring,1761.0,4.34,214,"An exquisite handcrafted kashmir kahwa harvest from the famed terroirs of Kashmir (Srinagar Valley). Imbued with prominent sensory notes of Delicate Green, Saffron (Kesar), Cardamom, this blend exhibits an aroma rating of 9.4/10. Specially curated for calm, meditative rituals, it offers potent calming warmth, digestive fire.",Gulab Jamun with Rosewater Syrup; Crisp Onion & Paneer Pakoras,https://images.unsplash.com/photo-1576092768241-dec231879fc3?auto=format&fit=crop&w=800&q=80
TEA-IN-0421,Emerald Dew Nilgiri Green '25,Nilgiri (Blue Mountains),Nilgiri,100% High-Elevation Nilgiri Camellia Sinensis,Floral; Light Malt; Bright Citrus; Crisp Fruit; Plum,2.6,7.1,8.6,0.6,8.4,45,4,3,87,2.5g per 200ml (or 1:1 milk-water for Chai),Daily Refreshment; Heart Health; Antioxidant Rich; Gentle Alertness,Calm; Creative; Refreshed; Uplifted,Monsoon Special,769.0,4.68,436,"An exquisite handcrafted nilgiri harvest from the famed terroirs of Nilgiri (Blue Mountains). Imbued with prominent sensory notes of Floral, Light Malt, Bright Citrus, this blend exhibits an aroma rating of 8.4/10. Specially curated for calm, creative rituals, it offers potent daily refreshment, heart health.",Poha with Roasted Peanuts; Traditional Osmania Butter Biscuits,https://images.unsplash.com/photo-1546852199-2d8e8c4aa477?auto=format&fit=crop&w=800&q=80
TEA-IN-0422,Ashwagandha Stress Relief Golden Elixir Lot #137,Himalayan Foothills,Ayurvedic Tisane,"Organic Tulsi (Holy Basil), Ashwagandha Root, Wild Himalayan Turmeric, Brahmi Leaves, Licorice (Mulethi), Fennel Seeds (Saunf), Lemongrass",Warm Ginger; Cooling; Woody; Botanical; Tulsi Mint,0.7,6.6,7.6,5.7,8.8,0,4,6,98,2.5g per 200ml (or 1:1 milk-water for Chai),Cortisol / Stress Reduction; Gut Health & Detox; Joint & Anti-inflammatory,Soothing; Relaxed; Cozy,All Season,413.0,4.96,151,"An exquisite handcrafted ayurvedic tisane harvest from the famed terroirs of Himalayan Foothills. Imbued with prominent sensory notes of Warm Ginger, Cooling, Woody, this blend exhibits an aroma rating of 8.8/10. Specially curated for soothing, relaxed rituals, it offers potent cortisol / stress reduction, gut health & detox.",Poha with Roasted Peanuts; Warm Cardamom Nankhatai,https://images.unsplash.com/photo-1597481499750-3e6b22637e12?auto=format&fit=crop&w=800&q=80
TEA-IN-0423,Dharamshala Mountain Dew Green '24,Himachal Pradesh (Palampur),Kangra Valley,100% Certified GI Tagged Kangra Valley Whole Leaf Tea,Mellow Green; Floral; Roasted Corn; Pine Mist,1.1,6.5,8.1,1.8,9.0,27,5,3,78,2.5g per 200ml (or 1:1 milk-water for Chai),Antioxidant Shield; Digestive Ease; Peaceful Focus,Refreshed; Uplifted; Calm,First Flush Spring,584.0,4.43,119,"An exquisite handcrafted kangra valley harvest from the famed terroirs of Himachal Pradesh (Palampur). Imbued with prominent sensory notes of Mellow Green, Floral, Roasted Corn, this blend exhibits an aroma rating of 9.0/10. Specially curated for refreshed, uplifted rituals, it offers potent antioxidant shield, digestive ease.",Shrewsbury Butter Biscuits; Traditional Osmania Butter Biscuits; Irani Cafe Bun Maska & Chai,https://images.unsplash.com/photo-1563822249548-9a72b6353cd1?auto=format&fit=crop&w=800&q=80
TEA-IN-0424,High Altitude Cloud Pluck Temi Red,Sikkim (Ravangla Highlands),Sikkim Temi,100% Organic Single Estate Temi Leaves,Muscatel; Honeyed Wood; Caramel,2.3,7.2,7.9,1.9,9.4,49,4,4,85,2.5g per 200ml (or 1:1 milk-water for Chai),Cardiovascular Support; Pure Organic Nutrition; L-Theanine Serenity; Skin Vitality,Calm; Focused; Meditative,Winter Warmth,1373.0,4.74,314,"An exquisite handcrafted sikkim temi harvest from the famed terroirs of Sikkim (Ravangla Highlands). Imbued with prominent sensory notes of Muscatel, Honeyed Wood, Caramel, this blend exhibits an aroma rating of 9.4/10. Specially curated for calm, focused rituals, it offers potent cardiovascular support, pure organic nutrition.",Poha with Roasted Peanuts; Warm Cardamom Nankhatai,https://images.unsplash.com/photo-1546852199-2d8e8c4aa477?auto=format&fit=crop&w=800&q=80
TEA-IN-0425,Silver Needle White Darjeeling,Darjeeling (Jungpana),Darjeeling,100% Hand-Picked Camellia Sinensis Single Estate Darjeeling Leaves,Muscatel; Floral; Pine Wood,3.3,8.1,8.5,1.4,9.5,43,5,3,90,2.5g per 200ml (or 1:1 milk-water for Chai),Mental Clarity; High Antioxidants,Refreshed; Uplifted,First Flush Spring,1119.0,4.34,339,"An exquisite handcrafted darjeeling harvest from the famed terroirs of Darjeeling (Jungpana). Imbued with prominent sensory notes of Muscatel, Floral, Pine Wood, this blend exhibits an aroma rating of 9.5/10. Specially curated for refreshed, uplifted rituals, it offers potent mental clarity, high antioxidants.",Kashmiri Girda Flatbread with Butter; Irani Cafe Bun Maska & Chai,https://images.unsplash.com/photo-1594631252845-29fc4cc8cde9?auto=format&fit=crop&w=800&q=80
TEA-IN-0426,Dark Mahogany Malt Reserve,Assam (Golaghat),Assam,100% High-Grade Assam Whole Leaf & Golden Buds (Camellia Sinensis var. Assamica),Bold Body; Caramel; Malty; Woody; Dark Cocoa,5.1,5.8,1.5,4.1,7.4,54,4,5,96,2.5g per 200ml (or 1:1 milk-water for Chai),Digestive Power; Immune Strength; High Sustained Energy; Metabolic Fire,Motivated; Cozy,Winter Warmth,919.0,4.86,245,"An exquisite handcrafted assam harvest from the famed terroirs of Assam (Golaghat). Imbued with prominent sensory notes of Bold Body, Caramel, Malty, this blend exhibits an aroma rating of 7.4/10. Specially curated for motivated, cozy rituals, it offers potent digestive power, immune strength.",Gulab Jamun with Rosewater Syrup; Crisp Hot Samosas with Mint & Tamarind Chutney; Irani Cafe Bun Maska & Chai,https://images.unsplash.com/photo-1514733670139-4d87a1941d55?auto=format&fit=crop&w=800&q=80
TEA-IN-0427,Fiery Adrak & Kali Mirch Kadak Chai Lot #604 '26,Rajasthan Royal Palace,Masala Chai,"Assam CTC Black Tea, Green Cardamom Pods, Crushed Dry Ginger, Ceylon Cinnamon, Cloves, Black Pepper, Star Anise, Saffron",Cinnamon (Dalchini); Peppery; Ginger (Adrak),4.0,5.5,1.3,8.4,9.2,58,58,5,96,2.5g per 200ml (or 1:1 milk-water for Chai),Digestive Comfort; Immunity Shield; Instant Warming,Refreshed; Uplifted; Cozy,Second Flush Summer,789.0,4.91,32,"An exquisite handcrafted masala chai harvest from the famed terroirs of Rajasthan Royal Palace. Imbued with prominent sensory notes of Cinnamon (Dalchini), Peppery, Ginger (Adrak), this blend exhibits an aroma rating of 9.2/10. Specially curated for refreshed, uplifted rituals, it offers potent digestive comfort, immunity shield.",Shrewsbury Butter Biscuits; Traditional Osmania Butter Biscuits; Warm Cardamom Nankhatai,https://images.unsplash.com/photo-1571934811356-5cc061b6821f?auto=format&fit=crop&w=800&q=80
TEA-IN-0428,Gulmarg Winter Spice Kahwa,Kashmir (Srinagar Valley),Kashmir Kahwa,"Kashmiri Green Tea Leaves, Pampore Pure Saffron Strands, Green Cardamom, Cinnamon, Crushed Almond Slivers, Dried Rose Petals",Cardamom; Floral Honey; Saffron (Kesar); Nutty,1.6,7.3,7.5,5.1,9.7,26,3,5,80,2.5g per 200ml (or 1:1 milk-water for Chai),Calming Warmth; Stress Relief; Skin Glow & Radiance; Immunity Boost,Refreshed; Calm,All Season,1024.0,4.55,282,"An exquisite handcrafted kashmir kahwa harvest from the famed terroirs of Kashmir (Srinagar Valley). Imbued with prominent sensory notes of Cardamom, Floral Honey, Saffron (Kesar), this blend exhibits an aroma rating of 9.7/10. Specially curated for refreshed, calm rituals, it offers potent calming warmth, stress relief.",Poha with Roasted Peanuts; Crisp Hot Samosas with Mint & Tamarind Chutney; Warm Cardamom Nankhatai,https://images.unsplash.com/photo-1563822249548-9a72b6353cd1?auto=format&fit=crop&w=800&q=80
TEA-IN-0429,Coonoor Highland Fragrant Amber,Nilgiri (Ooty Highlands),Nilgiri,100% High-Elevation Nilgiri Camellia Sinensis,Bright Citrus; Floral; Sweet Melon,1.7,6.5,6.8,0.7,8.7,48,5,4,93,2.5g per 200ml (or 1:1 milk-water for Chai),Weight Balance; Antioxidant Rich,Refreshed; Focused; Calm,Monsoon Special,1145.0,4.8,194,"An exquisite handcrafted nilgiri harvest from the famed terroirs of Nilgiri (Ooty Highlands). Imbued with prominent sensory notes of Bright Citrus, Floral, Sweet Melon, this blend exhibits an aroma rating of 8.7/10. Specially curated for refreshed, focused rituals, it offers potent weight balance, antioxidant rich.",Kashmiri Girda Flatbread with Butter; Kolkata Style Kathi Rolls,https://images.unsplash.com/photo-1597481499750-3e6b22637e12?auto=format&fit=crop&w=800&q=80
TEA-IN-0430,Turmeric Ginger Curcumin Immunity Guard Lot #439 '24,Uttarakhand Sacred Valleys,Ayurvedic Tisane,"Organic Tulsi (Holy Basil), Ashwagandha Root, Wild Himalayan Turmeric, Brahmi Leaves, Licorice (Mulethi), Fennel Seeds (Saunf), Lemongrass",Warm Ginger; Sweet Earthy; Botanical; Herbal,2.0,4.2,4.6,5.7,9.4,0,5,5,95,2.5g per 200ml (or 1:1 milk-water for Chai),Gut Health & Detox; Immunity Fortification; Deep Restful Sleep,Calm; Meditative,Monsoon Special,587.0,4.65,60,"An exquisite handcrafted ayurvedic tisane harvest from the famed terroirs of Uttarakhand Sacred Valleys. Imbued with prominent sensory notes of Warm Ginger, Sweet Earthy, Botanical, this blend exhibits an aroma rating of 9.4/10. Specially curated for calm, meditative rituals, it offers potent gut health & detox, immunity fortification.",Poha with Roasted Peanuts; Dhokla with Green Chilies; Warm Cardamom Nankhatai,https://images.unsplash.com/photo-1597481499750-3e6b22637e12?auto=format&fit=crop&w=800&q=80
TEA-IN-0431,Palampur Orthodox Spring Gold,Himachal Pradesh (Dharamshala),Kangra Valley,100% Certified GI Tagged Kangra Valley Whole Leaf Tea,Floral; Roasted Corn; Sweet Vegetal; Pine Mist; Mellow Green,3.4,7.2,7.5,0.6,7.4,31,1,2,81,2.5g per 200ml (or 1:1 milk-water for Chai),Metabolic Balance; Peaceful Focus,Refreshed; Meditative; Focused,Monsoon Special,452.0,4.53,395,"An exquisite handcrafted kangra valley harvest from the famed terroirs of Himachal Pradesh (Dharamshala). Imbued with prominent sensory notes of Floral, Roasted Corn, Sweet Vegetal, this blend exhibits an aroma rating of 7.4/10. Specially curated for refreshed, meditative rituals, it offers potent metabolic balance, peaceful focus.",Kolkata Style Kathi Rolls; Warm Cardamom Nankhatai; Irani Cafe Bun Maska & Chai,https://images.unsplash.com/photo-1576092768241-dec231879fc3?auto=format&fit=crop&w=800&q=80
TEA-IN-0432,Sikkim Green Dragon Spring Leaf '26,Sikkim (Ravangla Highlands),Sikkim Temi,100% Organic Single Estate Temi Leaves,Honeyed Wood; Muscatel; Peach; Caramel,2.4,8.4,8.2,1.6,9.2,48,5,3,89,2.5g per 200ml (or 1:1 milk-water for Chai),Pure Organic Nutrition; L-Theanine Serenity; Cardiovascular Support; Skin Vitality,Refreshed; Focused; Calm,Autumnal Harvest,1008.0,4.61,427,"An exquisite handcrafted sikkim temi harvest from the famed terroirs of Sikkim (Ravangla Highlands). Imbued with prominent sensory notes of Honeyed Wood, Muscatel, Peach, this blend exhibits an aroma rating of 9.2/10. Specially curated for refreshed, focused rituals, it offers potent pure organic nutrition, l-theanine serenity.",Crisp Hot Samosas with Mint & Tamarind Chutney; Crisp Onion & Paneer Pakoras,https://images.unsplash.com/photo-1576092768241-dec231879fc3?auto=format&fit=crop&w=800&q=80
TEA-IN-0433,Single Estate Royal Amber Darjeeling Lot #564,Darjeeling (Singbulli),Darjeeling,100% Hand-Picked Camellia Sinensis Single Estate Darjeeling Leaves,Muscatel; Apricot; Floral; Citrus Zest,3.3,6.5,9.8,1.8,9.6,39,5,3,86,2.5g per 200ml (or 1:1 milk-water for Chai),Cellular Protection; Heart Wellness,Calm; Uplifted,Second Flush Summer,916.0,4.64,101,"An exquisite handcrafted darjeeling harvest from the famed terroirs of Darjeeling (Singbulli). Imbued with prominent sensory notes of Muscatel, Apricot, Floral, this blend exhibits an aroma rating of 9.6/10. Specially curated for calm, uplifted rituals, it offers potent cellular protection, heart wellness.",Gulab Jamun with Rosewater Syrup; Warm Cardamom Nankhatai; Irani Cafe Bun Maska & Chai,https://images.unsplash.com/photo-1594631252845-29fc4cc8cde9?auto=format&fit=crop&w=800&q=80
TEA-IN-0434,Assam Tippy Golden Flowery Orange Pekoe,Assam (Dibrugarh),Assam,100% High-Grade Assam Whole Leaf & Golden Buds (Camellia Sinensis var. Assamica),Bold Body; Toasted Grain; Caramel; Dark Cocoa; Molasses,6.5,4.5,3.8,2.0,9.4,52,0,4,97,2.5g per 200ml (or 1:1 milk-water for Chai),Digestive Power; Immune Strength; Cardiovascular Support; Metabolic Fire,Uplifted; Focused,Autumnal Harvest,850.0,4.71,291,"An exquisite handcrafted assam harvest from the famed terroirs of Assam (Dibrugarh). Imbued with prominent sensory notes of Bold Body, Toasted Grain, Caramel, this blend exhibits an aroma rating of 9.4/10. Specially curated for uplifted, focused rituals, it offers potent digestive power, immune strength.",Poha with Roasted Peanuts; Dhokla with Green Chilies; Warm Cardamom Nankhatai,https://images.unsplash.com/photo-1571934811356-5cc061b6821f?auto=format&fit=crop&w=800&q=80
TEA-IN-0435,Cinnamon Bark & Clove Monsoon Chai Lot #985,Kolkata Street Estate,Masala Chai,"Assam CTC Black Tea, Green Cardamom Pods, Crushed Dry Ginger, Ceylon Cinnamon, Cloves, Black Pepper, Star Anise, Saffron",Ginger (Adrak); Peppery; Creamy; Sweet Heat; Clove (Laung),4.7,6.1,1.1,8.4,9.2,68,59,4,97,2.5g per 200ml (or 1:1 milk-water for Chai),Digestive Comfort; Immunity Shield; Anti-inflammatory; Instant Warming,Refreshed; Energetic; Cozy; Comforting,Autumnal Harvest,739.0,4.51,68,"An exquisite handcrafted masala chai harvest from the famed terroirs of Kolkata Street Estate. Imbued with prominent sensory notes of Ginger (Adrak), Peppery, Creamy, this blend exhibits an aroma rating of 9.2/10. Specially curated for refreshed, energetic rituals, it offers potent digestive comfort, immunity shield.",Dhokla with Green Chilies; Gulab Jamun with Rosewater Syrup,https://images.unsplash.com/photo-1571934811356-5cc061b6821f?auto=format&fit=crop&w=800&q=80
TEA-IN-0436,Traditional Samovar Cinnamon Kahwa,Kashmir (Gulmarg Hills),Kashmir Kahwa,"Kashmiri Green Tea Leaves, Pampore Pure Saffron Strands, Green Cardamom, Cinnamon, Crushed Almond Slivers, Dried Rose Petals",Cinnamon; Sweet Almond; Saffron (Kesar),1.9,8.7,9.3,7.2,9.1,20,1,4,85,2.5g per 200ml (or 1:1 milk-water for Chai),Stress Relief; Skin Glow & Radiance,Refreshed; Meditative; Calm,Autumnal Harvest,1878.0,4.71,294,"An exquisite handcrafted kashmir kahwa harvest from the famed terroirs of Kashmir (Gulmarg Hills). Imbued with prominent sensory notes of Cinnamon, Sweet Almond, Saffron (Kesar), this blend exhibits an aroma rating of 9.1/10. Specially curated for refreshed, meditative rituals, it offers potent stress relief, skin glow & radiance.",Crisp Onion & Paneer Pakoras; Warm Cardamom Nankhatai,https://images.unsplash.com/photo-1576092768241-dec231879fc3?auto=format&fit=crop&w=800&q=80
TEA-IN-0437,High Altitude Floral White Nilgiri,Nilgiri (Blue Mountains),Nilgiri,100% High-Elevation Nilgiri Camellia Sinensis,Bright Citrus; Crisp Fruit; Floral,3.2,7.3,7.5,1.0,8.6,49,0,4,89,2.5g per 200ml (or 1:1 milk-water for Chai),Heart Health; Antioxidant Rich,Creative; Uplifted; Focused,Autumnal Harvest,1184.0,4.37,160,"An exquisite handcrafted nilgiri harvest from the famed terroirs of Nilgiri (Blue Mountains). Imbued with prominent sensory notes of Bright Citrus, Crisp Fruit, Floral, this blend exhibits an aroma rating of 8.6/10. Specially curated for creative, uplifted rituals, it offers potent heart health, antioxidant rich.",Dhokla with Green Chilies; Shrewsbury Butter Biscuits; Irani Cafe Bun Maska & Chai,https://images.unsplash.com/photo-1546852199-2d8e8c4aa477?auto=format&fit=crop&w=800&q=80
TEA-IN-0438,Moringa & Lemongrass Detox Flush Lot #565,Himalayan Foothills,Ayurvedic Tisane,"Organic Tulsi (Holy Basil), Ashwagandha Root, Wild Himalayan Turmeric, Brahmi Leaves, Licorice (Mulethi), Fennel Seeds (Saunf), Lemongrass",Warm Ginger; Herbal; Tulsi Mint; Botanical,2.0,5.3,4.1,2.2,8.2,0,1,6,100,2.5g per 200ml (or 1:1 milk-water for Chai),Gut Health & Detox; Immunity Fortification; Deep Restful Sleep,Soothing; Cozy,All Season,766.0,4.39,52,"An exquisite handcrafted ayurvedic tisane harvest from the famed terroirs of Himalayan Foothills. Imbued with prominent sensory notes of Warm Ginger, Herbal, Tulsi Mint, this blend exhibits an aroma rating of 8.2/10. Specially curated for soothing, cozy rituals, it offers potent gut health & detox, immunity fortification.",Shrewsbury Butter Biscuits; Crisp Hot Samosas with Mint & Tamarind Chutney,https://images.unsplash.com/photo-1597481499750-3e6b22637e12?auto=format&fit=crop&w=800&q=80
TEA-IN-0439,Palampur Orthodox Spring Gold,Himachal Pradesh (Kangra Valley),Kangra Valley,100% Certified GI Tagged Kangra Valley Whole Leaf Tea,Floral; Roasted Corn; Sweet Vegetal; Pine Mist; Nutty,2.8,5.7,6.3,1.0,7.2,31,0,3,81,2.5g per 200ml (or 1:1 milk-water for Chai),Antioxidant Shield; Digestive Ease; High Polyphenols; Peaceful Focus,Refreshed; Focused,All Season,981.0,4.32,349,"An exquisite handcrafted kangra valley harvest from the famed terroirs of Himachal Pradesh (Kangra Valley). Imbued with prominent sensory notes of Floral, Roasted Corn, Sweet Vegetal, this blend exhibits an aroma rating of 7.2/10. Specially curated for refreshed, focused rituals, it offers potent antioxidant shield, digestive ease.",Crisp Hot Samosas with Mint & Tamarind Chutney; Traditional Osmania Butter Biscuits,https://images.unsplash.com/photo-1576092768241-dec231879fc3?auto=format&fit=crop&w=800&q=80
TEA-IN-0440,High Altitude Cloud Pluck Temi Red '24,"Sikkim (Temi Tea Estate, South Sikkim)",Sikkim Temi,100% Organic Single Estate Temi Leaves,Sweet Floral; Peach; Caramel,3.4,6.3,7.3,1.8,9.0,37,4,4,88,2.5g per 200ml (or 1:1 milk-water for Chai),L-Theanine Serenity; Cardiovascular Support,Focused; Serene,Winter Warmth,1508.0,4.65,444,"An exquisite handcrafted sikkim temi harvest from the famed terroirs of Sikkim (Temi Tea Estate, South Sikkim). Imbued with prominent sensory notes of Sweet Floral, Peach, Caramel, this blend exhibits an aroma rating of 9.0/10. Specially curated for focused, serene rituals, it offers potent l-theanine serenity, cardiovascular support.",Crisp Hot Samosas with Mint & Tamarind Chutney; Crisp Onion & Paneer Pakoras; Kolkata Style Kathi Rolls,https://images.unsplash.com/photo-1546852199-2d8e8c4aa477?auto=format&fit=crop&w=800&q=80
TEA-IN-0441,Misty Mountain Bio-Dynamic First Flush,Darjeeling (Castle Castleton),Darjeeling,100% Hand-Picked Camellia Sinensis Single Estate Darjeeling Leaves,Citrus Zest; Apricot; Green Apple,3.1,7.5,7.8,1.1,8.8,50,4,4,85,2.5g per 200ml (or 1:1 milk-water for Chai),Mental Clarity; Gentle Vitality,Meditative; Uplifted,Monsoon Special,1267.0,4.37,125,"An exquisite handcrafted darjeeling harvest from the famed terroirs of Darjeeling (Castle Castleton). Imbued with prominent sensory notes of Citrus Zest, Apricot, Green Apple, this blend exhibits an aroma rating of 8.8/10. Specially curated for meditative, uplifted rituals, it offers potent mental clarity, gentle vitality.",Kolkata Style Kathi Rolls; Irani Cafe Bun Maska & Chai,https://images.unsplash.com/photo-1576092768241-dec231879fc3?auto=format&fit=crop&w=800&q=80
TEA-IN-0442,Smoked Wild Bamboo Assam Lot #708 '25,Assam (Mangaldai),Assam,100% High-Grade Assam Whole Leaf & Golden Buds (Camellia Sinensis var. Assamica),Toasted Grain; Bold Body; Caramel,5.6,5.3,1.7,4.2,9.1,57,0,5,95,2.5g per 200ml (or 1:1 milk-water for Chai),Digestive Power; Cardiovascular Support,Energetic; Uplifted; Motivated; Focused,Second Flush Summer,1015.0,4.75,147,"An exquisite handcrafted assam harvest from the famed terroirs of Assam (Mangaldai). Imbued with prominent sensory notes of Toasted Grain, Bold Body, Caramel, this blend exhibits an aroma rating of 9.1/10. Specially curated for energetic, uplifted rituals, it offers potent digestive power, cardiovascular support.",Shrewsbury Butter Biscuits; Gulab Jamun with Rosewater Syrup; Dhokla with Green Chilies,https://images.unsplash.com/photo-1544787219-7f47ccb76574?auto=format&fit=crop&w=800&q=80
TEA-IN-0443,Royal Elaichi & Kesar Rich Chai Lot #735,Assam & Kerala Spice Hills,Masala Chai,"Assam CTC Black Tea, Green Cardamom Pods, Crushed Dry Ginger, Ceylon Cinnamon, Cloves, Black Pepper, Star Anise, Saffron",Cinnamon (Dalchini); Sweet Heat; Peppery,3.0,5.2,1.0,8.6,9.7,68,21,4,97,2.5g per 200ml (or 1:1 milk-water for Chai),Digestive Comfort; Immunity Shield; Anti-inflammatory,Refreshed; Energetic; Uplifted; Cozy,First Flush Spring,315.0,4.73,369,"An exquisite handcrafted masala chai harvest from the famed terroirs of Assam & Kerala Spice Hills. Imbued with prominent sensory notes of Cinnamon (Dalchini), Sweet Heat, Peppery, this blend exhibits an aroma rating of 9.7/10. Specially curated for refreshed, energetic rituals, it offers potent digestive comfort, immunity shield.",Gulab Jamun with Rosewater Syrup; Warm Cardamom Nankhatai; Irani Cafe Bun Maska & Chai,https://images.unsplash.com/photo-1544787219-7f47ccb76574?auto=format&fit=crop&w=800&q=80
TEA-IN-0444,Zaffran Emerald Heritage Brew,Kashmir (Srinagar Valley),Kashmir Kahwa,"Kashmiri Green Tea Leaves, Pampore Pure Saffron Strands, Green Cardamom, Cinnamon, Crushed Almond Slivers, Dried Rose Petals",Delicate Green; Saffron (Kesar); Cinnamon; Cardamom; Sweet Almond,1.5,8.6,8.0,6.7,9.3,25,3,3,85,2.5g per 200ml (or 1:1 milk-water for Chai),Calming Warmth; Stress Relief; Skin Glow & Radiance,Refreshed; Relaxed; Calm,All Season,587.0,4.82,163,"An exquisite handcrafted kashmir kahwa harvest from the famed terroirs of Kashmir (Srinagar Valley). Imbued with prominent sensory notes of Delicate Green, Saffron (Kesar), Cinnamon, this blend exhibits an aroma rating of 9.3/10. Specially curated for refreshed, relaxed rituals, it offers potent calming warmth, stress relief.",Dhokla with Green Chilies; Crisp Hot Samosas with Mint & Tamarind Chutney,https://images.unsplash.com/photo-1563822249548-9a72b6353cd1?auto=format&fit=crop&w=800&q=80
TEA-IN-0445,Tiger Hill Single Cultivar Nilgiri Lot #125 '24,Nilgiri (Coonoor),Nilgiri,100% High-Elevation Nilgiri Camellia Sinensis,Floral; Sweet Melon; Bright Citrus; Crisp Fruit; Plum,1.6,7.1,6.0,1.8,9.3,51,3,4,88,2.5g per 200ml (or 1:1 milk-water for Chai),Daily Refreshment; Gentle Alertness,Creative; Uplifted; Focused,First Flush Spring,702.0,4.73,228,"An exquisite handcrafted nilgiri harvest from the famed terroirs of Nilgiri (Coonoor). Imbued with prominent sensory notes of Floral, Sweet Melon, Bright Citrus, this blend exhibits an aroma rating of 9.3/10. Specially curated for creative, uplifted rituals, it offers potent daily refreshment, gentle alertness.",Poha with Roasted Peanuts; Shrewsbury Butter Biscuits; Kashmiri Girda Flatbread with Butter,https://images.unsplash.com/photo-1597481499750-3e6b22637e12?auto=format&fit=crop&w=800&q=80
TEA-IN-0446,Chamomile & Shankhpushpi Deep Sleep Lot #456 '24,Madhya Pradesh Herbal Forests,Ayurvedic Tisane,"Organic Tulsi (Holy Basil), Ashwagandha Root, Wild Himalayan Turmeric, Brahmi Leaves, Licorice (Mulethi), Fennel Seeds (Saunf), Lemongrass",Warm Ginger; Cooling; Fennel Sweetness; Botanical,2.5,7.0,6.0,4.2,8.2,0,4,6,96,2.5g per 200ml (or 1:1 milk-water for Chai),Cortisol / Stress Reduction; Gut Health & Detox; Joint & Anti-inflammatory; Deep Restful Sleep,Calm; Soothing; Relaxed; Cozy,Monsoon Special,835.0,4.9,276,"An exquisite handcrafted ayurvedic tisane harvest from the famed terroirs of Madhya Pradesh Herbal Forests. Imbued with prominent sensory notes of Warm Ginger, Cooling, Fennel Sweetness, this blend exhibits an aroma rating of 8.2/10. Specially curated for calm, soothing rituals, it offers potent cortisol / stress reduction, gut health & detox.",Kashmiri Girda Flatbread with Butter; Spicy Bhakarwadi & Mathri,https://images.unsplash.com/photo-1597481499750-3e6b22637e12?auto=format&fit=crop&w=800&q=80
TEA-IN-0447,Snow Mist Kangra First Flush Lot #361 '26,Himachal Pradesh (Kangra Valley),Kangra Valley,100% Certified GI Tagged Kangra Valley Whole Leaf Tea,Floral; Roasted Corn; Sweet Vegetal; Pine Mist; Mellow Green,3.4,7.3,7.4,1.7,8.0,31,2,4,81,2.5g per 200ml (or 1:1 milk-water for Chai),Antioxidant Shield; Digestive Ease; High Polyphenols; Peaceful Focus,Meditative; Focused,Monsoon Special,990.0,4.51,406,"An exquisite handcrafted kangra valley harvest from the famed terroirs of Himachal Pradesh (Kangra Valley). Imbued with prominent sensory notes of Floral, Roasted Corn, Sweet Vegetal, this blend exhibits an aroma rating of 8.0/10. Specially curated for meditative, focused rituals, it offers potent antioxidant shield, digestive ease.",Gulab Jamun with Rosewater Syrup; Irani Cafe Bun Maska & Chai,https://images.unsplash.com/photo-1563822249548-9a72b6353cd1?auto=format&fit=crop&w=800&q=80
TEA-IN-0448,Sikkim Royal Orthodox Muscatel Lot #199 '24,"Sikkim (Temi Tea Estate, South Sikkim)",Sikkim Temi,100% Organic Single Estate Temi Leaves,Honeyed Wood; Peach; Caramel; Sweet Floral,1.5,6.1,6.8,1.4,9.2,31,2,4,85,2.5g per 200ml (or 1:1 milk-water for Chai),Cardiovascular Support; Pure Organic Nutrition; L-Theanine Serenity; Skin Vitality,Refreshed; Meditative,Monsoon Special,1265.0,4.96,275,"An exquisite handcrafted sikkim temi harvest from the famed terroirs of Sikkim (Temi Tea Estate, South Sikkim). Imbued with prominent sensory notes of Honeyed Wood, Peach, Caramel, this blend exhibits an aroma rating of 9.2/10. Specially curated for refreshed, meditative rituals, it offers potent cardiovascular support, pure organic nutrition.",Poha with Roasted Peanuts; Dhokla with Green Chilies; Kashmiri Girda Flatbread with Butter,https://images.unsplash.com/photo-1576092768241-dec231879fc3?auto=format&fit=crop&w=800&q=80
TEA-IN-0449,Vintage Muscatel Wonder,Darjeeling (Makaibari),Darjeeling,100% Hand-Picked Camellia Sinensis Single Estate Darjeeling Leaves,Muscatel; Honeysuckle; Apricot; Pine Wood,3.5,8.0,9.3,1.1,9.2,52,5,4,80,2.5g per 200ml (or 1:1 milk-water for Chai),High Antioxidants; Cellular Protection; Gentle Vitality,Calm; Meditative,Winter Warmth,2370.0,4.32,178,"An exquisite handcrafted darjeeling harvest from the famed terroirs of Darjeeling (Makaibari). Imbued with prominent sensory notes of Muscatel, Honeysuckle, Apricot, this blend exhibits an aroma rating of 9.2/10. Specially curated for calm, meditative rituals, it offers potent high antioxidants, cellular protection.",Kashmiri Girda Flatbread with Butter; Crisp Onion & Paneer Pakoras; Traditional Osmania Butter Biscuits,https://images.unsplash.com/photo-1546852199-2d8e8c4aa477?auto=format&fit=crop&w=800&q=80
TEA-IN-0450,Dark Mahogany Malt Reserve Lot #198,Assam (Jorhat),Assam,100% High-Grade Assam Whole Leaf & Golden Buds (Camellia Sinensis var. Assamica),Bold Body; Caramel; Toasted Grain; Malty; Molasses,4.4,6.0,3.3,4.3,8.1,67,3,5,100,2.5g per 200ml (or 1:1 milk-water for Chai),Digestive Power; Cardiovascular Support; High Sustained Energy; Metabolic Fire,Energetic; Focused; Cozy,Monsoon Special,478.0,4.63,22,"An exquisite handcrafted assam harvest from the famed terroirs of Assam (Jorhat). Imbued with prominent sensory notes of Bold Body, Caramel, Toasted Grain, this blend exhibits an aroma rating of 8.1/10. Specially curated for energetic, focused rituals, it offers potent digestive power, cardiovascular support.",Spicy Bhakarwadi & Mathri; Kolkata Style Kathi Rolls; Irani Cafe Bun Maska & Chai,https://images.unsplash.com/photo-1571934811356-5cc061b6821f?auto=format&fit=crop&w=800&q=80
TEA-IN-0451,Fiery Adrak & Kali Mirch Kadak Chai,Rajasthan Royal Palace,Masala Chai,"Assam CTC Black Tea, Green Cardamom Pods, Crushed Dry Ginger, Ceylon Cinnamon, Cloves, Black Pepper, Star Anise, Saffron",Clove (Laung); Ginger (Adrak); Peppery,4.0,7.1,3.5,8.1,9.4,61,22,4,96,2.5g per 200ml (or 1:1 milk-water for Chai),Digestive Comfort; Anti-inflammatory; Immunity Shield; Instant Warming,Energetic; Uplifted; Comforting; Cozy,Monsoon Special,402.0,4.68,236,"An exquisite handcrafted masala chai harvest from the famed terroirs of Rajasthan Royal Palace. Imbued with prominent sensory notes of Clove (Laung), Ginger (Adrak), Peppery, this blend exhibits an aroma rating of 9.4/10. Specially curated for energetic, uplifted rituals, it offers potent digestive comfort, anti-inflammatory.",Gulab Jamun with Rosewater Syrup; Spicy Bhakarwadi & Mathri,https://images.unsplash.com/photo-1544787219-7f47ccb76574?auto=format&fit=crop&w=800&q=80
TEA-IN-0452,Pampore Golden Saffron Green Infusion '25,Kashmir (Srinagar Valley),Kashmir Kahwa,"Kashmiri Green Tea Leaves, Pampore Pure Saffron Strands, Green Cardamom, Cinnamon, Crushed Almond Slivers, Dried Rose Petals",Cinnamon; Cardamom; Sweet Almond; Floral Honey; Nutty,1.9,7.5,6.9,7.8,9.1,15,0,5,81,2.5g per 200ml (or 1:1 milk-water for Chai),Digestive Fire; Skin Glow & Radiance; Immunity Boost,Calm; Refreshed,First Flush Spring,782.0,4.5,402,"An exquisite handcrafted kashmir kahwa harvest from the famed terroirs of Kashmir (Srinagar Valley). Imbued with prominent sensory notes of Cinnamon, Cardamom, Sweet Almond, this blend exhibits an aroma rating of 9.1/10. Specially curated for calm, refreshed rituals, it offers potent digestive fire, skin glow & radiance.",Shrewsbury Butter Biscuits; Crisp Hot Samosas with Mint & Tamarind Chutney,https://images.unsplash.com/photo-1563822249548-9a72b6353cd1?auto=format&fit=crop&w=800&q=80
TEA-IN-0453,Nilgiri Frost Tea Winter Pluck '24,Nilgiri (Ooty Highlands),Nilgiri,100% High-Elevation Nilgiri Camellia Sinensis,Honey; Sweet Melon; Plum,2.3,6.7,7.6,1.1,9.2,41,1,4,88,2.5g per 200ml (or 1:1 milk-water for Chai),Weight Balance; Heart Health; Antioxidant Rich,Refreshed; Creative; Uplifted,Monsoon Special,875.0,4.97,57,"An exquisite handcrafted nilgiri harvest from the famed terroirs of Nilgiri (Ooty Highlands). Imbued with prominent sensory notes of Honey, Sweet Melon, Plum, this blend exhibits an aroma rating of 9.2/10. Specially curated for refreshed, creative rituals, it offers potent weight balance, heart health.",Shrewsbury Butter Biscuits; Irani Cafe Bun Maska & Chai,https://images.unsplash.com/photo-1597481499750-3e6b22637e12?auto=format&fit=crop&w=800&q=80
TEA-IN-0454,Brahmi & Shankhpushpi Memory Tonic Lot #471 '25,Uttarakhand Sacred Valleys,Ayurvedic Tisane,"Organic Tulsi (Holy Basil), Ashwagandha Root, Wild Himalayan Turmeric, Brahmi Leaves, Licorice (Mulethi), Fennel Seeds (Saunf), Lemongrass",Warm Ginger; Cooling; Sweet Earthy; Botanical,1.5,7.0,4.2,3.3,8.3,0,5,6,98,2.5g per 200ml (or 1:1 milk-water for Chai),Cortisol / Stress Reduction; Gut Health & Detox; Immunity Fortification; Joint & Anti-inflammatory,Soothing; Cozy,Monsoon Special,571.0,4.68,380,"An exquisite handcrafted ayurvedic tisane harvest from the famed terroirs of Uttarakhand Sacred Valleys. Imbued with prominent sensory notes of Warm Ginger, Cooling, Sweet Earthy, this blend exhibits an aroma rating of 8.3/10. Specially curated for soothing, cozy rituals, it offers potent cortisol / stress reduction, gut health & detox.",Dhokla with Green Chilies; Spicy Bhakarwadi & Mathri; Kolkata Style Kathi Rolls,https://images.unsplash.com/photo-1597481499750-3e6b22637e12?auto=format&fit=crop&w=800&q=80
TEA-IN-0455,Wild Herb Infused Kangra Tea,Himachal Pradesh (Kangra Valley),Kangra Valley,100% Certified GI Tagged Kangra Valley Whole Leaf Tea,Sweet Vegetal; Mellow Green; Floral; Roasted Corn,2.2,7.5,8.2,1.0,8.1,31,2,3,83,2.5g per 200ml (or 1:1 milk-water for Chai),Digestive Ease; High Polyphenols; Peaceful Focus,Refreshed; Uplifted; Meditative; Focused,First Flush Spring,665.0,4.92,142,"An exquisite handcrafted kangra valley harvest from the famed terroirs of Himachal Pradesh (Kangra Valley). Imbued with prominent sensory notes of Sweet Vegetal, Mellow Green, Floral, this blend exhibits an aroma rating of 8.1/10. Specially curated for refreshed, uplifted rituals, it offers potent digestive ease, high polyphenols.",Dhokla with Green Chilies; Shrewsbury Butter Biscuits; Warm Cardamom Nankhatai,https://images.unsplash.com/photo-1576092768241-dec231879fc3?auto=format&fit=crop&w=800&q=80
TEA-IN-0456,Sikkim Royal Orthodox Muscatel,Sikkim (Ravangla Highlands),Sikkim Temi,100% Organic Single Estate Temi Leaves,Honeyed Wood; Sweet Floral; Caramel; Muscatel; Gentle Spice,2.9,6.7,8.0,2.3,8.3,42,1,4,86,2.5g per 200ml (or 1:1 milk-water for Chai),Pure Organic Nutrition; L-Theanine Serenity; Cardiovascular Support; Skin Vitality,Refreshed; Serene,Second Flush Summer,745.0,4.63,158,"An exquisite handcrafted sikkim temi harvest from the famed terroirs of Sikkim (Ravangla Highlands). Imbued with prominent sensory notes of Honeyed Wood, Sweet Floral, Caramel, this blend exhibits an aroma rating of 8.3/10. Specially curated for refreshed, serene rituals, it offers potent pure organic nutrition, l-theanine serenity.",Poha with Roasted Peanuts; Gulab Jamun with Rosewater Syrup,https://images.unsplash.com/photo-1576092768241-dec231879fc3?auto=format&fit=crop&w=800&q=80
TEA-IN-0457,High Elevation Queen of Teas '25,Darjeeling (Margaret's Hope),Darjeeling,100% Hand-Picked Camellia Sinensis Single Estate Darjeeling Leaves,Floral; Honey; Honeysuckle; Apricot; Pine Wood,1.8,6.5,8.7,1.1,8.1,50,2,4,87,2.5g per 200ml (or 1:1 milk-water for Chai),Mental Clarity; High Antioxidants; Gentle Vitality,Calm; Uplifted; Focused,First Flush Spring,885.0,4.55,430,"An exquisite handcrafted darjeeling harvest from the famed terroirs of Darjeeling (Margaret's Hope). Imbued with prominent sensory notes of Floral, Honey, Honeysuckle, this blend exhibits an aroma rating of 8.1/10. Specially curated for calm, uplifted rituals, it offers potent mental clarity, high antioxidants.",Spicy Bhakarwadi & Mathri; Crisp Onion & Paneer Pakoras; Kolkata Style Kathi Rolls,https://images.unsplash.com/photo-1576092768241-dec231879fc3?auto=format&fit=crop&w=800&q=80
TEA-IN-0458,Golden Tips Extra Special Orthodox,Assam (Upper Brahmaputra Valley),Assam,100% High-Grade Assam Whole Leaf & Golden Buds (Camellia Sinensis var. Assamica),Bold Body; Molasses; Woody,4.9,5.7,3.8,3.6,7.5,81,4,4,95,2.5g per 200ml (or 1:1 milk-water for Chai),Digestive Power; High Sustained Energy; Immune Strength,Focused; Uplifted,Winter Warmth,825.0,4.82,107,"An exquisite handcrafted assam harvest from the famed terroirs of Assam (Upper Brahmaputra Valley). Imbued with prominent sensory notes of Bold Body, Molasses, Woody, this blend exhibits an aroma rating of 7.5/10. Specially curated for focused, uplifted rituals, it offers potent digestive power, high sustained energy.",Crisp Hot Samosas with Mint & Tamarind Chutney; Traditional Osmania Butter Biscuits; Irani Cafe Bun Maska & Chai,https://images.unsplash.com/photo-1571934811356-5cc061b6821f?auto=format&fit=crop&w=800&q=80
TEA-IN-0459,Five-Spice Maharaja Special Chai Lot #265,Delhi Old Quarter,Masala Chai,"Assam CTC Black Tea, Green Cardamom Pods, Crushed Dry Ginger, Ceylon Cinnamon, Cloves, Black Pepper, Star Anise, Saffron",Cardamom (Elaichi); Ginger (Adrak); Creamy; Sweet Heat; Spicy,5.2,8.4,1.8,8.7,9.1,65,29,4,98,2.5g per 200ml (or 1:1 milk-water for Chai),Digestive Comfort; Anti-inflammatory,Refreshed; Uplifted; Comforting,Monsoon Special,474.0,4.6,96,"An exquisite handcrafted masala chai harvest from the famed terroirs of Delhi Old Quarter. Imbued with prominent sensory notes of Cardamom (Elaichi), Ginger (Adrak), Creamy, this blend exhibits an aroma rating of 9.1/10. Specially curated for refreshed, uplifted rituals, it offers potent digestive comfort, anti-inflammatory.",Kolkata Style Kathi Rolls; Traditional Osmania Butter Biscuits,https://images.unsplash.com/photo-1571934811356-5cc061b6821f?auto=format&fit=crop&w=800&q=80
TEA-IN-0460,Pink Salted Noon Chai (Sheer Chai) Lot #379,Kashmir (Srinagar Valley),Kashmir Kahwa,"Kashmiri Green Tea Leaves, Pampore Pure Saffron Strands, Green Cardamom, Cinnamon, Crushed Almond Slivers, Dried Rose Petals",Cardamom; Cinnamon; Saffron (Kesar),2.3,7.3,9.1,6.0,9.0,22,3,4,84,2.5g per 200ml (or 1:1 milk-water for Chai),Calming Warmth; Stress Relief; Digestive Fire; Skin Glow & Radiance,Calm; Meditative,First Flush Spring,1030.0,4.9,32,"An exquisite handcrafted kashmir kahwa harvest from the famed terroirs of Kashmir (Srinagar Valley). Imbued with prominent sensory notes of Cardamom, Cinnamon, Saffron (Kesar), this blend exhibits an aroma rating of 9.0/10. Specially curated for calm, meditative rituals, it offers potent calming warmth, stress relief.",Kashmiri Girda Flatbread with Butter; Traditional Osmania Butter Biscuits; Warm Cardamom Nankhatai,https://images.unsplash.com/photo-1576092768241-dec231879fc3?auto=format&fit=crop&w=800&q=80
TEA-IN-0461,Blue Mountain Aromatic Orthdox Lot #123,Nilgiri (Kotagiri),Nilgiri,100% High-Elevation Nilgiri Camellia Sinensis,Honey; Floral; Crisp Fruit; Sweet Melon,1.9,7.0,7.5,1.9,9.4,36,2,4,88,2.5g per 200ml (or 1:1 milk-water for Chai),Weight Balance; Gentle Alertness,Calm; Uplifted,All Season,1357.0,4.36,376,"An exquisite handcrafted nilgiri harvest from the famed terroirs of Nilgiri (Kotagiri). Imbued with prominent sensory notes of Honey, Floral, Crisp Fruit, this blend exhibits an aroma rating of 9.4/10. Specially curated for calm, uplifted rituals, it offers potent weight balance, gentle alertness.",Kolkata Style Kathi Rolls; Traditional Osmania Butter Biscuits,https://images.unsplash.com/photo-1597481499750-3e6b22637e12?auto=format&fit=crop&w=800&q=80
TEA-IN-0462,Moringa & Lemongrass Detox Flush Lot #362,Kerala (Western Ghats),Ayurvedic Tisane,"Organic Tulsi (Holy Basil), Ashwagandha Root, Wild Himalayan Turmeric, Brahmi Leaves, Licorice (Mulethi), Fennel Seeds (Saunf), Lemongrass",Herbal; Woody; Botanical,1.2,7.4,5.1,5.7,8.0,0,4,5,96,2.5g per 200ml (or 1:1 milk-water for Chai),Joint & Anti-inflammatory; Gut Health & Detox; Immunity Fortification; Deep Restful Sleep,Calm; Relaxed; Cozy,Monsoon Special,802.0,4.48,420,"An exquisite handcrafted ayurvedic tisane harvest from the famed terroirs of Kerala (Western Ghats). Imbued with prominent sensory notes of Herbal, Woody, Botanical, this blend exhibits an aroma rating of 8.0/10. Specially curated for calm, relaxed rituals, it offers potent joint & anti-inflammatory, gut health & detox.",Dhokla with Green Chilies; Kolkata Style Kathi Rolls,https://images.unsplash.com/photo-1597481499750-3e6b22637e12?auto=format&fit=crop&w=800&q=80
TEA-IN-0463,Snow Mist Kangra First Flush Lot #667 '26,Himachal Pradesh (Kangra Valley),Kangra Valley,100% Certified GI Tagged Kangra Valley Whole Leaf Tea,Floral; Roasted Corn; Pine Mist; Nutty; Mellow Green,1.4,6.8,5.7,1.7,7.7,28,2,4,75,2.5g per 200ml (or 1:1 milk-water for Chai),Digestive Ease; Peaceful Focus,Refreshed; Meditative,First Flush Spring,1003.0,4.79,102,"An exquisite handcrafted kangra valley harvest from the famed terroirs of Himachal Pradesh (Kangra Valley). Imbued with prominent sensory notes of Floral, Roasted Corn, Pine Mist, this blend exhibits an aroma rating of 7.7/10. Specially curated for refreshed, meditative rituals, it offers potent digestive ease, peaceful focus.",Gulab Jamun with Rosewater Syrup; Kashmiri Girda Flatbread with Butter; Traditional Osmania Butter Biscuits,https://images.unsplash.com/photo-1576092768241-dec231879fc3?auto=format&fit=crop&w=800&q=80
TEA-IN-0464,Temi Estate 100% Organic First Flush,Sikkim (Ravangla Highlands),Sikkim Temi,100% Organic Single Estate Temi Leaves,Honeyed Wood; Peach; Caramel; Muscatel; Gentle Spice,2.6,7.2,8.4,2.1,9.1,47,3,4,89,2.5g per 200ml (or 1:1 milk-water for Chai),Pure Organic Nutrition; Skin Vitality,Calm; Focused,Autumnal Harvest,909.0,4.5,32,"An exquisite handcrafted sikkim temi harvest from the famed terroirs of Sikkim (Ravangla Highlands). Imbued with prominent sensory notes of Honeyed Wood, Peach, Caramel, this blend exhibits an aroma rating of 9.1/10. Specially curated for calm, focused rituals, it offers potent pure organic nutrition, skin vitality.",Dhokla with Green Chilies; Kolkata Style Kathi Rolls; Warm Cardamom Nankhatai,https://images.unsplash.com/photo-1576092768241-dec231879fc3?auto=format&fit=crop&w=800&q=80
TEA-IN-0465,Single Estate Royal Amber Darjeeling Lot #321,Darjeeling (Castle Castleton),Darjeeling,100% Hand-Picked Camellia Sinensis Single Estate Darjeeling Leaves,Muscatel; Apricot; Floral,3.1,5.6,9.6,1.7,9.5,46,2,4,83,2.5g per 200ml (or 1:1 milk-water for Chai),Cellular Protection; Gentle Vitality; Heart Wellness,Refreshed; Meditative; Focused; Calm,First Flush Spring,2303.0,4.91,71,"An exquisite handcrafted darjeeling harvest from the famed terroirs of Darjeeling (Castle Castleton). Imbued with prominent sensory notes of Muscatel, Apricot, Floral, this blend exhibits an aroma rating of 9.5/10. Specially curated for refreshed, meditative rituals, it offers potent cellular protection, gentle vitality.",Spicy Bhakarwadi & Mathri; Crisp Hot Samosas with Mint & Tamarind Chutney,https://images.unsplash.com/photo-1594631252845-29fc4cc8cde9?auto=format&fit=crop&w=800&q=80
TEA-IN-0466,Royal Mangalam Golden Needle '26,Assam (Upper Brahmaputra Valley),Assam,100% High-Grade Assam Whole Leaf & Golden Buds (Camellia Sinensis var. Assamica),Honey; Dark Cocoa; Molasses; Caramel,7.1,3.3,1.9,4.0,8.4,51,3,4,97,2.5g per 200ml (or 1:1 milk-water for Chai),High Sustained Energy; Metabolic Fire,Energetic; Uplifted; Motivated; Cozy,Second Flush Summer,321.0,4.57,428,"An exquisite handcrafted assam harvest from the famed terroirs of Assam (Upper Brahmaputra Valley). Imbued with prominent sensory notes of Honey, Dark Cocoa, Molasses, this blend exhibits an aroma rating of 8.4/10. Specially curated for energetic, uplifted rituals, it offers potent high sustained energy, metabolic fire.",Poha with Roasted Peanuts; Shrewsbury Butter Biscuits,https://images.unsplash.com/photo-1514733670139-4d87a1941d55?auto=format&fit=crop&w=800&q=80
TEA-IN-0467,Caramelized Jaggery (Gur) Spiced Chai Lot #392,Kolkata Street Estate,Masala Chai,"Assam CTC Black Tea, Green Cardamom Pods, Crushed Dry Ginger, Ceylon Cinnamon, Cloves, Black Pepper, Star Anise, Saffron",Cardamom (Elaichi); Ginger (Adrak); Peppery; Cinnamon (Dalchini); Sweet Heat,5.4,6.6,3.7,9.4,9.4,55,57,6,100,2.5g per 200ml (or 1:1 milk-water for Chai),Cold & Cough Relief; Digestive Comfort; Immunity Shield; Anti-inflammatory,Refreshed; Uplifted,Monsoon Special,416.0,4.95,119,"An exquisite handcrafted masala chai harvest from the famed terroirs of Kolkata Street Estate. Imbued with prominent sensory notes of Cardamom (Elaichi), Ginger (Adrak), Peppery, this blend exhibits an aroma rating of 9.4/10. Specially curated for refreshed, uplifted rituals, it offers potent cold & cough relief, digestive comfort.",Spicy Bhakarwadi & Mathri; Traditional Osmania Butter Biscuits; Crisp Hot Samosas with Mint & Tamarind Chutney,https://images.unsplash.com/photo-1571934811356-5cc061b6821f?auto=format&fit=crop&w=800&q=80
TEA-IN-0468,Rose Petal & Kashmiri Cardamom Kahwa Lot #256,Kashmir (Pampore Saffron Fields),Kashmir Kahwa,"Kashmiri Green Tea Leaves, Pampore Pure Saffron Strands, Green Cardamom, Cinnamon, Crushed Almond Slivers, Dried Rose Petals",Cardamom; Sweet Almond; Delicate Green,2.1,9.0,6.7,8.0,9.2,15,5,4,80,2.5g per 200ml (or 1:1 milk-water for Chai),Digestive Fire; Skin Glow & Radiance,Calm; Meditative; Cozy,All Season,962.0,4.75,289,"An exquisite handcrafted kashmir kahwa harvest from the famed terroirs of Kashmir (Pampore Saffron Fields). Imbued with prominent sensory notes of Cardamom, Sweet Almond, Delicate Green, this blend exhibits an aroma rating of 9.2/10. Specially curated for calm, meditative rituals, it offers potent digestive fire, skin glow & radiance.",Dhokla with Green Chilies; Shrewsbury Butter Biscuits; Poha with Roasted Peanuts,https://images.unsplash.com/photo-1576092768241-dec231879fc3?auto=format&fit=crop&w=800&q=80
TEA-IN-0469,Emerald Dew Nilgiri Green,Nilgiri (Coonoor),Nilgiri,100% High-Elevation Nilgiri Camellia Sinensis,Light Malt; Floral; Sweet Melon,2.2,6.8,7.5,1.5,9.1,43,4,4,89,2.5g per 200ml (or 1:1 milk-water for Chai),Weight Balance; Gentle Alertness,Refreshed; Focused; Calm,Winter Warmth,714.0,4.36,103,"An exquisite handcrafted nilgiri harvest from the famed terroirs of Nilgiri (Coonoor). Imbued with prominent sensory notes of Light Malt, Floral, Sweet Melon, this blend exhibits an aroma rating of 9.1/10. Specially curated for refreshed, focused rituals, it offers potent weight balance, gentle alertness.",Poha with Roasted Peanuts; Kashmiri Girda Flatbread with Butter; Spicy Bhakarwadi & Mathri,https://images.unsplash.com/photo-1546852199-2d8e8c4aa477?auto=format&fit=crop&w=800&q=80
TEA-IN-0470,Ashwagandha Stress Relief Golden Elixir Lot #159,Madhya Pradesh Herbal Forests,Ayurvedic Tisane,"Organic Tulsi (Holy Basil), Ashwagandha Root, Wild Himalayan Turmeric, Brahmi Leaves, Licorice (Mulethi), Fennel Seeds (Saunf), Lemongrass",Warm Ginger; Cooling; Sweet Earthy; Fennel Sweetness,2.5,4.6,5.9,2.1,9.4,0,1,6,98,2.5g per 200ml (or 1:1 milk-water for Chai),Gut Health & Detox; Joint & Anti-inflammatory; Deep Restful Sleep,Soothing; Cozy,Monsoon Special,817.0,4.31,296,"An exquisite handcrafted ayurvedic tisane harvest from the famed terroirs of Madhya Pradesh Herbal Forests. Imbued with prominent sensory notes of Warm Ginger, Cooling, Sweet Earthy, this blend exhibits an aroma rating of 9.4/10. Specially curated for soothing, cozy rituals, it offers potent gut health & detox, joint & anti-inflammatory.",Poha with Roasted Peanuts; Kashmiri Girda Flatbread with Butter; Kolkata Style Kathi Rolls,https://images.unsplash.com/photo-1544787219-7f47ccb76574?auto=format&fit=crop&w=800&q=80
TEA-IN-0471,Himalayan Cedar Scented Kangra Lot #913 '26,Himachal Pradesh (Kangra Valley),Kangra Valley,100% Certified GI Tagged Kangra Valley Whole Leaf Tea,Floral; Roasted Corn; Sweet Vegetal; Nutty; Mellow Green,1.4,5.6,6.6,0.5,7.6,41,5,4,80,2.5g per 200ml (or 1:1 milk-water for Chai),High Polyphenols; Metabolic Balance; Antioxidant Shield,Focused; Uplifted,Autumnal Harvest,491.0,4.7,335,"An exquisite handcrafted kangra valley harvest from the famed terroirs of Himachal Pradesh (Kangra Valley). Imbued with prominent sensory notes of Floral, Roasted Corn, Sweet Vegetal, this blend exhibits an aroma rating of 7.6/10. Specially curated for focused, uplifted rituals, it offers potent high polyphenols, metabolic balance.",Spicy Bhakarwadi & Mathri; Irani Cafe Bun Maska & Chai,https://images.unsplash.com/photo-1576092768241-dec231879fc3?auto=format&fit=crop&w=800&q=80
TEA-IN-0472,Sikkim Green Dragon Spring Leaf,Sikkim (Ravangla Highlands),Sikkim Temi,100% Organic Single Estate Temi Leaves,Muscatel; Gentle Spice; Peach; Caramel,3.2,6.4,8.4,2.0,8.7,34,2,3,88,2.5g per 200ml (or 1:1 milk-water for Chai),Cardiovascular Support; L-Theanine Serenity; Skin Vitality,Refreshed; Focused; Meditative,First Flush Spring,1294.0,4.33,50,"An exquisite handcrafted sikkim temi harvest from the famed terroirs of Sikkim (Ravangla Highlands). Imbued with prominent sensory notes of Muscatel, Gentle Spice, Peach, this blend exhibits an aroma rating of 8.7/10. Specially curated for refreshed, focused rituals, it offers potent cardiovascular support, l-theanine serenity.",Gulab Jamun with Rosewater Syrup; Kashmiri Girda Flatbread with Butter; Traditional Osmania Butter Biscuits,https://images.unsplash.com/photo-1546852199-2d8e8c4aa477?auto=format&fit=crop&w=800&q=80
TEA-IN-0473,Silver Needle White Darjeeling Lot #230,Darjeeling (Makaibari),Darjeeling,100% Hand-Picked Camellia Sinensis Single Estate Darjeeling Leaves,Muscatel; Apricot; Floral; Green Apple,1.7,8.1,9.1,1.4,9.4,40,0,4,83,2.5g per 200ml (or 1:1 milk-water for Chai),Mental Clarity; High Antioxidants,Calm; Refreshed,All Season,2338.0,4.83,185,"An exquisite handcrafted darjeeling harvest from the famed terroirs of Darjeeling (Makaibari). Imbued with prominent sensory notes of Muscatel, Apricot, Floral, this blend exhibits an aroma rating of 9.4/10. Specially curated for calm, refreshed rituals, it offers potent mental clarity, high antioxidants.",Poha with Roasted Peanuts; Gulab Jamun with Rosewater Syrup; Irani Cafe Bun Maska & Chai,https://images.unsplash.com/photo-1594631252845-29fc4cc8cde9?auto=format&fit=crop&w=800&q=80
TEA-IN-0474,Imperial Halmari Single Estate Lot #825,Assam (Dibrugarh),Assam,100% High-Grade Assam Whole Leaf & Golden Buds (Camellia Sinensis var. Assamica),Dark Cocoa; Malty; Woody; Toasted Grain,5.1,6.2,2.7,3.6,7.0,77,2,5,95,2.5g per 200ml (or 1:1 milk-water for Chai),Digestive Power; Cardiovascular Support,Focused; Motivated; Cozy,Second Flush Summer,940.0,4.84,210,"An exquisite handcrafted assam harvest from the famed terroirs of Assam (Dibrugarh). Imbued with prominent sensory notes of Dark Cocoa, Malty, Woody, this blend exhibits an aroma rating of 7.0/10. Specially curated for focused, motivated rituals, it offers potent digestive power, cardiovascular support.",Poha with Roasted Peanuts; Crisp Hot Samosas with Mint & Tamarind Chutney,https://images.unsplash.com/photo-1571934811356-5cc061b6821f?auto=format&fit=crop&w=800&q=80
TEA-IN-0475,Authentic Mumbai Cutting Masala Chai Lot #945 '24,Assam & Kerala Spice Hills,Masala Chai,"Assam CTC Black Tea, Green Cardamom Pods, Crushed Dry Ginger, Ceylon Cinnamon, Cloves, Black Pepper, Star Anise, Saffron",Peppery; Cinnamon (Dalchini); Creamy; Sweet Heat; Spicy,3.6,5.5,3.0,9.3,9.5,55,48,6,99,2.5g per 200ml (or 1:1 milk-water for Chai),Digestive Comfort; Cold & Cough Relief; Anti-inflammatory; Instant Warming,Refreshed; Energetic,All Season,780.0,4.34,444,"An exquisite handcrafted masala chai harvest from the famed terroirs of Assam & Kerala Spice Hills. Imbued with prominent sensory notes of Peppery, Cinnamon (Dalchini), Creamy, this blend exhibits an aroma rating of 9.5/10. Specially curated for refreshed, energetic rituals, it offers potent digestive comfort, cold & cough relief.",Dhokla with Green Chilies; Spicy Bhakarwadi & Mathri,https://images.unsplash.com/photo-1571934811356-5cc061b6821f?auto=format&fit=crop&w=800&q=80
TEA-IN-0476,Zaffran Emerald Heritage Brew Lot #423 '24,Kashmir (Gulmarg Hills),Kashmir Kahwa,"Kashmiri Green Tea Leaves, Pampore Pure Saffron Strands, Green Cardamom, Cinnamon, Crushed Almond Slivers, Dried Rose Petals",Cardamom; Saffron (Kesar); Nutty,1.9,6.9,8.3,5.1,9.2,28,2,4,82,2.5g per 200ml (or 1:1 milk-water for Chai),Stress Relief; Digestive Fire,Refreshed; Relaxed; Calm,Winter Warmth,1815.0,4.31,395,"An exquisite handcrafted kashmir kahwa harvest from the famed terroirs of Kashmir (Gulmarg Hills). Imbued with prominent sensory notes of Cardamom, Saffron (Kesar), Nutty, this blend exhibits an aroma rating of 9.2/10. Specially curated for refreshed, relaxed rituals, it offers potent stress relief, digestive fire.",Shrewsbury Butter Biscuits; Warm Cardamom Nankhatai,https://images.unsplash.com/photo-1563822249548-9a72b6353cd1?auto=format&fit=crop&w=800&q=80
TEA-IN-0477,Nilgiri Frost Tea Winter Pluck Lot #319,Nilgiri (Kotagiri),Nilgiri,100% High-Elevation Nilgiri Camellia Sinensis,Floral; Honey; Sweet Melon; Bright Citrus; Crisp Fruit,2.4,7.9,8.6,2.4,8.6,49,1,3,85,2.5g per 200ml (or 1:1 milk-water for Chai),Weight Balance; Antioxidant Rich,Calm; Creative; Focused; Uplifted,First Flush Spring,1152.0,4.55,411,"An exquisite handcrafted nilgiri harvest from the famed terroirs of Nilgiri (Kotagiri). Imbued with prominent sensory notes of Floral, Honey, Sweet Melon, this blend exhibits an aroma rating of 8.6/10. Specially curated for calm, creative rituals, it offers potent weight balance, antioxidant rich.",Kashmiri Girda Flatbread with Butter; Spicy Bhakarwadi & Mathri; Irani Cafe Bun Maska & Chai,https://images.unsplash.com/photo-1546852199-2d8e8c4aa477?auto=format&fit=crop&w=800&q=80
TEA-IN-0478,Moringa & Lemongrass Detox Flush,Kerala (Western Ghats),Ayurvedic Tisane,"Organic Tulsi (Holy Basil), Ashwagandha Root, Wild Himalayan Turmeric, Brahmi Leaves, Licorice (Mulethi), Fennel Seeds (Saunf), Lemongrass",Cooling; Herbal; Woody; Botanical,0.8,7.7,7.8,2.3,9.0,0,2,5,95,2.5g per 200ml (or 1:1 milk-water for Chai),Cortisol / Stress Reduction; Joint & Anti-inflammatory; Deep Restful Sleep,Calm; Soothing; Relaxed; Cozy,Autumnal Harvest,824.0,4.67,148,"An exquisite handcrafted ayurvedic tisane harvest from the famed terroirs of Kerala (Western Ghats). Imbued with prominent sensory notes of Cooling, Herbal, Woody, this blend exhibits an aroma rating of 9.0/10. Specially curated for calm, soothing rituals, it offers potent cortisol / stress reduction, joint & anti-inflammatory.",Crisp Onion & Paneer Pakoras; Irani Cafe Bun Maska & Chai,https://images.unsplash.com/photo-1597481499750-3e6b22637e12?auto=format&fit=crop&w=800&q=80
TEA-IN-0479,Snow Mist Kangra First Flush Lot #267,Himachal Pradesh (Kangra Valley),Kangra Valley,100% Certified GI Tagged Kangra Valley Whole Leaf Tea,Mellow Green; Floral; Roasted Corn; Nutty,1.4,7.5,6.9,1.2,8.8,37,0,3,81,2.5g per 200ml (or 1:1 milk-water for Chai),Digestive Ease; Peaceful Focus,Refreshed; Focused; Meditative; Calm,First Flush Spring,1165.0,4.32,116,"An exquisite handcrafted kangra valley harvest from the famed terroirs of Himachal Pradesh (Kangra Valley). Imbued with prominent sensory notes of Mellow Green, Floral, Roasted Corn, this blend exhibits an aroma rating of 8.8/10. Specially curated for refreshed, focused rituals, it offers potent digestive ease, peaceful focus.",Poha with Roasted Peanuts; Spicy Bhakarwadi & Mathri; Crisp Onion & Paneer Pakoras,https://images.unsplash.com/photo-1576092768241-dec231879fc3?auto=format&fit=crop&w=800&q=80
TEA-IN-0480,Sikkim Green Dragon Spring Leaf '25,Sikkim (Ravangla Highlands),Sikkim Temi,100% Organic Single Estate Temi Leaves,Honeyed Wood; Peach; Caramel,2.8,7.0,8.6,2.9,9.3,31,0,3,89,2.5g per 200ml (or 1:1 milk-water for Chai),Pure Organic Nutrition; L-Theanine Serenity,Refreshed; Focused; Meditative,Monsoon Special,1577.0,4.75,90,"An exquisite handcrafted sikkim temi harvest from the famed terroirs of Sikkim (Ravangla Highlands). Imbued with prominent sensory notes of Honeyed Wood, Peach, Caramel, this blend exhibits an aroma rating of 9.3/10. Specially curated for refreshed, focused rituals, it offers potent pure organic nutrition, l-theanine serenity.",Crisp Hot Samosas with Mint & Tamarind Chutney; Kolkata Style Kathi Rolls; Warm Cardamom Nankhatai,https://images.unsplash.com/photo-1576092768241-dec231879fc3?auto=format&fit=crop&w=800&q=80
TEA-IN-0481,Misty Mountain Bio-Dynamic First Flush '24,Darjeeling (Castle Castleton),Darjeeling,100% Hand-Picked Camellia Sinensis Single Estate Darjeeling Leaves,Floral; Honey; Honeysuckle; Pine Wood; Muscatel,3.9,6.5,8.5,1.6,8.8,30,2,4,82,2.5g per 200ml (or 1:1 milk-water for Chai),High Antioxidants; Cellular Protection; Heart Wellness,Refreshed; Meditative; Calm,First Flush Spring,641.0,4.51,409,"An exquisite handcrafted darjeeling harvest from the famed terroirs of Darjeeling (Castle Castleton). Imbued with prominent sensory notes of Floral, Honey, Honeysuckle, this blend exhibits an aroma rating of 8.8/10. Specially curated for refreshed, meditative rituals, it offers potent high antioxidants, cellular protection.",Dhokla with Green Chilies; Kolkata Style Kathi Rolls,https://images.unsplash.com/photo-1546852199-2d8e8c4aa477?auto=format&fit=crop&w=800&q=80
TEA-IN-0482,Assam Tippy Golden Flowery Orange Pekoe Lot #663 '26,Assam (Upper Brahmaputra Valley),Assam,100% High-Grade Assam Whole Leaf & Golden Buds (Camellia Sinensis var. Assamica),Bold Body; Caramel; Malty; Woody; Dark Cocoa,5.9,6.2,3.0,1.8,8.0,82,2,5,95,2.5g per 200ml (or 1:1 milk-water for Chai),Cardiovascular Support; High Sustained Energy,Energetic; Motivated,Monsoon Special,537.0,4.7,307,"An exquisite handcrafted assam harvest from the famed terroirs of Assam (Upper Brahmaputra Valley). Imbued with prominent sensory notes of Bold Body, Caramel, Malty, this blend exhibits an aroma rating of 8.0/10. Specially curated for energetic, motivated rituals, it offers potent cardiovascular support, high sustained energy.",Shrewsbury Butter Biscuits; Spicy Bhakarwadi & Mathri; Crisp Onion & Paneer Pakoras,https://images.unsplash.com/photo-1544787219-7f47ccb76574?auto=format&fit=crop&w=800&q=80
TEA-IN-0483,Royal Elaichi & Kesar Rich Chai '26,Kolkata Street Estate,Masala Chai,"Assam CTC Black Tea, Green Cardamom Pods, Crushed Dry Ginger, Ceylon Cinnamon, Cloves, Black Pepper, Star Anise, Saffron",Clove (Laung); Spicy; Ginger (Adrak); Peppery,5.1,4.5,3.4,8.7,9.7,43,58,6,96,2.5g per 200ml (or 1:1 milk-water for Chai),Digestive Comfort; Anti-inflammatory; Immunity Shield; Instant Warming,Uplifted; Comforting,Second Flush Summer,324.0,4.96,230,"An exquisite handcrafted masala chai harvest from the famed terroirs of Kolkata Street Estate. Imbued with prominent sensory notes of Clove (Laung), Spicy, Ginger (Adrak), this blend exhibits an aroma rating of 9.7/10. Specially curated for uplifted, comforting rituals, it offers potent digestive comfort, anti-inflammatory.",Shrewsbury Butter Biscuits; Traditional Osmania Butter Biscuits; Warm Cardamom Nankhatai,https://images.unsplash.com/photo-1571934811356-5cc061b6821f?auto=format&fit=crop&w=800&q=80
TEA-IN-0484,Himalayan Crushed Walnut & Kahwa Blend Lot #228 '25,Kashmir (Srinagar Valley),Kashmir Kahwa,"Kashmiri Green Tea Leaves, Pampore Pure Saffron Strands, Green Cardamom, Cinnamon, Crushed Almond Slivers, Dried Rose Petals",Delicate Green; Saffron (Kesar); Cinnamon; Cardamom; Nutty,2.3,7.5,9.4,6.2,9.2,18,1,5,81,2.5g per 200ml (or 1:1 milk-water for Chai),Calming Warmth; Stress Relief,Calm; Relaxed; Meditative; Cozy,Monsoon Special,1303.0,4.74,387,"An exquisite handcrafted kashmir kahwa harvest from the famed terroirs of Kashmir (Srinagar Valley). Imbued with prominent sensory notes of Delicate Green, Saffron (Kesar), Cinnamon, this blend exhibits an aroma rating of 9.2/10. Specially curated for calm, relaxed rituals, it offers potent calming warmth, stress relief.",Traditional Osmania Butter Biscuits; Warm Cardamom Nankhatai,https://images.unsplash.com/photo-1576092768241-dec231879fc3?auto=format&fit=crop&w=800&q=80
TEA-IN-0485,Nilgiri Frost Tea Winter Pluck,Nilgiri (Kotagiri),Nilgiri,100% High-Elevation Nilgiri Camellia Sinensis,Floral; Light Malt; Honey; Sweet Melon; Plum,1.4,7.8,8.4,2.2,8.5,43,5,4,92,2.5g per 200ml (or 1:1 milk-water for Chai),Weight Balance; Heart Health; Gentle Alertness,Calm; Refreshed; Uplifted,First Flush Spring,417.0,4.9,50,"An exquisite handcrafted nilgiri harvest from the famed terroirs of Nilgiri (Kotagiri). Imbued with prominent sensory notes of Floral, Light Malt, Honey, this blend exhibits an aroma rating of 8.5/10. Specially curated for calm, refreshed rituals, it offers potent weight balance, heart health.",Gulab Jamun with Rosewater Syrup; Crisp Hot Samosas with Mint & Tamarind Chutney; Spicy Bhakarwadi & Mathri,https://images.unsplash.com/photo-1546852199-2d8e8c4aa477?auto=format&fit=crop&w=800&q=80
TEA-IN-0486,Moringa & Lemongrass Detox Flush Lot #395,Himalayan Foothills,Ayurvedic Tisane,"Organic Tulsi (Holy Basil), Ashwagandha Root, Wild Himalayan Turmeric, Brahmi Leaves, Licorice (Mulethi), Fennel Seeds (Saunf), Lemongrass",Cooling; Sweet Earthy; Botanical,1.2,5.7,4.1,5.1,8.6,0,2,6,100,2.5g per 200ml (or 1:1 milk-water for Chai),Gut Health & Detox; Joint & Anti-inflammatory; Deep Restful Sleep,Calm; Meditative,All Season,615.0,4.45,302,"An exquisite handcrafted ayurvedic tisane harvest from the famed terroirs of Himalayan Foothills. Imbued with prominent sensory notes of Cooling, Sweet Earthy, Botanical, this blend exhibits an aroma rating of 8.6/10. Specially curated for calm, meditative rituals, it offers potent gut health & detox, joint & anti-inflammatory.",Crisp Hot Samosas with Mint & Tamarind Chutney; Traditional Osmania Butter Biscuits; Irani Cafe Bun Maska & Chai,https://images.unsplash.com/photo-1597481499750-3e6b22637e12?auto=format&fit=crop&w=800&q=80
TEA-IN-0487,Kangra Imperial Green Dragon Lot #635,Himachal Pradesh (Dharamshala),Kangra Valley,100% Certified GI Tagged Kangra Valley Whole Leaf Tea,Mellow Green; Roasted Corn; Sweet Vegetal; Pine Mist,1.2,7.7,6.8,1.0,7.8,26,0,2,79,2.5g per 200ml (or 1:1 milk-water for Chai),Peaceful Focus; High Polyphenols; Antioxidant Shield,Refreshed; Calm,First Flush Spring,491.0,4.51,411,"An exquisite handcrafted kangra valley harvest from the famed terroirs of Himachal Pradesh (Dharamshala). Imbued with prominent sensory notes of Mellow Green, Roasted Corn, Sweet Vegetal, this blend exhibits an aroma rating of 7.8/10. Specially curated for refreshed, calm rituals, it offers potent peaceful focus, high polyphenols.",Gulab Jamun with Rosewater Syrup; Crisp Hot Samosas with Mint & Tamarind Chutney; Traditional Osmania Butter Biscuits,https://images.unsplash.com/photo-1563822249548-9a72b6353cd1?auto=format&fit=crop&w=800&q=80
TEA-IN-0488,Sikkim Royal Orthodox Muscatel Lot #744,Sikkim (Ravangla Highlands),Sikkim Temi,100% Organic Single Estate Temi Leaves,Honeyed Wood; Peach; Caramel; Muscatel,3.2,7.5,7.9,1.2,8.7,33,1,4,85,2.5g per 200ml (or 1:1 milk-water for Chai),Pure Organic Nutrition; Cardiovascular Support; Skin Vitality,Calm; Refreshed; Meditative; Serene,First Flush Spring,1010.0,4.66,398,"An exquisite handcrafted sikkim temi harvest from the famed terroirs of Sikkim (Ravangla Highlands). Imbued with prominent sensory notes of Honeyed Wood, Peach, Caramel, this blend exhibits an aroma rating of 8.7/10. Specially curated for calm, refreshed rituals, it offers potent pure organic nutrition, cardiovascular support.",Spicy Bhakarwadi & Mathri; Crisp Hot Samosas with Mint & Tamarind Chutney,https://images.unsplash.com/photo-1546852199-2d8e8c4aa477?auto=format&fit=crop&w=800&q=80
TEA-IN-0489,Second Flush Muscatel Gold Lot #662,Darjeeling (Goomtee),Darjeeling,100% Hand-Picked Camellia Sinensis Single Estate Darjeeling Leaves,Floral; Honeysuckle; Pine Wood; Green Apple; Muscatel,1.8,8.0,7.7,0.6,8.5,52,3,3,84,2.5g per 200ml (or 1:1 milk-water for Chai),High Antioxidants; Cellular Protection; Gentle Vitality; Heart Wellness,Refreshed; Meditative,Autumnal Harvest,2062.0,4.45,230,"An exquisite handcrafted darjeeling harvest from the famed terroirs of Darjeeling (Goomtee). Imbued with prominent sensory notes of Floral, Honeysuckle, Pine Wood, this blend exhibits an aroma rating of 8.5/10. Specially curated for refreshed, meditative rituals, it offers potent high antioxidants, cellular protection.",Poha with Roasted Peanuts; Crisp Hot Samosas with Mint & Tamarind Chutney,https://images.unsplash.com/photo-1594631252845-29fc4cc8cde9?auto=format&fit=crop&w=800&q=80
TEA-IN-0490,Malty Breakfast Kadak CTC Lot #335 '25,Assam (Upper Brahmaputra Valley),Assam,100% High-Grade Assam Whole Leaf & Golden Buds (Camellia Sinensis var. Assamica),Caramel; Woody; Malty; Dark Cocoa; Molasses,4.0,5.4,3.8,3.8,8.4,55,5,4,100,2.5g per 200ml (or 1:1 milk-water for Chai),High Sustained Energy; Metabolic Fire,Energetic; Focused; Cozy; Uplifted,Monsoon Special,895.0,4.45,88,"An exquisite handcrafted assam harvest from the famed terroirs of Assam (Upper Brahmaputra Valley). Imbued with prominent sensory notes of Caramel, Woody, Malty, this blend exhibits an aroma rating of 8.4/10. Specially curated for energetic, focused rituals, it offers potent high sustained energy, metabolic fire.",Gulab Jamun with Rosewater Syrup; Warm Cardamom Nankhatai,https://images.unsplash.com/photo-1544787219-7f47ccb76574?auto=format&fit=crop&w=800&q=80
TEA-IN-0491,Royal Elaichi & Kesar Rich Chai '25,Mumbai Heritage,Masala Chai,"Assam CTC Black Tea, Green Cardamom Pods, Crushed Dry Ginger, Ceylon Cinnamon, Cloves, Black Pepper, Star Anise, Saffron",Ginger (Adrak); Peppery; Cinnamon (Dalchini); Clove (Laung); Spicy,5.5,5.9,3.1,9.6,9.2,51,25,5,95,2.5g per 200ml (or 1:1 milk-water for Chai),Anti-inflammatory; Immunity Shield,Uplifted; Cozy,All Season,535.0,4.68,366,"An exquisite handcrafted masala chai harvest from the famed terroirs of Mumbai Heritage. Imbued with prominent sensory notes of Ginger (Adrak), Peppery, Cinnamon (Dalchini), this blend exhibits an aroma rating of 9.2/10. Specially curated for uplifted, cozy rituals, it offers potent anti-inflammatory, immunity shield.",Traditional Osmania Butter Biscuits; Warm Cardamom Nankhatai; Irani Cafe Bun Maska & Chai,https://images.unsplash.com/photo-1571934811356-5cc061b6821f?auto=format&fit=crop&w=800&q=80
TEA-IN-0492,Zaffran Emerald Heritage Brew Lot #709,Kashmir (Srinagar Valley),Kashmir Kahwa,"Kashmiri Green Tea Leaves, Pampore Pure Saffron Strands, Green Cardamom, Cinnamon, Crushed Almond Slivers, Dried Rose Petals",Delicate Green; Saffron (Kesar); Cardamom; Sweet Almond; Nutty,2.1,8.9,7.5,6.8,9.8,19,2,5,81,2.5g per 200ml (or 1:1 milk-water for Chai),Calming Warmth; Digestive Fire; Skin Glow & Radiance,Calm; Relaxed; Meditative; Cozy,Autumnal Harvest,1772.0,4.69,397,"An exquisite handcrafted kashmir kahwa harvest from the famed terroirs of Kashmir (Srinagar Valley). Imbued with prominent sensory notes of Delicate Green, Saffron (Kesar), Cardamom, this blend exhibits an aroma rating of 9.8/10. Specially curated for calm, relaxed rituals, it offers potent calming warmth, digestive fire.",Shrewsbury Butter Biscuits; Gulab Jamun with Rosewater Syrup,https://images.unsplash.com/photo-1576092768241-dec231879fc3?auto=format&fit=crop&w=800&q=80
TEA-IN-0493,Nilgiri Frost Tea Winter Pluck Lot #338 '24,Nilgiri (Coonoor),Nilgiri,100% High-Elevation Nilgiri Camellia Sinensis,Floral; Crisp Fruit; Light Malt; Plum,3.3,7.3,7.8,2.3,8.4,46,2,3,89,2.5g per 200ml (or 1:1 milk-water for Chai),Heart Health; Gentle Alertness,Creative; Focused,Winter Warmth,836.0,4.59,344,"An exquisite handcrafted nilgiri harvest from the famed terroirs of Nilgiri (Coonoor). Imbued with prominent sensory notes of Floral, Crisp Fruit, Light Malt, this blend exhibits an aroma rating of 8.4/10. Specially curated for creative, focused rituals, it offers potent heart health, gentle alertness.",Shrewsbury Butter Biscuits; Irani Cafe Bun Maska & Chai,https://images.unsplash.com/photo-1597481499750-3e6b22637e12?auto=format&fit=crop&w=800&q=80
TEA-IN-0494,Triphala & Fennel Digestive Nectar,Uttarakhand Sacred Valleys,Ayurvedic Tisane,"Organic Tulsi (Holy Basil), Ashwagandha Root, Wild Himalayan Turmeric, Brahmi Leaves, Licorice (Mulethi), Fennel Seeds (Saunf), Lemongrass",Woody; Botanical; Tulsi Mint; Fennel Sweetness,2.6,4.1,7.1,5.1,9.1,0,5,5,95,2.5g per 200ml (or 1:1 milk-water for Chai),Cortisol / Stress Reduction; Deep Restful Sleep,Soothing; Relaxed; Meditative,Monsoon Special,767.0,4.97,180,"An exquisite handcrafted ayurvedic tisane harvest from the famed terroirs of Uttarakhand Sacred Valleys. Imbued with prominent sensory notes of Woody, Botanical, Tulsi Mint, this blend exhibits an aroma rating of 9.1/10. Specially curated for soothing, relaxed rituals, it offers potent cortisol / stress reduction, deep restful sleep.",Poha with Roasted Peanuts; Dhokla with Green Chilies; Crisp Hot Samosas with Mint & Tamarind Chutney,https://images.unsplash.com/photo-1544787219-7f47ccb76574?auto=format&fit=crop&w=800&q=80
TEA-IN-0495,Wild Herb Infused Kangra Tea Lot #617 '25,Himachal Pradesh (Kangra Valley),Kangra Valley,100% Certified GI Tagged Kangra Valley Whole Leaf Tea,Sweet Vegetal; Pine Mist; Nutty,1.7,5.7,7.8,1.4,8.2,34,3,4,76,2.5g per 200ml (or 1:1 milk-water for Chai),Antioxidant Shield; High Polyphenols; Peaceful Focus,Calm; Refreshed; Uplifted; Focused,Second Flush Summer,1153.0,4.56,345,"An exquisite handcrafted kangra valley harvest from the famed terroirs of Himachal Pradesh (Kangra Valley). Imbued with prominent sensory notes of Sweet Vegetal, Pine Mist, Nutty, this blend exhibits an aroma rating of 8.2/10. Specially curated for calm, refreshed rituals, it offers potent antioxidant shield, high polyphenols.",Poha with Roasted Peanuts; Crisp Hot Samosas with Mint & Tamarind Chutney,https://images.unsplash.com/photo-1563822249548-9a72b6353cd1?auto=format&fit=crop&w=800&q=80
TEA-IN-0496,Temi Estate 100% Organic First Flush Lot #382,Sikkim (Ravangla Highlands),Sikkim Temi,100% Organic Single Estate Temi Leaves,Honeyed Wood; Muscatel; Caramel,2.3,7.4,7.1,1.3,8.4,34,2,4,90,2.5g per 200ml (or 1:1 milk-water for Chai),Cardiovascular Support; Pure Organic Nutrition; L-Theanine Serenity; Skin Vitality,Calm; Meditative; Serene; Focused,Winter Warmth,1120.0,4.72,422,"An exquisite handcrafted sikkim temi harvest from the famed terroirs of Sikkim (Ravangla Highlands). Imbued with prominent sensory notes of Honeyed Wood, Muscatel, Caramel, this blend exhibits an aroma rating of 8.4/10. Specially curated for calm, meditative rituals, it offers potent cardiovascular support, pure organic nutrition.",Dhokla with Green Chilies; Spicy Bhakarwadi & Mathri,https://images.unsplash.com/photo-1546852199-2d8e8c4aa477?auto=format&fit=crop&w=800&q=80
TEA-IN-0497,Castleton Muscatel Supreme Lot #977 '24,Darjeeling (Singbulli),Darjeeling,100% Hand-Picked Camellia Sinensis Single Estate Darjeeling Leaves,Floral; Citrus Zest; Pine Wood; Green Apple; Muscatel,1.8,5.2,9.4,1.9,9.7,36,4,3,88,2.5g per 200ml (or 1:1 milk-water for Chai),Mental Clarity; High Antioxidants; Cellular Protection; Gentle Vitality,Calm; Focused; Uplifted,First Flush Spring,1839.0,4.72,171,"An exquisite handcrafted darjeeling harvest from the famed terroirs of Darjeeling (Singbulli). Imbued with prominent sensory notes of Floral, Citrus Zest, Pine Wood, this blend exhibits an aroma rating of 9.7/10. Specially curated for calm, focused rituals, it offers potent mental clarity, high antioxidants.",Kolkata Style Kathi Rolls; Traditional Osmania Butter Biscuits; Irani Cafe Bun Maska & Chai,https://images.unsplash.com/photo-1546852199-2d8e8c4aa477?auto=format&fit=crop&w=800&q=80
TEA-IN-0498,Imperial Halmari Single Estate Lot #786 '25,Assam (Sibsagar),Assam,100% High-Grade Assam Whole Leaf & Golden Buds (Camellia Sinensis var. Assamica),Molasses; Caramel; Toasted Grain,5.4,3.6,1.7,2.8,8.8,62,5,5,96,2.5g per 200ml (or 1:1 milk-water for Chai),Digestive Power; High Sustained Energy,Energetic; Uplifted; Motivated,First Flush Spring,662.0,4.46,365,"An exquisite handcrafted assam harvest from the famed terroirs of Assam (Sibsagar). Imbued with prominent sensory notes of Molasses, Caramel, Toasted Grain, this blend exhibits an aroma rating of 8.8/10. Specially curated for energetic, uplifted rituals, it offers potent digestive power, high sustained energy.",Crisp Hot Samosas with Mint & Tamarind Chutney; Crisp Onion & Paneer Pakoras; Warm Cardamom Nankhatai,https://images.unsplash.com/photo-1571934811356-5cc061b6821f?auto=format&fit=crop&w=800&q=80
TEA-IN-0499,Cinnamon Bark & Clove Monsoon Chai Lot #401,Delhi Old Quarter,Masala Chai,"Assam CTC Black Tea, Green Cardamom Pods, Crushed Dry Ginger, Ceylon Cinnamon, Cloves, Black Pepper, Star Anise, Saffron",Cardamom (Elaichi); Ginger (Adrak); Creamy; Sweet Heat; Spicy,5.6,7.3,3.0,8.7,9.3,63,33,6,99,2.5g per 200ml (or 1:1 milk-water for Chai),Anti-inflammatory; Cold & Cough Relief,Energetic; Uplifted; Comforting,Monsoon Special,408.0,4.73,169,"An exquisite handcrafted masala chai harvest from the famed terroirs of Delhi Old Quarter. Imbued with prominent sensory notes of Cardamom (Elaichi), Ginger (Adrak), Creamy, this blend exhibits an aroma rating of 9.3/10. Specially curated for energetic, uplifted rituals, it offers potent anti-inflammatory, cold & cough relief.",Poha with Roasted Peanuts; Crisp Onion & Paneer Pakoras,https://images.unsplash.com/photo-1544787219-7f47ccb76574?auto=format&fit=crop&w=800&q=80
TEA-IN-0500,Rose Petal & Kashmiri Cardamom Kahwa '25,Kashmir (Srinagar Valley),Kashmir Kahwa,"Kashmiri Green Tea Leaves, Pampore Pure Saffron Strands, Green Cardamom, Cinnamon, Crushed Almond Slivers, Dried Rose Petals",Sweet Almond; Floral Honey; Nutty,1.4,7.6,8.1,7.7,9.1,25,1,3,80,2.5g per 200ml (or 1:1 milk-water for Chai),Calming Warmth; Digestive Fire; Skin Glow & Radiance; Immunity Boost,Calm; Relaxed; Meditative; Cozy,First Flush Spring,1066.0,4.52,135,"An exquisite handcrafted kashmir kahwa harvest from the famed terroirs of Kashmir (Srinagar Valley). Imbued with prominent sensory notes of Sweet Almond, Floral Honey, Nutty, this blend exhibits an aroma rating of 9.1/10. Specially curated for calm, relaxed rituals, it offers potent calming warmth, digestive fire.",Gulab Jamun with Rosewater Syrup; Traditional Osmania Butter Biscuits,https://images.unsplash.com/photo-1576092768241-dec231879fc3?auto=format&fit=crop&w=800&q=80
TEA-IN-0501,Coonoor Highland Fragrant Amber Lot #186 '26,Nilgiri (Blue Mountains),Nilgiri,100% High-Elevation Nilgiri Camellia Sinensis,Bright Citrus; Floral; Plum,2.9,7.2,8.9,2.5,8.1,54,3,3,85,2.5g per 200ml (or 1:1 milk-water for Chai),Weight Balance; Gentle Alertness; Antioxidant Rich; Daily Refreshment,Refreshed; Creative; Focused; Uplifted,Second Flush Summer,1152.0,4.86,325,"An exquisite handcrafted nilgiri harvest from the famed terroirs of Nilgiri (Blue Mountains). Imbued with prominent sensory notes of Bright Citrus, Floral, Plum, this blend exhibits an aroma rating of 8.1/10. Specially curated for refreshed, creative rituals, it offers potent weight balance, gentle alertness.",Poha with Roasted Peanuts; Gulab Jamun with Rosewater Syrup; Kashmiri Girda Flatbread with Butter,https://images.unsplash.com/photo-1597481499750-3e6b22637e12?auto=format&fit=crop&w=800&q=80
TEA-IN-0502,Chamomile & Shankhpushpi Deep Sleep Lot #797,Kerala (Western Ghats),Ayurvedic Tisane,"Organic Tulsi (Holy Basil), Ashwagandha Root, Wild Himalayan Turmeric, Brahmi Leaves, Licorice (Mulethi), Fennel Seeds (Saunf), Lemongrass",Sweet Earthy; Herbal; Cooling; Woody; Tulsi Mint,1.4,7.2,4.5,2.2,8.1,0,0,7,100,2.5g per 200ml (or 1:1 milk-water for Chai),Gut Health & Detox; Joint & Anti-inflammatory,Calm; Relaxed; Meditative,First Flush Spring,694.0,4.64,57,"An exquisite handcrafted ayurvedic tisane harvest from the famed terroirs of Kerala (Western Ghats). Imbued with prominent sensory notes of Sweet Earthy, Herbal, Cooling, this blend exhibits an aroma rating of 8.1/10. Specially curated for calm, relaxed rituals, it offers potent gut health & detox, joint & anti-inflammatory.",Kashmiri Girda Flatbread with Butter; Irani Cafe Bun Maska & Chai,https://images.unsplash.com/photo-1597481499750-3e6b22637e12?auto=format&fit=crop&w=800&q=80
TEA-IN-0503,Himalayan Cedar Scented Kangra,Himachal Pradesh (Dharamshala),Kangra Valley,100% Certified GI Tagged Kangra Valley Whole Leaf Tea,Mellow Green; Roasted Corn; Pine Mist; Nutty,1.2,7.8,7.4,1.8,7.6,35,3,4,75,2.5g per 200ml (or 1:1 milk-water for Chai),Antioxidant Shield; Digestive Ease; Peaceful Focus,Calm; Refreshed; Focused; Uplifted,Monsoon Special,842.0,4.44,219,"An exquisite handcrafted kangra valley harvest from the famed terroirs of Himachal Pradesh (Dharamshala). Imbued with prominent sensory notes of Mellow Green, Roasted Corn, Pine Mist, this blend exhibits an aroma rating of 7.6/10. Specially curated for calm, refreshed rituals, it offers potent antioxidant shield, digestive ease.",Kashmiri Girda Flatbread with Butter; Crisp Hot Samosas with Mint & Tamarind Chutney; Traditional Osmania Butter Biscuits,https://images.unsplash.com/photo-1563822249548-9a72b6353cd1?auto=format&fit=crop&w=800&q=80
TEA-IN-0504,Sikkim Green Dragon Spring Leaf Lot #882,"Sikkim (Temi Tea Estate, South Sikkim)",Sikkim Temi,100% Organic Single Estate Temi Leaves,Sweet Floral; Gentle Spice; Peach; Muscatel,1.8,7.1,7.3,2.5,8.1,33,1,4,87,2.5g per 200ml (or 1:1 milk-water for Chai),Pure Organic Nutrition; L-Theanine Serenity; Cardiovascular Support; Skin Vitality,Refreshed; Meditative; Focused; Serene,First Flush Spring,815.0,4.68,426,"An exquisite handcrafted sikkim temi harvest from the famed terroirs of Sikkim (Temi Tea Estate, South Sikkim). Imbued with prominent sensory notes of Sweet Floral, Gentle Spice, Peach, this blend exhibits an aroma rating of 8.1/10. Specially curated for refreshed, meditative rituals, it offers potent pure organic nutrition, l-theanine serenity.",Kashmiri Girda Flatbread with Butter; Kolkata Style Kathi Rolls; Crisp Hot Samosas with Mint & Tamarind Chutney,https://images.unsplash.com/photo-1576092768241-dec231879fc3?auto=format&fit=crop&w=800&q=80
TEA-IN-0505,Autumnal Flush Ruby Harvest,Darjeeling (Margaret's Hope),Darjeeling,100% Hand-Picked Camellia Sinensis Single Estate Darjeeling Leaves,Citrus Zest; Honeysuckle; Apricot,3.2,7.2,9.7,0.7,8.1,35,2,3,80,2.5g per 200ml (or 1:1 milk-water for Chai),Mental Clarity; High Antioxidants; Cellular Protection; Heart Wellness,Calm; Refreshed; Uplifted; Focused,Second Flush Summer,1628.0,4.41,407,"An exquisite handcrafted darjeeling harvest from the famed terroirs of Darjeeling (Margaret's Hope). Imbued with prominent sensory notes of Citrus Zest, Honeysuckle, Apricot, this blend exhibits an aroma rating of 8.1/10. Specially curated for calm, refreshed rituals, it offers potent mental clarity, high antioxidants.",Gulab Jamun with Rosewater Syrup; Crisp Hot Samosas with Mint & Tamarind Chutney,https://images.unsplash.com/photo-1546852199-2d8e8c4aa477?auto=format&fit=crop&w=800&q=80
TEA-IN-0506,Robust Morning Chai Blend Lot #485 '26,Assam (Sibsagar),Assam,100% High-Grade Assam Whole Leaf & Golden Buds (Camellia Sinensis var. Assamica),Bold Body; Molasses; Toasted Grain; Caramel,5.0,4.9,2.8,3.3,8.8,73,3,4,99,2.5g per 200ml (or 1:1 milk-water for Chai),Cardiovascular Support; High Sustained Energy; Metabolic Fire,Energetic; Focused; Cozy,Winter Warmth,857.0,4.96,119,"An exquisite handcrafted assam harvest from the famed terroirs of Assam (Sibsagar). Imbued with prominent sensory notes of Bold Body, Molasses, Toasted Grain, this blend exhibits an aroma rating of 8.8/10. Specially curated for energetic, focused rituals, it offers potent cardiovascular support, high sustained energy.",Shrewsbury Butter Biscuits; Warm Cardamom Nankhatai,https://images.unsplash.com/photo-1544787219-7f47ccb76574?auto=format&fit=crop&w=800&q=80
TEA-IN-0507,Five-Spice Maharaja Special Chai '24,Assam & Kerala Spice Hills,Masala Chai,"Assam CTC Black Tea, Green Cardamom Pods, Crushed Dry Ginger, Ceylon Cinnamon, Cloves, Black Pepper, Star Anise, Saffron",Cinnamon (Dalchini); Cardamom (Elaichi); Sweet Heat,3.9,4.6,3.9,8.5,9.6,68,41,6,100,2.5g per 200ml (or 1:1 milk-water for Chai),Cold & Cough Relief; Anti-inflammatory; Immunity Shield; Instant Warming,Energetic; Uplifted; Cozy; Comforting,Winter Warmth,370.0,4.76,328,"An exquisite handcrafted masala chai harvest from the famed terroirs of Assam & Kerala Spice Hills. Imbued with prominent sensory notes of Cinnamon (Dalchini), Cardamom (Elaichi), Sweet Heat, this blend exhibits an aroma rating of 9.6/10. Specially curated for energetic, uplifted rituals, it offers potent cold & cough relief, anti-inflammatory.",Shrewsbury Butter Biscuits; Kashmiri Girda Flatbread with Butter; Traditional Osmania Butter Biscuits,https://images.unsplash.com/photo-1571934811356-5cc061b6821f?auto=format&fit=crop&w=800&q=80
TEA-IN-0508,Rose Petal & Kashmiri Cardamom Kahwa '24,Kashmir (Gulmarg Hills),Kashmir Kahwa,"Kashmiri Green Tea Leaves, Pampore Pure Saffron Strands, Green Cardamom, Cinnamon, Crushed Almond Slivers, Dried Rose Petals",Delicate Green; Saffron (Kesar); Cinnamon; Sweet Almond; Nutty,2.7,8.9,8.9,7.7,10.0,28,0,3,85,2.5g per 200ml (or 1:1 milk-water for Chai),Digestive Fire; Immunity Boost,Refreshed; Meditative; Cozy; Calm,Winter Warmth,1029.0,4.58,57,"An exquisite handcrafted kashmir kahwa harvest from the famed terroirs of Kashmir (Gulmarg Hills). Imbued with prominent sensory notes of Delicate Green, Saffron (Kesar), Cinnamon, this blend exhibits an aroma rating of 10.0/10. Specially curated for refreshed, meditative rituals, it offers potent digestive fire, immunity boost.",Shrewsbury Butter Biscuits; Spicy Bhakarwadi & Mathri,https://images.unsplash.com/photo-1576092768241-dec231879fc3?auto=format&fit=crop&w=800&q=80
TEA-IN-0509,Nilgiri Frost Tea Winter Pluck Lot #201 '26,Nilgiri (Kotagiri),Nilgiri,100% High-Elevation Nilgiri Camellia Sinensis,Honey; Floral; Light Malt; Plum,3.2,7.9,8.4,1.1,8.5,53,0,4,88,2.5g per 200ml (or 1:1 milk-water for Chai),Antioxidant Rich; Heart Health; Daily Refreshment; Gentle Alertness,Focused; Uplifted,All Season,1287.0,4.6,220,"An exquisite handcrafted nilgiri harvest from the famed terroirs of Nilgiri (Kotagiri). Imbued with prominent sensory notes of Honey, Floral, Light Malt, this blend exhibits an aroma rating of 8.5/10. Specially curated for focused, uplifted rituals, it offers potent antioxidant rich, heart health.",Kashmiri Girda Flatbread with Butter; Crisp Hot Samosas with Mint & Tamarind Chutney,https://images.unsplash.com/photo-1546852199-2d8e8c4aa477?auto=format&fit=crop&w=800&q=80
TEA-IN-0510,Ashwagandha Stress Relief Golden Elixir '25,Kerala (Western Ghats),Ayurvedic Tisane,"Organic Tulsi (Holy Basil), Ashwagandha Root, Wild Himalayan Turmeric, Brahmi Leaves, Licorice (Mulethi), Fennel Seeds (Saunf), Lemongrass",Herbal; Woody; Tulsi Mint; Botanical,1.8,4.3,6.7,5.3,8.2,0,0,5,95,2.5g per 200ml (or 1:1 milk-water for Chai),Cortisol / Stress Reduction; Immunity Fortification,Calm; Soothing; Relaxed; Cozy,First Flush Spring,867.0,4.95,348,"An exquisite handcrafted ayurvedic tisane harvest from the famed terroirs of Kerala (Western Ghats). Imbued with prominent sensory notes of Herbal, Woody, Tulsi Mint, this blend exhibits an aroma rating of 8.2/10. Specially curated for calm, soothing rituals, it offers potent cortisol / stress reduction, immunity fortification.",Poha with Roasted Peanuts; Shrewsbury Butter Biscuits,https://images.unsplash.com/photo-1544787219-7f47ccb76574?auto=format&fit=crop&w=800&q=80
TEA-IN-0511,Wild Herb Infused Kangra Tea,Himachal Pradesh (Kangra Valley),Kangra Valley,100% Certified GI Tagged Kangra Valley Whole Leaf Tea,Mellow Green; Floral; Roasted Corn,2.6,6.2,8.1,1.2,8.2,32,0,4,82,2.5g per 200ml (or 1:1 milk-water for Chai),Peaceful Focus; Digestive Ease; High Polyphenols; Antioxidant Shield,Calm; Refreshed; Focused; Meditative,All Season,1193.0,4.35,418,"An exquisite handcrafted kangra valley harvest from the famed terroirs of Himachal Pradesh (Kangra Valley). Imbued with prominent sensory notes of Mellow Green, Floral, Roasted Corn, this blend exhibits an aroma rating of 8.2/10. Specially curated for calm, refreshed rituals, it offers potent peaceful focus, digestive ease.",Dhokla with Green Chilies; Crisp Hot Samosas with Mint & Tamarind Chutney; Irani Cafe Bun Maska & Chai,https://images.unsplash.com/photo-1563822249548-9a72b6353cd1?auto=format&fit=crop&w=800&q=80
TEA-IN-0512,Temi Estate 100% Organic First Flush Lot #791,Sikkim (Ravangla Highlands),Sikkim Temi,100% Organic Single Estate Temi Leaves,Muscatel; Honeyed Wood; Peach,1.6,6.5,7.0,1.5,9.4,49,2,4,90,2.5g per 200ml (or 1:1 milk-water for Chai),L-Theanine Serenity; Skin Vitality,Calm; Meditative,Monsoon Special,544.0,4.41,214,"An exquisite handcrafted sikkim temi harvest from the famed terroirs of Sikkim (Ravangla Highlands). Imbued with prominent sensory notes of Muscatel, Honeyed Wood, Peach, this blend exhibits an aroma rating of 9.4/10. Specially curated for calm, meditative rituals, it offers potent l-theanine serenity, skin vitality.",Poha with Roasted Peanuts; Irani Cafe Bun Maska & Chai,https://images.unsplash.com/photo-1546852199-2d8e8c4aa477?auto=format&fit=crop&w=800&q=80
TEA-IN-0513,Autumnal Flush Ruby Harvest Lot #945,Darjeeling (Singbulli),Darjeeling,100% Hand-Picked Camellia Sinensis Single Estate Darjeeling Leaves,Honey; Honeysuckle; Pine Wood; Green Apple; Muscatel,3.2,5.5,8.5,1.4,8.7,33,1,4,81,2.5g per 200ml (or 1:1 milk-water for Chai),Mental Clarity; High Antioxidants; Gentle Vitality; Heart Wellness,Refreshed; Meditative; Calm,First Flush Spring,1386.0,4.76,445,"An exquisite handcrafted darjeeling harvest from the famed terroirs of Darjeeling (Singbulli). Imbued with prominent sensory notes of Honey, Honeysuckle, Pine Wood, this blend exhibits an aroma rating of 8.7/10. Specially curated for refreshed, meditative rituals, it offers potent mental clarity, high antioxidants.",Kashmiri Girda Flatbread with Butter; Warm Cardamom Nankhatai; Crisp Hot Samosas with Mint & Tamarind Chutney,https://images.unsplash.com/photo-1576092768241-dec231879fc3?auto=format&fit=crop&w=800&q=80
TEA-IN-0514,Robust Morning Chai Blend Lot #246 '26,Assam (Golaghat),Assam,100% High-Grade Assam Whole Leaf & Golden Buds (Camellia Sinensis var. Assamica),Bold Body; Caramel; Woody; Malty; Dark Cocoa,6.8,5.3,1.5,2.1,7.0,55,0,5,99,2.5g per 200ml (or 1:1 milk-water for Chai),Digestive Power; Immune Strength; Cardiovascular Support; Metabolic Fire,Energetic; Motivated; Cozy; Focused,Monsoon Special,1063.0,4.42,368,"An exquisite handcrafted assam harvest from the famed terroirs of Assam (Golaghat). Imbued with prominent sensory notes of Bold Body, Caramel, Woody, this blend exhibits an aroma rating of 7.0/10. Specially curated for energetic, motivated rituals, it offers potent digestive power, immune strength.",Shrewsbury Butter Biscuits; Traditional Osmania Butter Biscuits,https://images.unsplash.com/photo-1571934811356-5cc061b6821f?auto=format&fit=crop&w=800&q=80
TEA-IN-0515,Dhaba Style Kulhad Strong Chai,Assam & Kerala Spice Hills,Masala Chai,"Assam CTC Black Tea, Green Cardamom Pods, Crushed Dry Ginger, Ceylon Cinnamon, Cloves, Black Pepper, Star Anise, Saffron",Spicy; Cinnamon (Dalchini); Sweet Heat; Peppery,4.3,7.3,2.5,9.3,9.5,59,40,6,95,2.5g per 200ml (or 1:1 milk-water for Chai),Digestive Comfort; Anti-inflammatory; Instant Warming,Energetic; Cozy,First Flush Spring,295.0,4.87,112,"An exquisite handcrafted masala chai harvest from the famed terroirs of Assam & Kerala Spice Hills. Imbued with prominent sensory notes of Spicy, Cinnamon (Dalchini), Sweet Heat, this blend exhibits an aroma rating of 9.5/10. Specially curated for energetic, cozy rituals, it offers potent digestive comfort, anti-inflammatory.",Shrewsbury Butter Biscuits; Spicy Bhakarwadi & Mathri,https://images.unsplash.com/photo-1544787219-7f47ccb76574?auto=format&fit=crop&w=800&q=80
TEA-IN-0516,Gulmarg Winter Spice Kahwa Lot #189 '26,Kashmir (Pampore Saffron Fields),Kashmir Kahwa,"Kashmiri Green Tea Leaves, Pampore Pure Saffron Strands, Green Cardamom, Cinnamon, Crushed Almond Slivers, Dried Rose Petals",Nutty; Floral Honey; Saffron (Kesar),2.7,7.1,8.7,6.6,9.4,16,2,4,84,2.5g per 200ml (or 1:1 milk-water for Chai),Digestive Fire; Stress Relief; Skin Glow & Radiance; Immunity Boost,Calm; Refreshed; Cozy,Winter Warmth,1581.0,4.48,240,"An exquisite handcrafted kashmir kahwa harvest from the famed terroirs of Kashmir (Pampore Saffron Fields). Imbued with prominent sensory notes of Nutty, Floral Honey, Saffron (Kesar), this blend exhibits an aroma rating of 9.4/10. Specially curated for calm, refreshed rituals, it offers potent digestive fire, stress relief.",Dhokla with Green Chilies; Shrewsbury Butter Biscuits,https://images.unsplash.com/photo-1563822249548-9a72b6353cd1?auto=format&fit=crop&w=800&q=80
TEA-IN-0517,Nilgiri Frost Tea Winter Pluck '25,Nilgiri (Coonoor),Nilgiri,100% High-Elevation Nilgiri Camellia Sinensis,Crisp Fruit; Floral; Light Malt; Plum,3.0,8.4,8.1,1.0,9.3,43,5,4,93,2.5g per 200ml (or 1:1 milk-water for Chai),Daily Refreshment; Heart Health; Antioxidant Rich; Gentle Alertness,Calm; Creative; Uplifted,Monsoon Special,742.0,4.42,298,"An exquisite handcrafted nilgiri harvest from the famed terroirs of Nilgiri (Coonoor). Imbued with prominent sensory notes of Crisp Fruit, Floral, Light Malt, this blend exhibits an aroma rating of 9.3/10. Specially curated for calm, creative rituals, it offers potent daily refreshment, heart health.",Poha with Roasted Peanuts; Gulab Jamun with Rosewater Syrup; Crisp Hot Samosas with Mint & Tamarind Chutney,https://images.unsplash.com/photo-1546852199-2d8e8c4aa477?auto=format&fit=crop&w=800&q=80
TEA-IN-0518,Giloy & Tulsi Monsoon Kadha Herbal Lot #653 '26,Uttarakhand Sacred Valleys,Ayurvedic Tisane,"Organic Tulsi (Holy Basil), Ashwagandha Root, Wild Himalayan Turmeric, Brahmi Leaves, Licorice (Mulethi), Fennel Seeds (Saunf), Lemongrass",Warm Ginger; Cooling; Woody; Fennel Sweetness,1.0,7.7,5.8,3.5,7.7,0,5,7,100,2.5g per 200ml (or 1:1 milk-water for Chai),Immunity Fortification; Joint & Anti-inflammatory; Deep Restful Sleep,Soothing; Relaxed; Meditative; Cozy,Winter Warmth,427.0,4.98,39,"An exquisite handcrafted ayurvedic tisane harvest from the famed terroirs of Uttarakhand Sacred Valleys. Imbued with prominent sensory notes of Warm Ginger, Cooling, Woody, this blend exhibits an aroma rating of 7.7/10. Specially curated for soothing, relaxed rituals, it offers potent immunity fortification, joint & anti-inflammatory.",Shrewsbury Butter Biscuits; Crisp Onion & Paneer Pakoras,https://images.unsplash.com/photo-1544787219-7f47ccb76574?auto=format&fit=crop&w=800&q=80
TEA-IN-0519,Wild Herb Infused Kangra Tea '26,Himachal Pradesh (Palampur),Kangra Valley,100% Certified GI Tagged Kangra Valley Whole Leaf Tea,Floral; Roasted Corn; Pine Mist; Nutty; Mellow Green,2.6,6.1,5.2,0.9,7.1,42,2,3,81,2.5g per 200ml (or 1:1 milk-water for Chai),Digestive Ease; High Polyphenols,Refreshed; Uplifted; Meditative,First Flush Spring,1194.0,4.57,323,"An exquisite handcrafted kangra valley harvest from the famed terroirs of Himachal Pradesh (Palampur). Imbued with prominent sensory notes of Floral, Roasted Corn, Pine Mist, this blend exhibits an aroma rating of 7.1/10. Specially curated for refreshed, uplifted rituals, it offers potent digestive ease, high polyphenols.",Poha with Roasted Peanuts; Crisp Onion & Paneer Pakoras; Warm Cardamom Nankhatai,https://images.unsplash.com/photo-1563822249548-9a72b6353cd1?auto=format&fit=crop&w=800&q=80
TEA-IN-0520,Kanchenjunga Mist Golden Tips '25,"Sikkim (Temi Tea Estate, South Sikkim)",Sikkim Temi,100% Organic Single Estate Temi Leaves,Sweet Floral; Honeyed Wood; Caramel; Muscatel; Gentle Spice,1.9,6.6,8.9,2.4,9.1,46,3,3,86,2.5g per 200ml (or 1:1 milk-water for Chai),Cardiovascular Support; Pure Organic Nutrition; L-Theanine Serenity,Refreshed; Serene,First Flush Spring,1612.0,4.42,321,"An exquisite handcrafted sikkim temi harvest from the famed terroirs of Sikkim (Temi Tea Estate, South Sikkim). Imbued with prominent sensory notes of Sweet Floral, Honeyed Wood, Caramel, this blend exhibits an aroma rating of 9.1/10. Specially curated for refreshed, serene rituals, it offers potent cardiovascular support, pure organic nutrition.",Spicy Bhakarwadi & Mathri; Crisp Onion & Paneer Pakoras; Irani Cafe Bun Maska & Chai,https://images.unsplash.com/photo-1546852199-2d8e8c4aa477?auto=format&fit=crop&w=800&q=80
TEA-IN-0521,Autumnal Flush Ruby Harvest Lot #901 '24,Darjeeling (Margaret's Hope),Darjeeling,100% Hand-Picked Camellia Sinensis Single Estate Darjeeling Leaves,Honey; Honeysuckle; Green Apple; Pine Wood,2.1,9.0,8.5,1.3,8.8,39,5,4,88,2.5g per 200ml (or 1:1 milk-water for Chai),Mental Clarity; Cellular Protection,Refreshed; Uplifted; Calm,All Season,1703.0,4.9,282,"An exquisite handcrafted darjeeling harvest from the famed terroirs of Darjeeling (Margaret's Hope). Imbued with prominent sensory notes of Honey, Honeysuckle, Green Apple, this blend exhibits an aroma rating of 8.8/10. Specially curated for refreshed, uplifted rituals, it offers potent mental clarity, cellular protection.",Traditional Osmania Butter Biscuits; Warm Cardamom Nankhatai,https://images.unsplash.com/photo-1546852199-2d8e8c4aa477?auto=format&fit=crop&w=800&q=80
TEA-IN-0522,Malty Breakfast Kadak CTC Lot #714,Assam (Upper Brahmaputra Valley),Assam,100% High-Grade Assam Whole Leaf & Golden Buds (Camellia Sinensis var. Assamica),Dark Cocoa; Toasted Grain; Honey; Caramel,4.2,4.8,3.1,3.2,7.7,51,2,4,98,2.5g per 200ml (or 1:1 milk-water for Chai),Cardiovascular Support; Immune Strength,Energetic; Focused,First Flush Spring,1036.0,4.62,288,"An exquisite handcrafted assam harvest from the famed terroirs of Assam (Upper Brahmaputra Valley). Imbued with prominent sensory notes of Dark Cocoa, Toasted Grain, Honey, this blend exhibits an aroma rating of 7.7/10. Specially curated for energetic, focused rituals, it offers potent cardiovascular support, immune strength.",Dhokla with Green Chilies; Crisp Onion & Paneer Pakoras,https://images.unsplash.com/photo-1544787219-7f47ccb76574?auto=format&fit=crop&w=800&q=80
TEA-IN-0523,Five-Spice Maharaja Special Chai Lot #425,Rajasthan Royal Palace,Masala Chai,"Assam CTC Black Tea, Green Cardamom Pods, Crushed Dry Ginger, Ceylon Cinnamon, Cloves, Black Pepper, Star Anise, Saffron",Cinnamon (Dalchini); Clove (Laung); Sweet Heat,5.9,5.2,3.5,9.2,9.6,43,20,4,97,2.5g per 200ml (or 1:1 milk-water for Chai),Cold & Cough Relief; Digestive Comfort; Immunity Shield; Instant Warming,Refreshed; Uplifted; Cozy; Comforting,Winter Warmth,556.0,4.82,225,"An exquisite handcrafted masala chai harvest from the famed terroirs of Rajasthan Royal Palace. Imbued with prominent sensory notes of Cinnamon (Dalchini), Clove (Laung), Sweet Heat, this blend exhibits an aroma rating of 9.6/10. Specially curated for refreshed, uplifted rituals, it offers potent cold & cough relief, digestive comfort.",Shrewsbury Butter Biscuits; Traditional Osmania Butter Biscuits; Irani Cafe Bun Maska & Chai,https://images.unsplash.com/photo-1544787219-7f47ccb76574?auto=format&fit=crop&w=800&q=80
TEA-IN-0524,Traditional Samovar Cinnamon Kahwa Lot #929 '25,Kashmir (Pampore Saffron Fields),Kashmir Kahwa,"Kashmiri Green Tea Leaves, Pampore Pure Saffron Strands, Green Cardamom, Cinnamon, Crushed Almond Slivers, Dried Rose Petals",Cardamom; Sweet Almond; Cinnamon,1.1,7.0,8.7,6.5,9.8,21,3,4,82,2.5g per 200ml (or 1:1 milk-water for Chai),Calming Warmth; Stress Relief; Digestive Fire; Immunity Boost,Calm; Refreshed; Meditative; Cozy,Second Flush Summer,1840.0,4.92,62,"An exquisite handcrafted kashmir kahwa harvest from the famed terroirs of Kashmir (Pampore Saffron Fields). Imbued with prominent sensory notes of Cardamom, Sweet Almond, Cinnamon, this blend exhibits an aroma rating of 9.8/10. Specially curated for calm, refreshed rituals, it offers potent calming warmth, stress relief.",Shrewsbury Butter Biscuits; Kashmiri Girda Flatbread with Butter; Irani Cafe Bun Maska & Chai,https://images.unsplash.com/photo-1563822249548-9a72b6353cd1?auto=format&fit=crop&w=800&q=80
TEA-IN-0525,Glendale High-Grown Special '24,Nilgiri (Blue Mountains),Nilgiri,100% High-Elevation Nilgiri Camellia Sinensis,Crisp Fruit; Sweet Melon; Plum,1.1,8.0,7.1,1.0,9.0,39,1,3,95,2.5g per 200ml (or 1:1 milk-water for Chai),Weight Balance; Antioxidant Rich,Calm; Refreshed; Uplifted,Autumnal Harvest,961.0,4.42,71,"An exquisite handcrafted nilgiri harvest from the famed terroirs of Nilgiri (Blue Mountains). Imbued with prominent sensory notes of Crisp Fruit, Sweet Melon, Plum, this blend exhibits an aroma rating of 9.0/10. Specially curated for calm, refreshed rituals, it offers potent weight balance, antioxidant rich.",Poha with Roasted Peanuts; Kashmiri Girda Flatbread with Butter,https://images.unsplash.com/photo-1546852199-2d8e8c4aa477?auto=format&fit=crop&w=800&q=80
TEA-IN-0526,Moringa & Lemongrass Detox Flush Lot #638 '25,Madhya Pradesh Herbal Forests,Ayurvedic Tisane,"Organic Tulsi (Holy Basil), Ashwagandha Root, Wild Himalayan Turmeric, Brahmi Leaves, Licorice (Mulethi), Fennel Seeds (Saunf), Lemongrass",Warm Ginger; Sweet Earthy; Cooling; Botanical; Tulsi Mint,2.0,8.0,6.0,4.0,9.2,0,1,6,98,2.5g per 200ml (or 1:1 milk-water for Chai),Cortisol / Stress Reduction; Gut Health & Detox; Joint & Anti-inflammatory; Deep Restful Sleep,Calm; Soothing; Relaxed,Monsoon Special,779.0,4.43,52,"An exquisite handcrafted ayurvedic tisane harvest from the famed terroirs of Madhya Pradesh Herbal Forests. Imbued with prominent sensory notes of Warm Ginger, Sweet Earthy, Cooling, this blend exhibits an aroma rating of 9.2/10. Specially curated for calm, soothing rituals, it offers potent cortisol / stress reduction, gut health & detox.",Shrewsbury Butter Biscuits; Irani Cafe Bun Maska & Chai,https://images.unsplash.com/photo-1597481499750-3e6b22637e12?auto=format&fit=crop&w=800&q=80
TEA-IN-0527,Palampur Orthodox Spring Gold '24,Himachal Pradesh (Palampur),Kangra Valley,100% Certified GI Tagged Kangra Valley Whole Leaf Tea,Floral; Roasted Corn; Sweet Vegetal,2.6,7.1,5.2,1.6,8.8,35,3,3,82,2.5g per 200ml (or 1:1 milk-water for Chai),Digestive Ease; High Polyphenols; Peaceful Focus,Refreshed; Uplifted; Focused,Autumnal Harvest,794.0,4.48,205,"An exquisite handcrafted kangra valley harvest from the famed terroirs of Himachal Pradesh (Palampur). Imbued with prominent sensory notes of Floral, Roasted Corn, Sweet Vegetal, this blend exhibits an aroma rating of 8.8/10. Specially curated for refreshed, uplifted rituals, it offers potent digestive ease, high polyphenols.",Kashmiri Girda Flatbread with Butter; Crisp Onion & Paneer Pakoras; Irani Cafe Bun Maska & Chai,https://images.unsplash.com/photo-1563822249548-9a72b6353cd1?auto=format&fit=crop&w=800&q=80
TEA-IN-0528,High Altitude Cloud Pluck Temi Red '24,"Sikkim (Temi Tea Estate, South Sikkim)",Sikkim Temi,100% Organic Single Estate Temi Leaves,Sweet Floral; Peach; Muscatel,2.2,7.5,7.8,2.6,9.0,39,5,3,90,2.5g per 200ml (or 1:1 milk-water for Chai),Pure Organic Nutrition; L-Theanine Serenity; Cardiovascular Support; Skin Vitality,Meditative; Focused,Winter Warmth,1236.0,4.96,448,"An exquisite handcrafted sikkim temi harvest from the famed terroirs of Sikkim (Temi Tea Estate, South Sikkim). Imbued with prominent sensory notes of Sweet Floral, Peach, Muscatel, this blend exhibits an aroma rating of 9.0/10. Specially curated for meditative, focused rituals, it offers potent pure organic nutrition, l-theanine serenity.",Gulab Jamun with Rosewater Syrup; Traditional Osmania Butter Biscuits,https://images.unsplash.com/photo-1546852199-2d8e8c4aa477?auto=format&fit=crop&w=800&q=80
TEA-IN-0529,Vintage Muscatel Wonder,Darjeeling (Castle Castleton),Darjeeling,100% Hand-Picked Camellia Sinensis Single Estate Darjeeling Leaves,Honey; Apricot; Floral; Pine Wood,2.9,7.5,9.2,1.8,9.9,48,2,3,90,2.5g per 200ml (or 1:1 milk-water for Chai),Mental Clarity; Heart Wellness,Refreshed; Calm; Focused; Uplifted,Autumnal Harvest,776.0,4.79,257,"An exquisite handcrafted darjeeling harvest from the famed terroirs of Darjeeling (Castle Castleton). Imbued with prominent sensory notes of Honey, Apricot, Floral, this blend exhibits an aroma rating of 9.9/10. Specially curated for refreshed, calm rituals, it offers potent mental clarity, heart wellness.",Poha with Roasted Peanuts; Shrewsbury Butter Biscuits; Warm Cardamom Nankhatai,https://images.unsplash.com/photo-1546852199-2d8e8c4aa477?auto=format&fit=crop&w=800&q=80
TEA-IN-0530,Dark Mahogany Malt Reserve,Assam (Jorhat),Assam,100% High-Grade Assam Whole Leaf & Golden Buds (Camellia Sinensis var. Assamica),Dark Cocoa; Bold Body; Molasses; Malty,4.9,3.1,2.0,4.1,8.4,83,3,4,96,2.5g per 200ml (or 1:1 milk-water for Chai),Digestive Power; High Sustained Energy,Energetic; Uplifted,Autumnal Harvest,984.0,4.92,388,"An exquisite handcrafted assam harvest from the famed terroirs of Assam (Jorhat). Imbued with prominent sensory notes of Dark Cocoa, Bold Body, Molasses, this blend exhibits an aroma rating of 8.4/10. Specially curated for energetic, uplifted rituals, it offers potent digestive power, high sustained energy.",Poha with Roasted Peanuts; Dhokla with Green Chilies,https://images.unsplash.com/photo-1544787219-7f47ccb76574?auto=format&fit=crop&w=800&q=80
TEA-IN-0531,Five-Spice Maharaja Special Chai Lot #938,Rajasthan Royal Palace,Masala Chai,"Assam CTC Black Tea, Green Cardamom Pods, Crushed Dry Ginger, Ceylon Cinnamon, Cloves, Black Pepper, Star Anise, Saffron",Clove (Laung); Cardamom (Elaichi); Spicy; Peppery,4.7,6.5,3.7,8.1,9.1,64,21,4,97,2.5g per 200ml (or 1:1 milk-water for Chai),Digestive Comfort; Immunity Shield,Refreshed; Energetic; Uplifted; Comforting,All Season,532.0,4.43,346,"An exquisite handcrafted masala chai harvest from the famed terroirs of Rajasthan Royal Palace. Imbued with prominent sensory notes of Clove (Laung), Cardamom (Elaichi), Spicy, this blend exhibits an aroma rating of 9.1/10. Specially curated for refreshed, energetic rituals, it offers potent digestive comfort, immunity shield.",Poha with Roasted Peanuts; Crisp Onion & Paneer Pakoras; Traditional Osmania Butter Biscuits,https://images.unsplash.com/photo-1571934811356-5cc061b6821f?auto=format&fit=crop&w=800&q=80
TEA-IN-0532,Royal Kashmiri Saffron Almond Kahwa,Kashmir (Srinagar Valley),Kashmir Kahwa,"Kashmiri Green Tea Leaves, Pampore Pure Saffron Strands, Green Cardamom, Cinnamon, Crushed Almond Slivers, Dried Rose Petals",Delicate Green; Cardamom; Floral Honey; Saffron (Kesar),1.6,8.8,8.3,7.4,9.9,23,0,4,80,2.5g per 200ml (or 1:1 milk-water for Chai),Calming Warmth; Stress Relief,Calm; Refreshed; Meditative; Relaxed,Autumnal Harvest,887.0,4.89,281,"An exquisite handcrafted kashmir kahwa harvest from the famed terroirs of Kashmir (Srinagar Valley). Imbued with prominent sensory notes of Delicate Green, Cardamom, Floral Honey, this blend exhibits an aroma rating of 9.9/10. Specially curated for calm, refreshed rituals, it offers potent calming warmth, stress relief.",Traditional Osmania Butter Biscuits; Warm Cardamom Nankhatai,https://images.unsplash.com/photo-1576092768241-dec231879fc3?auto=format&fit=crop&w=800&q=80
TEA-IN-0533,Nilgiri Frost Tea Winter Pluck Lot #691,Nilgiri (Coonoor),Nilgiri,100% High-Elevation Nilgiri Camellia Sinensis,Bright Citrus; Floral; Sweet Melon,2.2,6.5,7.8,0.7,9.5,37,0,3,87,2.5g per 200ml (or 1:1 milk-water for Chai),Weight Balance; Heart Health; Antioxidant Rich; Gentle Alertness,Refreshed; Creative,Autumnal Harvest,464.0,4.92,41,"An exquisite handcrafted nilgiri harvest from the famed terroirs of Nilgiri (Coonoor). Imbued with prominent sensory notes of Bright Citrus, Floral, Sweet Melon, this blend exhibits an aroma rating of 9.5/10. Specially curated for refreshed, creative rituals, it offers potent weight balance, heart health.",Spicy Bhakarwadi & Mathri; Kolkata Style Kathi Rolls,https://images.unsplash.com/photo-1597481499750-3e6b22637e12?auto=format&fit=crop&w=800&q=80
TEA-IN-0534,"Sacred Tulsi Trio (Rama, Krishna, Vana)",Uttarakhand Sacred Valleys,Ayurvedic Tisane,"Organic Tulsi (Holy Basil), Ashwagandha Root, Wild Himalayan Turmeric, Brahmi Leaves, Licorice (Mulethi), Fennel Seeds (Saunf), Lemongrass",Warm Ginger; Sweet Earthy; Fennel Sweetness; Cooling; Tulsi Mint,2.4,6.1,5.8,3.0,9.4,0,1,5,97,2.5g per 200ml (or 1:1 milk-water for Chai),Cortisol / Stress Reduction; Gut Health & Detox; Immunity Fortification; Deep Restful Sleep,Calm; Relaxed; Meditative; Cozy,Monsoon Special,813.0,4.76,340,"An exquisite handcrafted ayurvedic tisane harvest from the famed terroirs of Uttarakhand Sacred Valleys. Imbued with prominent sensory notes of Warm Ginger, Sweet Earthy, Fennel Sweetness, this blend exhibits an aroma rating of 9.4/10. Specially curated for calm, relaxed rituals, it offers potent cortisol / stress reduction, gut health & detox.",Kolkata Style Kathi Rolls; Warm Cardamom Nankhatai,https://images.unsplash.com/photo-1597481499750-3e6b22637e12?auto=format&fit=crop&w=800&q=80
TEA-IN-0535,Dharamshala Mountain Dew Green Lot #435 '24,Himachal Pradesh (Kangra Valley),Kangra Valley,100% Certified GI Tagged Kangra Valley Whole Leaf Tea,Mellow Green; Sweet Vegetal; Nutty,2.5,6.4,5.1,1.7,7.4,41,2,4,81,2.5g per 200ml (or 1:1 milk-water for Chai),High Polyphenols; Digestive Ease; Metabolic Balance; Antioxidant Shield,Focused; Meditative,First Flush Spring,760.0,4.54,187,"An exquisite handcrafted kangra valley harvest from the famed terroirs of Himachal Pradesh (Kangra Valley). Imbued with prominent sensory notes of Mellow Green, Sweet Vegetal, Nutty, this blend exhibits an aroma rating of 7.4/10. Specially curated for focused, meditative rituals, it offers potent high polyphenols, digestive ease.",Kolkata Style Kathi Rolls; Warm Cardamom Nankhatai; Irani Cafe Bun Maska & Chai,https://images.unsplash.com/photo-1563822249548-9a72b6353cd1?auto=format&fit=crop&w=800&q=80
TEA-IN-0536,High Altitude Cloud Pluck Temi Red Lot #234,Sikkim (Ravangla Highlands),Sikkim Temi,100% Organic Single Estate Temi Leaves,Muscatel; Gentle Spice; Peach; Sweet Floral,1.6,8.4,8.7,2.6,8.0,49,0,4,85,2.5g per 200ml (or 1:1 milk-water for Chai),Pure Organic Nutrition; L-Theanine Serenity; Cardiovascular Support; Skin Vitality,Calm; Meditative; Focused; Serene,Autumnal Harvest,724.0,4.39,164,"An exquisite handcrafted sikkim temi harvest from the famed terroirs of Sikkim (Ravangla Highlands). Imbued with prominent sensory notes of Muscatel, Gentle Spice, Peach, this blend exhibits an aroma rating of 8.0/10. Specially curated for calm, meditative rituals, it offers potent pure organic nutrition, l-theanine serenity.",Dhokla with Green Chilies; Spicy Bhakarwadi & Mathri; Crisp Hot Samosas with Mint & Tamarind Chutney,https://images.unsplash.com/photo-1546852199-2d8e8c4aa477?auto=format&fit=crop&w=800&q=80
TEA-IN-0537,Vintage Muscatel Wonder '26,Darjeeling (Margaret's Hope),Darjeeling,100% Hand-Picked Camellia Sinensis Single Estate Darjeeling Leaves,Honeysuckle; Apricot; Green Apple; Pine Wood,3.1,5.0,9.1,1.8,8.1,31,0,4,86,2.5g per 200ml (or 1:1 milk-water for Chai),Mental Clarity; High Antioxidants; Gentle Vitality; Heart Wellness,Refreshed; Meditative; Calm,Monsoon Special,803.0,4.85,256,"An exquisite handcrafted darjeeling harvest from the famed terroirs of Darjeeling (Margaret's Hope). Imbued with prominent sensory notes of Honeysuckle, Apricot, Green Apple, this blend exhibits an aroma rating of 8.1/10. Specially curated for refreshed, meditative rituals, it offers potent mental clarity, high antioxidants.",Gulab Jamun with Rosewater Syrup; Warm Cardamom Nankhatai,https://images.unsplash.com/photo-1594631252845-29fc4cc8cde9?auto=format&fit=crop&w=800&q=80
TEA-IN-0538,Golden Tips Extra Special Orthodox,Assam (Upper Brahmaputra Valley),Assam,100% High-Grade Assam Whole Leaf & Golden Buds (Camellia Sinensis var. Assamica),Honey; Malty; Caramel; Toasted Grain,4.4,5.7,1.4,2.1,9.0,75,3,4,95,2.5g per 200ml (or 1:1 milk-water for Chai),Digestive Power; High Sustained Energy,Energetic; Uplifted; Cozy; Focused,Monsoon Special,1081.0,4.37,195,"An exquisite handcrafted assam harvest from the famed terroirs of Assam (Upper Brahmaputra Valley). Imbued with prominent sensory notes of Honey, Malty, Caramel, this blend exhibits an aroma rating of 9.0/10. Specially curated for energetic, uplifted rituals, it offers potent digestive power, high sustained energy.",Dhokla with Green Chilies; Kolkata Style Kathi Rolls; Irani Cafe Bun Maska & Chai,https://images.unsplash.com/photo-1514733670139-4d87a1941d55?auto=format&fit=crop&w=800&q=80
TEA-IN-0539,Authentic Mumbai Cutting Masala Chai,Rajasthan Royal Palace,Masala Chai,"Assam CTC Black Tea, Green Cardamom Pods, Crushed Dry Ginger, Ceylon Cinnamon, Cloves, Black Pepper, Star Anise, Saffron",Cinnamon (Dalchini); Cardamom (Elaichi); Sweet Heat; Ginger (Adrak),4.2,4.5,1.2,9.3,9.3,69,33,5,99,2.5g per 200ml (or 1:1 milk-water for Chai),Anti-inflammatory; Immunity Shield,Uplifted; Cozy,Winter Warmth,621.0,4.6,380,"An exquisite handcrafted masala chai harvest from the famed terroirs of Rajasthan Royal Palace. Imbued with prominent sensory notes of Cinnamon (Dalchini), Cardamom (Elaichi), Sweet Heat, this blend exhibits an aroma rating of 9.3/10. Specially curated for uplifted, cozy rituals, it offers potent anti-inflammatory, immunity shield.",Shrewsbury Butter Biscuits; Crisp Onion & Paneer Pakoras,https://images.unsplash.com/photo-1571934811356-5cc061b6821f?auto=format&fit=crop&w=800&q=80
TEA-IN-0540,Himalayan Crushed Walnut & Kahwa Blend,Kashmir (Pampore Saffron Fields),Kashmir Kahwa,"Kashmiri Green Tea Leaves, Pampore Pure Saffron Strands, Green Cardamom, Cinnamon, Crushed Almond Slivers, Dried Rose Petals",Cardamom; Sweet Almond; Cinnamon; Saffron (Kesar),1.0,6.6,8.3,7.6,9.2,21,3,4,83,2.5g per 200ml (or 1:1 milk-water for Chai),Calming Warmth; Digestive Fire; Stress Relief; Skin Glow & Radiance,Calm; Relaxed,Monsoon Special,934.0,4.52,321,"An exquisite handcrafted kashmir kahwa harvest from the famed terroirs of Kashmir (Pampore Saffron Fields). Imbued with prominent sensory notes of Cardamom, Sweet Almond, Cinnamon, this blend exhibits an aroma rating of 9.2/10. Specially curated for calm, relaxed rituals, it offers potent calming warmth, digestive fire.",Poha with Roasted Peanuts; Kashmiri Girda Flatbread with Butter; Spicy Bhakarwadi & Mathri,https://images.unsplash.com/photo-1576092768241-dec231879fc3?auto=format&fit=crop&w=800&q=80
TEA-IN-0541,Blue Mountain Aromatic Orthdox,Nilgiri (Blue Mountains),Nilgiri,100% High-Elevation Nilgiri Camellia Sinensis,Floral; Sweet Melon; Bright Citrus; Crisp Fruit; Plum,2.7,6.3,6.8,0.5,9.0,46,4,3,94,2.5g per 200ml (or 1:1 milk-water for Chai),Antioxidant Rich; Daily Refreshment,Refreshed; Calm,All Season,1263.0,4.86,222,"An exquisite handcrafted nilgiri harvest from the famed terroirs of Nilgiri (Blue Mountains). Imbued with prominent sensory notes of Floral, Sweet Melon, Bright Citrus, this blend exhibits an aroma rating of 9.0/10. Specially curated for refreshed, calm rituals, it offers potent antioxidant rich, daily refreshment.",Dhokla with Green Chilies; Warm Cardamom Nankhatai,https://images.unsplash.com/photo-1546852199-2d8e8c4aa477?auto=format&fit=crop&w=800&q=80
TEA-IN-0542,Brahmi & Shankhpushpi Memory Tonic,Kerala (Western Ghats),Ayurvedic Tisane,"Organic Tulsi (Holy Basil), Ashwagandha Root, Wild Himalayan Turmeric, Brahmi Leaves, Licorice (Mulethi), Fennel Seeds (Saunf), Lemongrass",Cooling; Herbal; Tulsi Mint,2.2,7.3,5.5,4.2,8.1,0,3,5,96,2.5g per 200ml (or 1:1 milk-water for Chai),Cortisol / Stress Reduction; Gut Health & Detox; Immunity Fortification,Calm; Soothing,All Season,684.0,4.5,311,"An exquisite handcrafted ayurvedic tisane harvest from the famed terroirs of Kerala (Western Ghats). Imbued with prominent sensory notes of Cooling, Herbal, Tulsi Mint, this blend exhibits an aroma rating of 8.1/10. Specially curated for calm, soothing rituals, it offers potent cortisol / stress reduction, gut health & detox.",Shrewsbury Butter Biscuits; Traditional Osmania Butter Biscuits; Irani Cafe Bun Maska & Chai,https://images.unsplash.com/photo-1597481499750-3e6b22637e12?auto=format&fit=crop&w=800&q=80
TEA-IN-0543,Snow Mist Kangra First Flush Lot #169 '25,Himachal Pradesh (Dharamshala),Kangra Valley,100% Certified GI Tagged Kangra Valley Whole Leaf Tea,Mellow Green; Floral; Nutty,1.4,6.6,8.5,1.5,7.1,34,4,3,83,2.5g per 200ml (or 1:1 milk-water for Chai),Digestive Ease; High Polyphenols,Refreshed; Calm; Focused; Uplifted,All Season,1038.0,4.69,324,"An exquisite handcrafted kangra valley harvest from the famed terroirs of Himachal Pradesh (Dharamshala). Imbued with prominent sensory notes of Mellow Green, Floral, Nutty, this blend exhibits an aroma rating of 7.1/10. Specially curated for refreshed, calm rituals, it offers potent digestive ease, high polyphenols.",Poha with Roasted Peanuts; Crisp Onion & Paneer Pakoras,https://images.unsplash.com/photo-1563822249548-9a72b6353cd1?auto=format&fit=crop&w=800&q=80
TEA-IN-0544,Kanchenjunga Mist Golden Tips,"Sikkim (Temi Tea Estate, South Sikkim)",Sikkim Temi,100% Organic Single Estate Temi Leaves,Honeyed Wood; Muscatel; Sweet Floral; Caramel,1.5,8.1,7.8,2.2,8.4,43,0,3,89,2.5g per 200ml (or 1:1 milk-water for Chai),Cardiovascular Support; Skin Vitality,Refreshed; Meditative; Focused; Serene,First Flush Spring,524.0,4.32,296,"An exquisite handcrafted sikkim temi harvest from the famed terroirs of Sikkim (Temi Tea Estate, South Sikkim). Imbued with prominent sensory notes of Honeyed Wood, Muscatel, Sweet Floral, this blend exhibits an aroma rating of 8.4/10. Specially curated for refreshed, meditative rituals, it offers potent cardiovascular support, skin vitality.",Shrewsbury Butter Biscuits; Gulab Jamun with Rosewater Syrup; Crisp Hot Samosas with Mint & Tamarind Chutney,https://images.unsplash.com/photo-1546852199-2d8e8c4aa477?auto=format&fit=crop&w=800&q=80
TEA-IN-0545,Misty Mountain Bio-Dynamic First Flush '24,Darjeeling (Jungpana),Darjeeling,100% Hand-Picked Camellia Sinensis Single Estate Darjeeling Leaves,Honey; Honeysuckle; Floral; Pine Wood,3.6,6.5,7.3,1.4,8.2,46,0,3,88,2.5g per 200ml (or 1:1 milk-water for Chai),Mental Clarity; Cellular Protection; Gentle Vitality; Heart Wellness,Calm; Uplifted; Meditative; Focused,Monsoon Special,2012.0,4.59,201,"An exquisite handcrafted darjeeling harvest from the famed terroirs of Darjeeling (Jungpana). Imbued with prominent sensory notes of Honey, Honeysuckle, Floral, this blend exhibits an aroma rating of 8.2/10. Specially curated for calm, uplifted rituals, it offers potent mental clarity, cellular protection.",Kolkata Style Kathi Rolls; Traditional Osmania Butter Biscuits; Warm Cardamom Nankhatai,https://images.unsplash.com/photo-1594631252845-29fc4cc8cde9?auto=format&fit=crop&w=800&q=80
TEA-IN-0546,Golden Tips Extra Special Orthodox Lot #758,Assam (Golaghat),Assam,100% High-Grade Assam Whole Leaf & Golden Buds (Camellia Sinensis var. Assamica),Honey; Caramel; Toasted Grain; Malty; Dark Cocoa,5.7,5.4,3.4,3.2,7.6,75,2,4,98,2.5g per 200ml (or 1:1 milk-water for Chai),Metabolic Fire; Digestive Power; High Sustained Energy; Immune Strength,Energetic; Uplifted; Motivated; Focused,Monsoon Special,699.0,4.4,193,"An exquisite handcrafted assam harvest from the famed terroirs of Assam (Golaghat). Imbued with prominent sensory notes of Honey, Caramel, Toasted Grain, this blend exhibits an aroma rating of 7.6/10. Specially curated for energetic, uplifted rituals, it offers potent metabolic fire, digestive power.",Shrewsbury Butter Biscuits; Warm Cardamom Nankhatai; Irani Cafe Bun Maska & Chai,https://images.unsplash.com/photo-1544787219-7f47ccb76574?auto=format&fit=crop&w=800&q=80
TEA-IN-0547,Dhaba Style Kulhad Strong Chai '26,Mumbai Heritage,Masala Chai,"Assam CTC Black Tea, Green Cardamom Pods, Crushed Dry Ginger, Ceylon Cinnamon, Cloves, Black Pepper, Star Anise, Saffron",Cardamom (Elaichi); Peppery; Creamy; Sweet Heat; Clove (Laung),5.3,7.7,2.2,8.9,9.1,55,51,4,97,2.5g per 200ml (or 1:1 milk-water for Chai),Cold & Cough Relief; Anti-inflammatory; Immunity Shield; Instant Warming,Energetic; Uplifted; Comforting,Autumnal Harvest,261.0,4.87,65,"An exquisite handcrafted masala chai harvest from the famed terroirs of Mumbai Heritage. Imbued with prominent sensory notes of Cardamom (Elaichi), Peppery, Creamy, this blend exhibits an aroma rating of 9.1/10. Specially curated for energetic, uplifted rituals, it offers potent cold & cough relief, anti-inflammatory.",Dhokla with Green Chilies; Kashmiri Girda Flatbread with Butter; Kolkata Style Kathi Rolls,https://images.unsplash.com/photo-1571934811356-5cc061b6821f?auto=format&fit=crop&w=800&q=80
TEA-IN-0548,Pampore Golden Saffron Green Infusion Lot #216,Kashmir (Srinagar Valley),Kashmir Kahwa,"Kashmiri Green Tea Leaves, Pampore Pure Saffron Strands, Green Cardamom, Cinnamon, Crushed Almond Slivers, Dried Rose Petals",Cardamom; Sweet Almond; Delicate Green,2.5,8.2,7.3,7.3,9.6,27,1,5,83,2.5g per 200ml (or 1:1 milk-water for Chai),Calming Warmth; Stress Relief; Digestive Fire; Skin Glow & Radiance,Relaxed; Meditative,Autumnal Harvest,964.0,4.86,31,"An exquisite handcrafted kashmir kahwa harvest from the famed terroirs of Kashmir (Srinagar Valley). Imbued with prominent sensory notes of Cardamom, Sweet Almond, Delicate Green, this blend exhibits an aroma rating of 9.6/10. Specially curated for relaxed, meditative rituals, it offers potent calming warmth, stress relief.",Shrewsbury Butter Biscuits; Kashmiri Girda Flatbread with Butter; Kolkata Style Kathi Rolls,https://images.unsplash.com/photo-1576092768241-dec231879fc3?auto=format&fit=crop&w=800&q=80
TEA-IN-0549,Glendale High-Grown Special Lot #608,Nilgiri (Ooty Highlands),Nilgiri,100% High-Elevation Nilgiri Camellia Sinensis,Honey; Sweet Melon; Plum,1.3,6.2,7.0,0.6,8.3,40,0,4,91,2.5g per 200ml (or 1:1 milk-water for Chai),Weight Balance; Heart Health; Antioxidant Rich; Daily Refreshment,Refreshed; Creative; Uplifted; Calm,Monsoon Special,648.0,4.6,231,"An exquisite handcrafted nilgiri harvest from the famed terroirs of Nilgiri (Ooty Highlands). Imbued with prominent sensory notes of Honey, Sweet Melon, Plum, this blend exhibits an aroma rating of 8.3/10. Specially curated for refreshed, creative rituals, it offers potent weight balance, heart health.",Shrewsbury Butter Biscuits; Gulab Jamun with Rosewater Syrup; Irani Cafe Bun Maska & Chai,https://images.unsplash.com/photo-1597481499750-3e6b22637e12?auto=format&fit=crop&w=800&q=80
TEA-IN-0550,Brahmi & Shankhpushpi Memory Tonic Lot #504 '25,Madhya Pradesh Herbal Forests,Ayurvedic Tisane,"Organic Tulsi (Holy Basil), Ashwagandha Root, Wild Himalayan Turmeric, Brahmi Leaves, Licorice (Mulethi), Fennel Seeds (Saunf), Lemongrass",Warm Ginger; Fennel Sweetness; Cooling; Woody; Tulsi Mint,1.9,6.5,6.2,5.2,8.0,0,3,7,99,2.5g per 200ml (or 1:1 milk-water for Chai),Cortisol / Stress Reduction; Gut Health & Detox; Immunity Fortification; Deep Restful Sleep,Relaxed; Meditative; Cozy,All Season,417.0,4.87,419,"An exquisite handcrafted ayurvedic tisane harvest from the famed terroirs of Madhya Pradesh Herbal Forests. Imbued with prominent sensory notes of Warm Ginger, Fennel Sweetness, Cooling, this blend exhibits an aroma rating of 8.0/10. Specially curated for relaxed, meditative rituals, it offers potent cortisol / stress reduction, gut health & detox.",Dhokla with Green Chilies; Kashmiri Girda Flatbread with Butter,https://images.unsplash.com/photo-1544787219-7f47ccb76574?auto=format&fit=crop&w=800&q=80
TEA-IN-0551,Dharamshala Mountain Dew Green Lot #491 '24,Himachal Pradesh (Kangra Valley),Kangra Valley,100% Certified GI Tagged Kangra Valley Whole Leaf Tea,Floral; Sweet Vegetal; Pine Mist,1.9,5.7,5.3,1.5,7.1,41,4,4,81,2.5g per 200ml (or 1:1 milk-water for Chai),Digestive Ease; High Polyphenols; Metabolic Balance,Refreshed; Uplifted; Meditative; Focused,Monsoon Special,905.0,4.74,174,"An exquisite handcrafted kangra valley harvest from the famed terroirs of Himachal Pradesh (Kangra Valley). Imbued with prominent sensory notes of Floral, Sweet Vegetal, Pine Mist, this blend exhibits an aroma rating of 7.1/10. Specially curated for refreshed, uplifted rituals, it offers potent digestive ease, high polyphenols.",Poha with Roasted Peanuts; Gulab Jamun with Rosewater Syrup; Crisp Hot Samosas with Mint & Tamarind Chutney,https://images.unsplash.com/photo-1576092768241-dec231879fc3?auto=format&fit=crop&w=800&q=80
TEA-IN-0552,Sikkim Royal Orthodox Muscatel,Sikkim (Ravangla Highlands),Sikkim Temi,100% Organic Single Estate Temi Leaves,Sweet Floral; Honeyed Wood; Peach; Muscatel,2.3,6.9,8.7,2.6,9.1,41,3,4,88,2.5g per 200ml (or 1:1 milk-water for Chai),Pure Organic Nutrition; Cardiovascular Support,Refreshed; Meditative; Focused,Winter Warmth,991.0,4.95,413,"An exquisite handcrafted sikkim temi harvest from the famed terroirs of Sikkim (Ravangla Highlands). Imbued with prominent sensory notes of Sweet Floral, Honeyed Wood, Peach, this blend exhibits an aroma rating of 9.1/10. Specially curated for refreshed, meditative rituals, it offers potent pure organic nutrition, cardiovascular support.",Shrewsbury Butter Biscuits; Crisp Hot Samosas with Mint & Tamarind Chutney; Crisp Onion & Paneer Pakoras,https://images.unsplash.com/photo-1576092768241-dec231879fc3?auto=format&fit=crop&w=800&q=80
TEA-IN-0553,Autumnal Flush Ruby Harvest Lot #925 '25,Darjeeling (Castle Castleton),Darjeeling,100% Hand-Picked Camellia Sinensis Single Estate Darjeeling Leaves,Honey; Apricot; Pine Wood; Muscatel,1.8,8.4,8.1,1.7,9.8,49,5,3,86,2.5g per 200ml (or 1:1 milk-water for Chai),Mental Clarity; High Antioxidants; Cellular Protection; Gentle Vitality,Meditative; Focused,First Flush Spring,1094.0,4.96,428,"An exquisite handcrafted darjeeling harvest from the famed terroirs of Darjeeling (Castle Castleton). Imbued with prominent sensory notes of Honey, Apricot, Pine Wood, this blend exhibits an aroma rating of 9.8/10. Specially curated for meditative, focused rituals, it offers potent mental clarity, high antioxidants.",Kolkata Style Kathi Rolls; Irani Cafe Bun Maska & Chai,https://images.unsplash.com/photo-1594631252845-29fc4cc8cde9?auto=format&fit=crop&w=800&q=80
TEA-IN-0554,Robust Morning Chai Blend Lot #586,Assam (Golaghat),Assam,100% High-Grade Assam Whole Leaf & Golden Buds (Camellia Sinensis var. Assamica),Honey; Bold Body; Toasted Grain; Malty; Molasses,4.5,4.1,1.2,1.6,7.2,59,0,4,97,2.5g per 200ml (or 1:1 milk-water for Chai),Cardiovascular Support; High Sustained Energy,Motivated; Cozy,First Flush Spring,475.0,4.35,315,"An exquisite handcrafted assam harvest from the famed terroirs of Assam (Golaghat). Imbued with prominent sensory notes of Honey, Bold Body, Toasted Grain, this blend exhibits an aroma rating of 7.2/10. Specially curated for motivated, cozy rituals, it offers potent cardiovascular support, high sustained energy.",Shrewsbury Butter Biscuits; Gulab Jamun with Rosewater Syrup; Kashmiri Girda Flatbread with Butter,https://images.unsplash.com/photo-1514733670139-4d87a1941d55?auto=format&fit=crop&w=800&q=80
TEA-IN-0555,Cinnamon Bark & Clove Monsoon Chai Lot #114 '25,Rajasthan Royal Palace,Masala Chai,"Assam CTC Black Tea, Green Cardamom Pods, Crushed Dry Ginger, Ceylon Cinnamon, Cloves, Black Pepper, Star Anise, Saffron",Spicy; Cardamom (Elaichi); Ginger (Adrak),4.3,8.5,2.2,8.2,9.2,64,19,4,100,2.5g per 200ml (or 1:1 milk-water for Chai),Digestive Comfort; Cold & Cough Relief; Anti-inflammatory; Instant Warming,Refreshed; Uplifted; Comforting,Winter Warmth,442.0,4.86,106,"An exquisite handcrafted masala chai harvest from the famed terroirs of Rajasthan Royal Palace. Imbued with prominent sensory notes of Spicy, Cardamom (Elaichi), Ginger (Adrak), this blend exhibits an aroma rating of 9.2/10. Specially curated for refreshed, uplifted rituals, it offers potent digestive comfort, cold & cough relief.",Shrewsbury Butter Biscuits; Crisp Hot Samosas with Mint & Tamarind Chutney; Gulab Jamun with Rosewater Syrup,https://images.unsplash.com/photo-1571934811356-5cc061b6821f?auto=format&fit=crop&w=800&q=80
TEA-IN-0556,Himalayan Crushed Walnut & Kahwa Blend,Kashmir (Gulmarg Hills),Kashmir Kahwa,"Kashmiri Green Tea Leaves, Pampore Pure Saffron Strands, Green Cardamom, Cinnamon, Crushed Almond Slivers, Dried Rose Petals",Cinnamon; Cardamom; Sweet Almond; Floral Honey; Nutty,2.3,8.1,6.8,6.0,9.3,26,2,3,80,2.5g per 200ml (or 1:1 milk-water for Chai),Calming Warmth; Digestive Fire; Skin Glow & Radiance; Immunity Boost,Calm; Relaxed,All Season,1878.0,4.49,295,"An exquisite handcrafted kashmir kahwa harvest from the famed terroirs of Kashmir (Gulmarg Hills). Imbued with prominent sensory notes of Cinnamon, Cardamom, Sweet Almond, this blend exhibits an aroma rating of 9.3/10. Specially curated for calm, relaxed rituals, it offers potent calming warmth, digestive fire.",Traditional Osmania Butter Biscuits; Irani Cafe Bun Maska & Chai,https://images.unsplash.com/photo-1563822249548-9a72b6353cd1?auto=format&fit=crop&w=800&q=80
TEA-IN-0557,Blue Mountain Aromatic Orthdox Lot #893,Nilgiri (Kotagiri),Nilgiri,100% High-Elevation Nilgiri Camellia Sinensis,Bright Citrus; Honey; Sweet Melon,1.5,7.7,7.9,1.9,8.2,38,1,4,95,2.5g per 200ml (or 1:1 milk-water for Chai),Heart Health; Antioxidant Rich; Gentle Alertness,Refreshed; Creative; Uplifted; Focused,Monsoon Special,775.0,4.98,137,"An exquisite handcrafted nilgiri harvest from the famed terroirs of Nilgiri (Kotagiri). Imbued with prominent sensory notes of Bright Citrus, Honey, Sweet Melon, this blend exhibits an aroma rating of 8.2/10. Specially curated for refreshed, creative rituals, it offers potent heart health, antioxidant rich.",Poha with Roasted Peanuts; Kashmiri Girda Flatbread with Butter; Traditional Osmania Butter Biscuits,https://images.unsplash.com/photo-1546852199-2d8e8c4aa477?auto=format&fit=crop&w=800&q=80
TEA-IN-0558,Turmeric Ginger Curcumin Immunity Guard Lot #335,Madhya Pradesh Herbal Forests,Ayurvedic Tisane,"Organic Tulsi (Holy Basil), Ashwagandha Root, Wild Himalayan Turmeric, Brahmi Leaves, Licorice (Mulethi), Fennel Seeds (Saunf), Lemongrass",Warm Ginger; Fennel Sweetness; Cooling; Woody; Tulsi Mint,1.1,5.2,4.1,5.7,8.9,0,0,7,95,2.5g per 200ml (or 1:1 milk-water for Chai),Cortisol / Stress Reduction; Gut Health & Detox; Joint & Anti-inflammatory; Deep Restful Sleep,Soothing; Meditative; Cozy,Monsoon Special,837.0,4.44,293,"An exquisite handcrafted ayurvedic tisane harvest from the famed terroirs of Madhya Pradesh Herbal Forests. Imbued with prominent sensory notes of Warm Ginger, Fennel Sweetness, Cooling, this blend exhibits an aroma rating of 8.9/10. Specially curated for soothing, meditative rituals, it offers potent cortisol / stress reduction, gut health & detox.",Kashmiri Girda Flatbread with Butter; Spicy Bhakarwadi & Mathri; Warm Cardamom Nankhatai,https://images.unsplash.com/photo-1544787219-7f47ccb76574?auto=format&fit=crop&w=800&q=80
TEA-IN-0559,Wild Herb Infused Kangra Tea Lot #735,Himachal Pradesh (Kangra Valley),Kangra Valley,100% Certified GI Tagged Kangra Valley Whole Leaf Tea,Floral; Roasted Corn; Sweet Vegetal; Pine Mist; Nutty,2.8,6.9,5.1,1.5,8.5,41,5,3,78,2.5g per 200ml (or 1:1 milk-water for Chai),Digestive Ease; Peaceful Focus; Metabolic Balance; Antioxidant Shield,Calm; Refreshed; Uplifted; Focused,Autumnal Harvest,892.0,4.39,265,"An exquisite handcrafted kangra valley harvest from the famed terroirs of Himachal Pradesh (Kangra Valley). Imbued with prominent sensory notes of Floral, Roasted Corn, Sweet Vegetal, this blend exhibits an aroma rating of 8.5/10. Specially curated for calm, refreshed rituals, it offers potent digestive ease, peaceful focus.",Crisp Onion & Paneer Pakoras; Warm Cardamom Nankhatai,https://images.unsplash.com/photo-1576092768241-dec231879fc3?auto=format&fit=crop&w=800&q=80
TEA-IN-0560,Sikkim Royal Orthodox Muscatel Lot #360,Sikkim (Ravangla Highlands),Sikkim Temi,100% Organic Single Estate Temi Leaves,Muscatel; Gentle Spice; Caramel,1.6,6.2,8.3,2.2,9.1,37,2,3,87,2.5g per 200ml (or 1:1 milk-water for Chai),Cardiovascular Support; Pure Organic Nutrition; L-Theanine Serenity; Skin Vitality,Calm; Meditative; Focused; Serene,Winter Warmth,702.0,4.42,283,"An exquisite handcrafted sikkim temi harvest from the famed terroirs of Sikkim (Ravangla Highlands). Imbued with prominent sensory notes of Muscatel, Gentle Spice, Caramel, this blend exhibits an aroma rating of 9.1/10. Specially curated for calm, meditative rituals, it offers potent cardiovascular support, pure organic nutrition.",Spicy Bhakarwadi & Mathri; Irani Cafe Bun Maska & Chai,https://images.unsplash.com/photo-1546852199-2d8e8c4aa477?auto=format&fit=crop&w=800&q=80
TEA-IN-0561,Castleton Muscatel Supreme Lot #272,Darjeeling (Okayti),Darjeeling,100% Hand-Picked Camellia Sinensis Single Estate Darjeeling Leaves,Muscatel; Honeysuckle; Citrus Zest; Pine Wood,1.6,5.5,7.6,0.8,8.0,31,4,4,87,2.5g per 200ml (or 1:1 milk-water for Chai),Mental Clarity; Cellular Protection; Gentle Vitality; Heart Wellness,Calm; Uplifted,Monsoon Special,1084.0,4.92,140,"An exquisite handcrafted darjeeling harvest from the famed terroirs of Darjeeling (Okayti). Imbued with prominent sensory notes of Muscatel, Honeysuckle, Citrus Zest, this blend exhibits an aroma rating of 8.0/10. Specially curated for calm, uplifted rituals, it offers potent mental clarity, cellular protection.",Spicy Bhakarwadi & Mathri; Crisp Onion & Paneer Pakoras; Traditional Osmania Butter Biscuits,https://images.unsplash.com/photo-1546852199-2d8e8c4aa477?auto=format&fit=crop&w=800&q=80
TEA-IN-0562,Smoked Wild Bamboo Assam Lot #757 '26,Assam (Dibrugarh),Assam,100% High-Grade Assam Whole Leaf & Golden Buds (Camellia Sinensis var. Assamica),Honey; Bold Body; Molasses; Caramel,5.8,3.2,2.4,2.8,8.9,79,5,4,96,2.5g per 200ml (or 1:1 milk-water for Chai),Digestive Power; Cardiovascular Support; High Sustained Energy; Immune Strength,Energetic; Motivated; Cozy; Focused,Second Flush Summer,1157.0,4.7,244,"An exquisite handcrafted assam harvest from the famed terroirs of Assam (Dibrugarh). Imbued with prominent sensory notes of Honey, Bold Body, Molasses, this blend exhibits an aroma rating of 8.9/10. Specially curated for energetic, motivated rituals, it offers potent digestive power, cardiovascular support.",Crisp Onion & Paneer Pakoras; Warm Cardamom Nankhatai,https://images.unsplash.com/photo-1544787219-7f47ccb76574?auto=format&fit=crop&w=800&q=80
TEA-IN-0563,Cinnamon Bark & Clove Monsoon Chai Lot #148,Assam & Kerala Spice Hills,Masala Chai,"Assam CTC Black Tea, Green Cardamom Pods, Crushed Dry Ginger, Ceylon Cinnamon, Cloves, Black Pepper, Star Anise, Saffron",Cardamom (Elaichi); Peppery; Ginger (Adrak); Sweet Heat; Spicy,5.9,7.0,2.3,7.7,9.0,59,38,5,95,2.5g per 200ml (or 1:1 milk-water for Chai),Immunity Shield; Digestive Comfort; Cold & Cough Relief,Refreshed; Energetic; Uplifted,Monsoon Special,451.0,4.68,119,"An exquisite handcrafted masala chai harvest from the famed terroirs of Assam & Kerala Spice Hills. Imbued with prominent sensory notes of Cardamom (Elaichi), Peppery, Ginger (Adrak), this blend exhibits an aroma rating of 9.0/10. Specially curated for refreshed, energetic rituals, it offers potent immunity shield, digestive comfort.",Dhokla with Green Chilies; Shrewsbury Butter Biscuits; Crisp Hot Samosas with Mint & Tamarind Chutney,https://images.unsplash.com/photo-1571934811356-5cc061b6821f?auto=format&fit=crop&w=800&q=80
TEA-IN-0564,Pink Salted Noon Chai (Sheer Chai),Kashmir (Gulmarg Hills),Kashmir Kahwa,"Kashmiri Green Tea Leaves, Pampore Pure Saffron Strands, Green Cardamom, Cinnamon, Crushed Almond Slivers, Dried Rose Petals",Saffron (Kesar); Cardamom; Sweet Almond; Floral Honey; Nutty,1.8,8.2,8.0,6.2,9.4,21,0,5,81,2.5g per 200ml (or 1:1 milk-water for Chai),Calming Warmth; Stress Relief; Digestive Fire; Skin Glow & Radiance,Calm; Refreshed; Relaxed,Autumnal Harvest,1755.0,4.32,324,"An exquisite handcrafted kashmir kahwa harvest from the famed terroirs of Kashmir (Gulmarg Hills). Imbued with prominent sensory notes of Saffron (Kesar), Cardamom, Sweet Almond, this blend exhibits an aroma rating of 9.4/10. Specially curated for calm, refreshed rituals, it offers potent calming warmth, stress relief.",Dhokla with Green Chilies; Gulab Jamun with Rosewater Syrup; Kolkata Style Kathi Rolls,https://images.unsplash.com/photo-1576092768241-dec231879fc3?auto=format&fit=crop&w=800&q=80
TEA-IN-0565,Nilgiri Golden Needle Rare Estate Lot #236,Nilgiri (Blue Mountains),Nilgiri,100% High-Elevation Nilgiri Camellia Sinensis,Bright Citrus; Sweet Melon; Crisp Fruit; Light Malt,2.8,8.5,7.4,2.4,8.8,46,1,4,85,2.5g per 200ml (or 1:1 milk-water for Chai),Heart Health; Antioxidant Rich,Calm; Creative; Refreshed,All Season,448.0,4.81,269,"An exquisite handcrafted nilgiri harvest from the famed terroirs of Nilgiri (Blue Mountains). Imbued with prominent sensory notes of Bright Citrus, Sweet Melon, Crisp Fruit, this blend exhibits an aroma rating of 8.8/10. Specially curated for calm, creative rituals, it offers potent heart health, antioxidant rich.",Gulab Jamun with Rosewater Syrup; Kashmiri Girda Flatbread with Butter; Warm Cardamom Nankhatai,https://images.unsplash.com/photo-1546852199-2d8e8c4aa477?auto=format&fit=crop&w=800&q=80
TEA-IN-0566,Chamomile & Shankhpushpi Deep Sleep Lot #199,Himalayan Foothills,Ayurvedic Tisane,"Organic Tulsi (Holy Basil), Ashwagandha Root, Wild Himalayan Turmeric, Brahmi Leaves, Licorice (Mulethi), Fennel Seeds (Saunf), Lemongrass",Sweet Earthy; Woody; Tulsi Mint,2.5,6.6,4.6,2.4,8.9,0,1,6,97,2.5g per 200ml (or 1:1 milk-water for Chai),Cortisol / Stress Reduction; Immunity Fortification; Deep Restful Sleep,Soothing; Cozy,Second Flush Summer,742.0,4.55,446,"An exquisite handcrafted ayurvedic tisane harvest from the famed terroirs of Himalayan Foothills. Imbued with prominent sensory notes of Sweet Earthy, Woody, Tulsi Mint, this blend exhibits an aroma rating of 8.9/10. Specially curated for soothing, cozy rituals, it offers potent cortisol / stress reduction, immunity fortification.",Shrewsbury Butter Biscuits; Kolkata Style Kathi Rolls; Irani Cafe Bun Maska & Chai,https://images.unsplash.com/photo-1597481499750-3e6b22637e12?auto=format&fit=crop&w=800&q=80
TEA-IN-0567,Dharamshala Mountain Dew Green Lot #230,Himachal Pradesh (Dharamshala),Kangra Valley,100% Certified GI Tagged Kangra Valley Whole Leaf Tea,Floral; Roasted Corn; Sweet Vegetal; Pine Mist; Mellow Green,2.4,5.8,8.0,1.2,7.0,36,5,2,76,2.5g per 200ml (or 1:1 milk-water for Chai),Digestive Ease; Peaceful Focus,Refreshed; Meditative,Winter Warmth,919.0,4.9,423,"An exquisite handcrafted kangra valley harvest from the famed terroirs of Himachal Pradesh (Dharamshala). Imbued with prominent sensory notes of Floral, Roasted Corn, Sweet Vegetal, this blend exhibits an aroma rating of 7.0/10. Specially curated for refreshed, meditative rituals, it offers potent digestive ease, peaceful focus.",Shrewsbury Butter Biscuits; Kashmiri Girda Flatbread with Butter; Irani Cafe Bun Maska & Chai,https://images.unsplash.com/photo-1563822249548-9a72b6353cd1?auto=format&fit=crop&w=800&q=80
TEA-IN-0568,Temi Estate 100% Organic First Flush,"Sikkim (Temi Tea Estate, South Sikkim)",Sikkim Temi,100% Organic Single Estate Temi Leaves,Honeyed Wood; Muscatel; Gentle Spice; Sweet Floral,3.4,8.0,7.0,2.4,9.1,34,1,4,85,2.5g per 200ml (or 1:1 milk-water for Chai),Pure Organic Nutrition; Cardiovascular Support,Calm; Meditative; Serene; Focused,Autumnal Harvest,1513.0,4.37,437,"An exquisite handcrafted sikkim temi harvest from the famed terroirs of Sikkim (Temi Tea Estate, South Sikkim). Imbued with prominent sensory notes of Honeyed Wood, Muscatel, Gentle Spice, this blend exhibits an aroma rating of 9.1/10. Specially curated for calm, meditative rituals, it offers potent pure organic nutrition, cardiovascular support.",Dhokla with Green Chilies; Irani Cafe Bun Maska & Chai,https://images.unsplash.com/photo-1546852199-2d8e8c4aa477?auto=format&fit=crop&w=800&q=80
TEA-IN-0569,Vintage Muscatel Wonder Lot #866 '26,Darjeeling (Castle Castleton),Darjeeling,100% Hand-Picked Camellia Sinensis Single Estate Darjeeling Leaves,Honey; Green Apple; Pine Wood,2.4,8.8,9.6,1.2,9.6,33,0,3,87,2.5g per 200ml (or 1:1 milk-water for Chai),Mental Clarity; High Antioxidants; Cellular Protection; Heart Wellness,Calm; Refreshed; Meditative; Focused,Winter Warmth,1516.0,4.58,304,"An exquisite handcrafted darjeeling harvest from the famed terroirs of Darjeeling (Castle Castleton). Imbued with prominent sensory notes of Honey, Green Apple, Pine Wood, this blend exhibits an aroma rating of 9.6/10. Specially curated for calm, refreshed rituals, it offers potent mental clarity, high antioxidants.",Poha with Roasted Peanuts; Traditional Osmania Butter Biscuits; Irani Cafe Bun Maska & Chai,https://images.unsplash.com/photo-1546852199-2d8e8c4aa477?auto=format&fit=crop&w=800&q=80
TEA-IN-0570,Brahmaputra Valley Bold Red,Assam (Golaghat),Assam,100% High-Grade Assam Whole Leaf & Golden Buds (Camellia Sinensis var. Assamica),Bold Body; Molasses; Toasted Grain,5.0,4.7,1.3,4.0,7.2,71,5,4,98,2.5g per 200ml (or 1:1 milk-water for Chai),High Sustained Energy; Metabolic Fire,Uplifted; Cozy,Winter Warmth,897.0,4.57,370,"An exquisite handcrafted assam harvest from the famed terroirs of Assam (Golaghat). Imbued with prominent sensory notes of Bold Body, Molasses, Toasted Grain, this blend exhibits an aroma rating of 7.2/10. Specially curated for uplifted, cozy rituals, it offers potent high sustained energy, metabolic fire.",Crisp Onion & Paneer Pakoras; Irani Cafe Bun Maska & Chai,https://images.unsplash.com/photo-1544787219-7f47ccb76574?auto=format&fit=crop&w=800&q=80
TEA-IN-0571,Royal Elaichi & Kesar Rich Chai Lot #319 '26,Rajasthan Royal Palace,Masala Chai,"Assam CTC Black Tea, Green Cardamom Pods, Crushed Dry Ginger, Ceylon Cinnamon, Cloves, Black Pepper, Star Anise, Saffron",Clove (Laung); Sweet Heat; Spicy; Cinnamon (Dalchini),4.1,5.2,3.3,9.6,9.3,67,41,6,95,2.5g per 200ml (or 1:1 milk-water for Chai),Immunity Shield; Digestive Comfort; Cold & Cough Relief; Instant Warming,Refreshed; Energetic; Uplifted; Cozy,Autumnal Harvest,756.0,4.84,342,"An exquisite handcrafted masala chai harvest from the famed terroirs of Rajasthan Royal Palace. Imbued with prominent sensory notes of Clove (Laung), Sweet Heat, Spicy, this blend exhibits an aroma rating of 9.3/10. Specially curated for refreshed, energetic rituals, it offers potent immunity shield, digestive comfort.",Crisp Onion & Paneer Pakoras; Traditional Osmania Butter Biscuits; Irani Cafe Bun Maska & Chai,https://images.unsplash.com/photo-1571934811356-5cc061b6821f?auto=format&fit=crop&w=800&q=80
TEA-IN-0572,Pink Salted Noon Chai (Sheer Chai) Lot #439,Kashmir (Srinagar Valley),Kashmir Kahwa,"Kashmiri Green Tea Leaves, Pampore Pure Saffron Strands, Green Cardamom, Cinnamon, Crushed Almond Slivers, Dried Rose Petals",Cardamom; Delicate Green; Floral Honey; Nutty,1.9,7.3,7.0,5.2,9.4,24,2,3,82,2.5g per 200ml (or 1:1 milk-water for Chai),Calming Warmth; Stress Relief; Skin Glow & Radiance; Immunity Boost,Calm; Relaxed; Cozy,Monsoon Special,1744.0,4.37,62,"An exquisite handcrafted kashmir kahwa harvest from the famed terroirs of Kashmir (Srinagar Valley). Imbued with prominent sensory notes of Cardamom, Delicate Green, Floral Honey, this blend exhibits an aroma rating of 9.4/10. Specially curated for calm, relaxed rituals, it offers potent calming warmth, stress relief.",Dhokla with Green Chilies; Kashmiri Girda Flatbread with Butter; Crisp Hot Samosas with Mint & Tamarind Chutney,https://images.unsplash.com/photo-1576092768241-dec231879fc3?auto=format&fit=crop&w=800&q=80
TEA-IN-0573,Tiger Hill Single Cultivar Nilgiri '24,Nilgiri (Kotagiri),Nilgiri,100% High-Elevation Nilgiri Camellia Sinensis,Honey; Light Malt; Plum,1.4,8.0,8.1,1.4,8.6,48,1,3,95,2.5g per 200ml (or 1:1 milk-water for Chai),Weight Balance; Daily Refreshment; Gentle Alertness,Refreshed; Creative; Focused; Calm,Second Flush Summer,1213.0,4.91,202,"An exquisite handcrafted nilgiri harvest from the famed terroirs of Nilgiri (Kotagiri). Imbued with prominent sensory notes of Honey, Light Malt, Plum, this blend exhibits an aroma rating of 8.6/10. Specially curated for refreshed, creative rituals, it offers potent weight balance, daily refreshment.",Gulab Jamun with Rosewater Syrup; Irani Cafe Bun Maska & Chai,https://images.unsplash.com/photo-1597481499750-3e6b22637e12?auto=format&fit=crop&w=800&q=80
TEA-IN-0574,"Sacred Tulsi Trio (Rama, Krishna, Vana) Lot #878 '24",Himalayan Foothills,Ayurvedic Tisane,"Organic Tulsi (Holy Basil), Ashwagandha Root, Wild Himalayan Turmeric, Brahmi Leaves, Licorice (Mulethi), Fennel Seeds (Saunf), Lemongrass",Warm Ginger; Cooling; Woody; Botanical; Tulsi Mint,0.7,4.4,4.9,4.9,7.9,0,5,7,100,2.5g per 200ml (or 1:1 milk-water for Chai),Gut Health & Detox; Immunity Fortification,Relaxed; Meditative,Autumnal Harvest,686.0,4.33,201,"An exquisite handcrafted ayurvedic tisane harvest from the famed terroirs of Himalayan Foothills. Imbued with prominent sensory notes of Warm Ginger, Cooling, Woody, this blend exhibits an aroma rating of 7.9/10. Specially curated for relaxed, meditative rituals, it offers potent gut health & detox, immunity fortification.",Kashmiri Girda Flatbread with Butter; Traditional Osmania Butter Biscuits; Irani Cafe Bun Maska & Chai,https://images.unsplash.com/photo-1544787219-7f47ccb76574?auto=format&fit=crop&w=800&q=80
TEA-IN-0575,Wild Herb Infused Kangra Tea Lot #783 '24,Himachal Pradesh (Kangra Valley),Kangra Valley,100% Certified GI Tagged Kangra Valley Whole Leaf Tea,Roasted Corn; Sweet Vegetal; Pine Mist; Nutty; Mellow Green,1.1,8.0,6.0,1.5,7.4,31,5,2,78,2.5g per 200ml (or 1:1 milk-water for Chai),Digestive Ease; High Polyphenols,Refreshed; Focused; Uplifted,All Season,921.0,4.36,133,"An exquisite handcrafted kangra valley harvest from the famed terroirs of Himachal Pradesh (Kangra Valley). Imbued with prominent sensory notes of Roasted Corn, Sweet Vegetal, Pine Mist, this blend exhibits an aroma rating of 7.4/10. Specially curated for refreshed, focused rituals, it offers potent digestive ease, high polyphenols.",Shrewsbury Butter Biscuits; Warm Cardamom Nankhatai,https://images.unsplash.com/photo-1563822249548-9a72b6353cd1?auto=format&fit=crop&w=800&q=80
TEA-IN-0576,Sikkim Green Dragon Spring Leaf Lot #468,"Sikkim (Temi Tea Estate, South Sikkim)",Sikkim Temi,100% Organic Single Estate Temi Leaves,Sweet Floral; Gentle Spice; Honeyed Wood; Caramel,3.0,8.3,8.2,1.7,8.1,37,0,3,88,2.5g per 200ml (or 1:1 milk-water for Chai),L-Theanine Serenity; Skin Vitality,Calm; Meditative; Serene,Second Flush Summer,503.0,4.77,143,"An exquisite handcrafted sikkim temi harvest from the famed terroirs of Sikkim (Temi Tea Estate, South Sikkim). Imbued with prominent sensory notes of Sweet Floral, Gentle Spice, Honeyed Wood, this blend exhibits an aroma rating of 8.1/10. Specially curated for calm, meditative rituals, it offers potent l-theanine serenity, skin vitality.",Poha with Roasted Peanuts; Gulab Jamun with Rosewater Syrup; Kashmiri Girda Flatbread with Butter,https://images.unsplash.com/photo-1576092768241-dec231879fc3?auto=format&fit=crop&w=800&q=80
TEA-IN-0577,High Elevation Queen of Teas Lot #229 '24,Darjeeling (Margaret's Hope),Darjeeling,100% Hand-Picked Camellia Sinensis Single Estate Darjeeling Leaves,Honeysuckle; Apricot; Floral; Pine Wood,3.2,7.3,7.9,1.4,9.9,39,1,3,80,2.5g per 200ml (or 1:1 milk-water for Chai),Mental Clarity; High Antioxidants; Gentle Vitality,Refreshed; Calm,Autumnal Harvest,1129.0,4.39,220,"An exquisite handcrafted darjeeling harvest from the famed terroirs of Darjeeling (Margaret's Hope). Imbued with prominent sensory notes of Honeysuckle, Apricot, Floral, this blend exhibits an aroma rating of 9.9/10. Specially curated for refreshed, calm rituals, it offers potent mental clarity, high antioxidants.",Gulab Jamun with Rosewater Syrup; Traditional Osmania Butter Biscuits,https://images.unsplash.com/photo-1576092768241-dec231879fc3?auto=format&fit=crop&w=800&q=80
TEA-IN-0578,Smoked Wild Bamboo Assam Lot #361,Assam (Upper Brahmaputra Valley),Assam,100% High-Grade Assam Whole Leaf & Golden Buds (Camellia Sinensis var. Assamica),Bold Body; Woody; Malty,4.2,3.7,3.8,3.6,7.4,77,2,5,95,2.5g per 200ml (or 1:1 milk-water for Chai),Digestive Power; Cardiovascular Support; High Sustained Energy; Immune Strength,Energetic; Focused; Uplifted,Monsoon Special,435.0,4.91,65,"An exquisite handcrafted assam harvest from the famed terroirs of Assam (Upper Brahmaputra Valley). Imbued with prominent sensory notes of Bold Body, Woody, Malty, this blend exhibits an aroma rating of 7.4/10. Specially curated for energetic, focused rituals, it offers potent digestive power, cardiovascular support.",Shrewsbury Butter Biscuits; Traditional Osmania Butter Biscuits; Warm Cardamom Nankhatai,https://images.unsplash.com/photo-1571934811356-5cc061b6821f?auto=format&fit=crop&w=800&q=80
TEA-IN-0579,Dhaba Style Kulhad Strong Chai,Rajasthan Royal Palace,Masala Chai,"Assam CTC Black Tea, Green Cardamom Pods, Crushed Dry Ginger, Ceylon Cinnamon, Cloves, Black Pepper, Star Anise, Saffron",Clove (Laung); Creamy; Peppery; Cardamom (Elaichi),5.8,5.3,3.0,9.9,9.9,53,51,6,99,2.5g per 200ml (or 1:1 milk-water for Chai),Anti-inflammatory; Instant Warming,Uplifted; Cozy; Comforting,All Season,691.0,4.42,24,"An exquisite handcrafted masala chai harvest from the famed terroirs of Rajasthan Royal Palace. Imbued with prominent sensory notes of Clove (Laung), Creamy, Peppery, this blend exhibits an aroma rating of 9.9/10. Specially curated for uplifted, cozy rituals, it offers potent anti-inflammatory, instant warming.",Spicy Bhakarwadi & Mathri; Traditional Osmania Butter Biscuits,https://images.unsplash.com/photo-1544787219-7f47ccb76574?auto=format&fit=crop&w=800&q=80
TEA-IN-0580,Zaffran Emerald Heritage Brew,Kashmir (Pampore Saffron Fields),Kashmir Kahwa,"Kashmiri Green Tea Leaves, Pampore Pure Saffron Strands, Green Cardamom, Cinnamon, Crushed Almond Slivers, Dried Rose Petals",Cardamom; Floral Honey; Nutty,1.5,8.9,9.1,7.1,9.1,28,0,3,82,2.5g per 200ml (or 1:1 milk-water for Chai),Calming Warmth; Stress Relief,Relaxed; Meditative; Cozy,Winter Warmth,1599.0,4.66,270,"An exquisite handcrafted kashmir kahwa harvest from the famed terroirs of Kashmir (Pampore Saffron Fields). Imbued with prominent sensory notes of Cardamom, Floral Honey, Nutty, this blend exhibits an aroma rating of 9.1/10. Specially curated for relaxed, meditative rituals, it offers potent calming warmth, stress relief.",Crisp Onion & Paneer Pakoras; Kolkata Style Kathi Rolls,https://images.unsplash.com/photo-1576092768241-dec231879fc3?auto=format&fit=crop&w=800&q=80
TEA-IN-0581,Glendale High-Grown Special Lot #892,Nilgiri (Blue Mountains),Nilgiri,100% High-Elevation Nilgiri Camellia Sinensis,Bright Citrus; Sweet Melon; Plum,2.1,7.3,7.0,1.6,9.1,52,4,4,92,2.5g per 200ml (or 1:1 milk-water for Chai),Daily Refreshment; Antioxidant Rich; Gentle Alertness,Calm; Focused,Monsoon Special,952.0,4.56,99,"An exquisite handcrafted nilgiri harvest from the famed terroirs of Nilgiri (Blue Mountains). Imbued with prominent sensory notes of Bright Citrus, Sweet Melon, Plum, this blend exhibits an aroma rating of 9.1/10. Specially curated for calm, focused rituals, it offers potent daily refreshment, antioxidant rich.",Dhokla with Green Chilies; Shrewsbury Butter Biscuits; Traditional Osmania Butter Biscuits,https://images.unsplash.com/photo-1546852199-2d8e8c4aa477?auto=format&fit=crop&w=800&q=80
TEA-IN-0582,Turmeric Ginger Curcumin Immunity Guard '24,Madhya Pradesh Herbal Forests,Ayurvedic Tisane,"Organic Tulsi (Holy Basil), Ashwagandha Root, Wild Himalayan Turmeric, Brahmi Leaves, Licorice (Mulethi), Fennel Seeds (Saunf), Lemongrass",Sweet Earthy; Fennel Sweetness; Cooling; Woody; Botanical,2.1,8.0,4.6,4.9,8.5,0,1,7,96,2.5g per 200ml (or 1:1 milk-water for Chai),Cortisol / Stress Reduction; Gut Health & Detox; Joint & Anti-inflammatory; Deep Restful Sleep,Calm; Soothing; Meditative,All Season,859.0,4.81,53,"An exquisite handcrafted ayurvedic tisane harvest from the famed terroirs of Madhya Pradesh Herbal Forests. Imbued with prominent sensory notes of Sweet Earthy, Fennel Sweetness, Cooling, this blend exhibits an aroma rating of 8.5/10. Specially curated for calm, soothing rituals, it offers potent cortisol / stress reduction, gut health & detox.",Kashmiri Girda Flatbread with Butter; Irani Cafe Bun Maska & Chai,https://images.unsplash.com/photo-1544787219-7f47ccb76574?auto=format&fit=crop&w=800&q=80
TEA-IN-0583,Dharamshala Mountain Dew Green Lot #301 '26,Himachal Pradesh (Palampur),Kangra Valley,100% Certified GI Tagged Kangra Valley Whole Leaf Tea,Mellow Green; Floral; Sweet Vegetal,1.3,7.1,5.0,0.6,7.4,26,5,4,77,2.5g per 200ml (or 1:1 milk-water for Chai),Digestive Ease; Metabolic Balance; Antioxidant Shield,Refreshed; Meditative,Winter Warmth,479.0,4.53,44,"An exquisite handcrafted kangra valley harvest from the famed terroirs of Himachal Pradesh (Palampur). Imbued with prominent sensory notes of Mellow Green, Floral, Sweet Vegetal, this blend exhibits an aroma rating of 7.4/10. Specially curated for refreshed, meditative rituals, it offers potent digestive ease, metabolic balance.",Crisp Hot Samosas with Mint & Tamarind Chutney; Irani Cafe Bun Maska & Chai,https://images.unsplash.com/photo-1563822249548-9a72b6353cd1?auto=format&fit=crop&w=800&q=80
TEA-IN-0584,Sikkim Royal Orthodox Muscatel '24,Sikkim (Ravangla Highlands),Sikkim Temi,100% Organic Single Estate Temi Leaves,Honeyed Wood; Sweet Floral; Peach; Caramel; Muscatel,2.2,8.0,7.1,2.7,8.7,37,4,3,89,2.5g per 200ml (or 1:1 milk-water for Chai),Pure Organic Nutrition; L-Theanine Serenity; Cardiovascular Support; Skin Vitality,Calm; Refreshed; Meditative; Focused,All Season,1597.0,4.45,422,"An exquisite handcrafted sikkim temi harvest from the famed terroirs of Sikkim (Ravangla Highlands). Imbued with prominent sensory notes of Honeyed Wood, Sweet Floral, Peach, this blend exhibits an aroma rating of 8.7/10. Specially curated for calm, refreshed rituals, it offers potent pure organic nutrition, l-theanine serenity.",Dhokla with Green Chilies; Irani Cafe Bun Maska & Chai,https://images.unsplash.com/photo-1546852199-2d8e8c4aa477?auto=format&fit=crop&w=800&q=80
TEA-IN-0585,Moonlight Imperial Pluck Lot #860,Darjeeling (Castle Castleton),Darjeeling,100% Hand-Picked Camellia Sinensis Single Estate Darjeeling Leaves,Muscatel; Apricot; Green Apple,2.2,7.5,8.2,0.7,8.2,51,0,4,87,2.5g per 200ml (or 1:1 milk-water for Chai),Mental Clarity; Cellular Protection; Gentle Vitality; Heart Wellness,Meditative; Focused,Winter Warmth,2038.0,4.55,50,"An exquisite handcrafted darjeeling harvest from the famed terroirs of Darjeeling (Castle Castleton). Imbued with prominent sensory notes of Muscatel, Apricot, Green Apple, this blend exhibits an aroma rating of 8.2/10. Specially curated for meditative, focused rituals, it offers potent mental clarity, cellular protection.",Dhokla with Green Chilies; Kolkata Style Kathi Rolls; Irani Cafe Bun Maska & Chai,https://images.unsplash.com/photo-1594631252845-29fc4cc8cde9?auto=format&fit=crop&w=800&q=80
TEA-IN-0586,Smoked Wild Bamboo Assam,Assam (Dibrugarh),Assam,100% High-Grade Assam Whole Leaf & Golden Buds (Camellia Sinensis var. Assamica),Bold Body; Molasses; Woody,7.4,4.4,1.6,2.4,8.9,75,4,5,97,2.5g per 200ml (or 1:1 milk-water for Chai),Digestive Power; High Sustained Energy; Metabolic Fire,Focused; Motivated,Monsoon Special,565.0,4.4,130,"An exquisite handcrafted assam harvest from the famed terroirs of Assam (Dibrugarh). Imbued with prominent sensory notes of Bold Body, Molasses, Woody, this blend exhibits an aroma rating of 8.9/10. Specially curated for focused, motivated rituals, it offers potent digestive power, high sustained energy.",Spicy Bhakarwadi & Mathri; Kolkata Style Kathi Rolls,https://images.unsplash.com/photo-1571934811356-5cc061b6821f?auto=format&fit=crop&w=800&q=80
TEA-IN-0587,Fiery Adrak & Kali Mirch Kadak Chai Lot #669 '25,Kolkata Street Estate,Masala Chai,"Assam CTC Black Tea, Green Cardamom Pods, Crushed Dry Ginger, Ceylon Cinnamon, Cloves, Black Pepper, Star Anise, Saffron",Cardamom (Elaichi); Peppery; Cinnamon (Dalchini); Sweet Heat; Clove (Laung),5.0,4.5,2.5,8.8,9.9,41,46,6,100,2.5g per 200ml (or 1:1 milk-water for Chai),Digestive Comfort; Anti-inflammatory; Immunity Shield; Instant Warming,Refreshed; Uplifted; Cozy; Comforting,First Flush Spring,737.0,4.79,164,"An exquisite handcrafted masala chai harvest from the famed terroirs of Kolkata Street Estate. Imbued with prominent sensory notes of Cardamom (Elaichi), Peppery, Cinnamon (Dalchini), this blend exhibits an aroma rating of 9.9/10. Specially curated for refreshed, uplifted rituals, it offers potent digestive comfort, anti-inflammatory.",Shrewsbury Butter Biscuits; Crisp Onion & Paneer Pakoras,https://images.unsplash.com/photo-1571934811356-5cc061b6821f?auto=format&fit=crop&w=800&q=80
TEA-IN-0588,Traditional Samovar Cinnamon Kahwa Lot #474,Kashmir (Pampore Saffron Fields),Kashmir Kahwa,"Kashmiri Green Tea Leaves, Pampore Pure Saffron Strands, Green Cardamom, Cinnamon, Crushed Almond Slivers, Dried Rose Petals",Saffron (Kesar); Cardamom; Sweet Almond; Floral Honey; Nutty,1.4,6.8,6.7,7.4,9.8,18,0,5,82,2.5g per 200ml (or 1:1 milk-water for Chai),Calming Warmth; Stress Relief; Digestive Fire; Immunity Boost,Calm; Refreshed; Meditative; Cozy,All Season,1580.0,4.91,345,"An exquisite handcrafted kashmir kahwa harvest from the famed terroirs of Kashmir (Pampore Saffron Fields). Imbued with prominent sensory notes of Saffron (Kesar), Cardamom, Sweet Almond, this blend exhibits an aroma rating of 9.8/10. Specially curated for calm, refreshed rituals, it offers potent calming warmth, stress relief.",Dhokla with Green Chilies; Spicy Bhakarwadi & Mathri; Warm Cardamom Nankhatai,https://images.unsplash.com/photo-1563822249548-9a72b6353cd1?auto=format&fit=crop&w=800&q=80
TEA-IN-0589,High Altitude Floral White Nilgiri Lot #548,Nilgiri (Ooty Highlands),Nilgiri,100% High-Elevation Nilgiri Camellia Sinensis,Bright Citrus; Crisp Fruit; Floral; Sweet Melon,2.2,8.1,7.2,2.4,8.9,45,0,4,88,2.5g per 200ml (or 1:1 milk-water for Chai),Antioxidant Rich; Daily Refreshment; Gentle Alertness,Refreshed; Uplifted; Focused; Calm,Autumnal Harvest,1005.0,4.52,210,"An exquisite handcrafted nilgiri harvest from the famed terroirs of Nilgiri (Ooty Highlands). Imbued with prominent sensory notes of Bright Citrus, Crisp Fruit, Floral, this blend exhibits an aroma rating of 8.9/10. Specially curated for refreshed, uplifted rituals, it offers potent antioxidant rich, daily refreshment.",Crisp Onion & Paneer Pakoras; Irani Cafe Bun Maska & Chai,https://images.unsplash.com/photo-1546852199-2d8e8c4aa477?auto=format&fit=crop&w=800&q=80
TEA-IN-0590,Chamomile & Shankhpushpi Deep Sleep Lot #287,Madhya Pradesh Herbal Forests,Ayurvedic Tisane,"Organic Tulsi (Holy Basil), Ashwagandha Root, Wild Himalayan Turmeric, Brahmi Leaves, Licorice (Mulethi), Fennel Seeds (Saunf), Lemongrass",Herbal; Tulsi Mint; Fennel Sweetness,2.8,4.1,7.5,3.1,8.0,0,4,5,97,2.5g per 200ml (or 1:1 milk-water for Chai),Immunity Fortification; Deep Restful Sleep,Calm; Meditative,Second Flush Summer,438.0,4.85,251,"An exquisite handcrafted ayurvedic tisane harvest from the famed terroirs of Madhya Pradesh Herbal Forests. Imbued with prominent sensory notes of Herbal, Tulsi Mint, Fennel Sweetness, this blend exhibits an aroma rating of 8.0/10. Specially curated for calm, meditative rituals, it offers potent immunity fortification, deep restful sleep.",Crisp Onion & Paneer Pakoras; Warm Cardamom Nankhatai,https://images.unsplash.com/photo-1544787219-7f47ccb76574?auto=format&fit=crop&w=800&q=80
TEA-IN-0591,Palampur Orthodox Spring Gold Lot #332,Himachal Pradesh (Palampur),Kangra Valley,100% Certified GI Tagged Kangra Valley Whole Leaf Tea,Mellow Green; Pine Mist; Nutty,3.3,7.8,5.1,1.5,8.5,34,4,3,77,2.5g per 200ml (or 1:1 milk-water for Chai),Digestive Ease; Peaceful Focus; High Polyphenols; Antioxidant Shield,Calm; Meditative; Uplifted,Winter Warmth,1078.0,4.48,368,"An exquisite handcrafted kangra valley harvest from the famed terroirs of Himachal Pradesh (Palampur). Imbued with prominent sensory notes of Mellow Green, Pine Mist, Nutty, this blend exhibits an aroma rating of 8.5/10. Specially curated for calm, meditative rituals, it offers potent digestive ease, peaceful focus.",Kashmiri Girda Flatbread with Butter; Spicy Bhakarwadi & Mathri; Irani Cafe Bun Maska & Chai,https://images.unsplash.com/photo-1563822249548-9a72b6353cd1?auto=format&fit=crop&w=800&q=80
TEA-IN-0592,Temi Estate 100% Organic First Flush Lot #759 '26,"Sikkim (Temi Tea Estate, South Sikkim)",Sikkim Temi,100% Organic Single Estate Temi Leaves,Muscatel; Gentle Spice; Peach; Caramel,3.4,7.7,8.2,1.8,8.5,44,1,3,88,2.5g per 200ml (or 1:1 milk-water for Chai),Cardiovascular Support; Pure Organic Nutrition; L-Theanine Serenity; Skin Vitality,Calm; Focused; Serene,All Season,1290.0,4.85,436,"An exquisite handcrafted sikkim temi harvest from the famed terroirs of Sikkim (Temi Tea Estate, South Sikkim). Imbued with prominent sensory notes of Muscatel, Gentle Spice, Peach, this blend exhibits an aroma rating of 8.5/10. Specially curated for calm, focused rituals, it offers potent cardiovascular support, pure organic nutrition.",Poha with Roasted Peanuts; Crisp Hot Samosas with Mint & Tamarind Chutney,https://images.unsplash.com/photo-1576092768241-dec231879fc3?auto=format&fit=crop&w=800&q=80
TEA-IN-0593,High Elevation Queen of Teas '25,Darjeeling (Makaibari),Darjeeling,100% Hand-Picked Camellia Sinensis Single Estate Darjeeling Leaves,Honeysuckle; Apricot; Floral; Green Apple,3.1,7.6,7.1,0.5,8.3,51,1,3,81,2.5g per 200ml (or 1:1 milk-water for Chai),High Antioxidants; Gentle Vitality,Refreshed; Calm; Focused; Uplifted,All Season,1834.0,4.64,104,"An exquisite handcrafted darjeeling harvest from the famed terroirs of Darjeeling (Makaibari). Imbued with prominent sensory notes of Honeysuckle, Apricot, Floral, this blend exhibits an aroma rating of 8.3/10. Specially curated for refreshed, calm rituals, it offers potent high antioxidants, gentle vitality.",Shrewsbury Butter Biscuits; Spicy Bhakarwadi & Mathri,https://images.unsplash.com/photo-1576092768241-dec231879fc3?auto=format&fit=crop&w=800&q=80
TEA-IN-0594,Brahmaputra Valley Bold Red '25,Assam (Upper Brahmaputra Valley),Assam,100% High-Grade Assam Whole Leaf & Golden Buds (Camellia Sinensis var. Assamica),Bold Body; Molasses; Woody; Caramel,6.5,4.8,2.2,4.2,7.1,72,4,5,96,2.5g per 200ml (or 1:1 milk-water for Chai),Cardiovascular Support; High Sustained Energy; Metabolic Fire,Focused; Motivated,First Flush Spring,1104.0,4.71,109,"An exquisite handcrafted assam harvest from the famed terroirs of Assam (Upper Brahmaputra Valley). Imbued with prominent sensory notes of Bold Body, Molasses, Woody, this blend exhibits an aroma rating of 7.1/10. Specially curated for focused, motivated rituals, it offers potent cardiovascular support, high sustained energy.",Dhokla with Green Chilies; Kashmiri Girda Flatbread with Butter,https://images.unsplash.com/photo-1544787219-7f47ccb76574?auto=format&fit=crop&w=800&q=80
TEA-IN-0595,Rose Petal & Green Cardamom Sweet Chai Lot #808 '24,Kolkata Street Estate,Masala Chai,"Assam CTC Black Tea, Green Cardamom Pods, Crushed Dry Ginger, Ceylon Cinnamon, Cloves, Black Pepper, Star Anise, Saffron",Spicy; Clove (Laung); Sweet Heat,5.3,5.0,1.7,8.6,9.5,69,45,5,95,2.5g per 200ml (or 1:1 milk-water for Chai),Cold & Cough Relief; Instant Warming,Refreshed; Comforting,Monsoon Special,257.0,4.38,222,"An exquisite handcrafted masala chai harvest from the famed terroirs of Kolkata Street Estate. Imbued with prominent sensory notes of Spicy, Clove (Laung), Sweet Heat, this blend exhibits an aroma rating of 9.5/10. Specially curated for refreshed, comforting rituals, it offers potent cold & cough relief, instant warming.",Spicy Bhakarwadi & Mathri; Crisp Hot Samosas with Mint & Tamarind Chutney,https://images.unsplash.com/photo-1544787219-7f47ccb76574?auto=format&fit=crop&w=800&q=80
TEA-IN-0596,Gulmarg Winter Spice Kahwa Lot #944 '24,Kashmir (Gulmarg Hills),Kashmir Kahwa,"Kashmiri Green Tea Leaves, Pampore Pure Saffron Strands, Green Cardamom, Cinnamon, Crushed Almond Slivers, Dried Rose Petals",Delicate Green; Cinnamon; Floral Honey; Nutty,2.8,7.7,8.0,7.9,9.7,29,3,5,85,2.5g per 200ml (or 1:1 milk-water for Chai),Calming Warmth; Stress Relief; Digestive Fire,Relaxed; Meditative; Cozy,First Flush Spring,1832.0,4.93,280,"An exquisite handcrafted kashmir kahwa harvest from the famed terroirs of Kashmir (Gulmarg Hills). Imbued with prominent sensory notes of Delicate Green, Cinnamon, Floral Honey, this blend exhibits an aroma rating of 9.7/10. Specially curated for relaxed, meditative rituals, it offers potent calming warmth, stress relief.",Traditional Osmania Butter Biscuits; Irani Cafe Bun Maska & Chai,https://images.unsplash.com/photo-1576092768241-dec231879fc3?auto=format&fit=crop&w=800&q=80
TEA-IN-0597,Blue Mountain Aromatic Orthdox,Nilgiri (Ooty Highlands),Nilgiri,100% High-Elevation Nilgiri Camellia Sinensis,Light Malt; Honey; Bright Citrus; Crisp Fruit; Plum,2.4,7.7,8.2,0.8,9.2,54,5,3,87,2.5g per 200ml (or 1:1 milk-water for Chai),Weight Balance; Heart Health; Antioxidant Rich; Daily Refreshment,Refreshed; Focused; Uplifted,Winter Warmth,410.0,4.57,426,"An exquisite handcrafted nilgiri harvest from the famed terroirs of Nilgiri (Ooty Highlands). Imbued with prominent sensory notes of Light Malt, Honey, Bright Citrus, this blend exhibits an aroma rating of 9.2/10. Specially curated for refreshed, focused rituals, it offers potent weight balance, heart health.",Poha with Roasted Peanuts; Kolkata Style Kathi Rolls,https://images.unsplash.com/photo-1546852199-2d8e8c4aa477?auto=format&fit=crop&w=800&q=80
TEA-IN-0598,Moringa & Lemongrass Detox Flush Lot #107,Kerala (Western Ghats),Ayurvedic Tisane,"Organic Tulsi (Holy Basil), Ashwagandha Root, Wild Himalayan Turmeric, Brahmi Leaves, Licorice (Mulethi), Fennel Seeds (Saunf), Lemongrass",Warm Ginger; Sweet Earthy; Fennel Sweetness,1.3,7.4,7.8,5.1,8.8,0,0,7,95,2.5g per 200ml (or 1:1 milk-water for Chai),Cortisol / Stress Reduction; Gut Health & Detox; Immunity Fortification; Deep Restful Sleep,Meditative; Cozy,All Season,479.0,4.62,205,"An exquisite handcrafted ayurvedic tisane harvest from the famed terroirs of Kerala (Western Ghats). Imbued with prominent sensory notes of Warm Ginger, Sweet Earthy, Fennel Sweetness, this blend exhibits an aroma rating of 8.8/10. Specially curated for meditative, cozy rituals, it offers potent cortisol / stress reduction, gut health & detox.",Spicy Bhakarwadi & Mathri; Kolkata Style Kathi Rolls; Crisp Onion & Paneer Pakoras,https://images.unsplash.com/photo-1544787219-7f47ccb76574?auto=format&fit=crop&w=800&q=80
TEA-IN-0599,Dharamshala Mountain Dew Green,Himachal Pradesh (Palampur),Kangra Valley,100% Certified GI Tagged Kangra Valley Whole Leaf Tea,Mellow Green; Roasted Corn; Pine Mist; Nutty,2.6,5.7,5.3,2.0,7.5,26,5,3,80,2.5g per 200ml (or 1:1 milk-water for Chai),Antioxidant Shield; Digestive Ease; Metabolic Balance; Peaceful Focus,Calm; Uplifted; Meditative,Monsoon Special,1089.0,4.31,106,"An exquisite handcrafted kangra valley harvest from the famed terroirs of Himachal Pradesh (Palampur). Imbued with prominent sensory notes of Mellow Green, Roasted Corn, Pine Mist, this blend exhibits an aroma rating of 7.5/10. Specially curated for calm, uplifted rituals, it offers potent antioxidant shield, digestive ease.",Gulab Jamun with Rosewater Syrup; Crisp Hot Samosas with Mint & Tamarind Chutney,https://images.unsplash.com/photo-1563822249548-9a72b6353cd1?auto=format&fit=crop&w=800&q=80
TEA-IN-0600,Kanchenjunga Mist Golden Tips '25,"Sikkim (Temi Tea Estate, South Sikkim)",Sikkim Temi,100% Organic Single Estate Temi Leaves,Muscatel; Gentle Spice; Peach; Caramel,1.7,7.8,6.7,1.6,9.4,41,5,4,89,2.5g per 200ml (or 1:1 milk-water for Chai),Pure Organic Nutrition; Skin Vitality,Focused; Meditative,Winter Warmth,1632.0,4.43,244,"An exquisite handcrafted sikkim temi harvest from the famed terroirs of Sikkim (Temi Tea Estate, South Sikkim). Imbued with prominent sensory notes of Muscatel, Gentle Spice, Peach, this blend exhibits an aroma rating of 9.4/10. Specially curated for focused, meditative rituals, it offers potent pure organic nutrition, skin vitality.",Gulab Jamun with Rosewater Syrup; Kolkata Style Kathi Rolls; Traditional Osmania Butter Biscuits,https://images.unsplash.com/photo-1576092768241-dec231879fc3?auto=format&fit=crop&w=800&q=80
TEA-IN-0601,Margaret's Hope Golden Tips '26,Darjeeling (Singbulli),Darjeeling,100% Hand-Picked Camellia Sinensis Single Estate Darjeeling Leaves,Floral; Honey; Honeysuckle; Citrus Zest; Muscatel,2.9,7.1,8.9,1.5,8.8,35,5,3,90,2.5g per 200ml (or 1:1 milk-water for Chai),Mental Clarity; High Antioxidants; Gentle Vitality; Heart Wellness,Refreshed; Uplifted,First Flush Spring,635.0,4.38,55,"An exquisite handcrafted darjeeling harvest from the famed terroirs of Darjeeling (Singbulli). Imbued with prominent sensory notes of Floral, Honey, Honeysuckle, this blend exhibits an aroma rating of 8.8/10. Specially curated for refreshed, uplifted rituals, it offers potent mental clarity, high antioxidants.",Kolkata Style Kathi Rolls; Traditional Osmania Butter Biscuits,https://images.unsplash.com/photo-1594631252845-29fc4cc8cde9?auto=format&fit=crop&w=800&q=80
TEA-IN-0602,Golden Tips Extra Special Orthodox Lot #488,Assam (Dibrugarh),Assam,100% High-Grade Assam Whole Leaf & Golden Buds (Camellia Sinensis var. Assamica),Bold Body; Molasses; Caramel; Toasted Grain,5.0,5.2,3.4,2.4,7.0,51,1,5,99,2.5g per 200ml (or 1:1 milk-water for Chai),Digestive Power; Immune Strength; Cardiovascular Support; Metabolic Fire,Energetic; Motivated; Cozy; Focused,Autumnal Harvest,921.0,4.32,189,"An exquisite handcrafted assam harvest from the famed terroirs of Assam (Dibrugarh). Imbued with prominent sensory notes of Bold Body, Molasses, Caramel, this blend exhibits an aroma rating of 7.0/10. Specially curated for energetic, motivated rituals, it offers potent digestive power, immune strength.",Spicy Bhakarwadi & Mathri; Crisp Onion & Paneer Pakoras; Traditional Osmania Butter Biscuits,https://images.unsplash.com/photo-1544787219-7f47ccb76574?auto=format&fit=crop&w=800&q=80
TEA-IN-0603,Authentic Mumbai Cutting Masala Chai,Rajasthan Royal Palace,Masala Chai,"Assam CTC Black Tea, Green Cardamom Pods, Crushed Dry Ginger, Ceylon Cinnamon, Cloves, Black Pepper, Star Anise, Saffron",Clove (Laung); Cardamom (Elaichi); Peppery,3.7,4.9,2.8,8.5,9.3,52,26,5,98,2.5g per 200ml (or 1:1 milk-water for Chai),Digestive Comfort; Cold & Cough Relief; Anti-inflammatory; Instant Warming,Energetic; Comforting,Winter Warmth,505.0,4.31,208,"An exquisite handcrafted masala chai harvest from the famed terroirs of Rajasthan Royal Palace. Imbued with prominent sensory notes of Clove (Laung), Cardamom (Elaichi), Peppery, this blend exhibits an aroma rating of 9.3/10. Specially curated for energetic, comforting rituals, it offers potent digestive comfort, cold & cough relief.",Kashmiri Girda Flatbread with Butter; Crisp Onion & Paneer Pakoras,https://images.unsplash.com/photo-1571934811356-5cc061b6821f?auto=format&fit=crop&w=800&q=80
TEA-IN-0604,Pampore Golden Saffron Green Infusion Lot #574,Kashmir (Srinagar Valley),Kashmir Kahwa,"Kashmiri Green Tea Leaves, Pampore Pure Saffron Strands, Green Cardamom, Cinnamon, Crushed Almond Slivers, Dried Rose Petals",Delicate Green; Sweet Almond; Cinnamon; Nutty,1.4,6.9,9.5,7.6,9.6,28,4,5,84,2.5g per 200ml (or 1:1 milk-water for Chai),Calming Warmth; Stress Relief; Digestive Fire,Calm; Refreshed; Meditative,Monsoon Special,1607.0,4.51,82,"An exquisite handcrafted kashmir kahwa harvest from the famed terroirs of Kashmir (Srinagar Valley). Imbued with prominent sensory notes of Delicate Green, Sweet Almond, Cinnamon, this blend exhibits an aroma rating of 9.6/10. Specially curated for calm, refreshed rituals, it offers potent calming warmth, stress relief.",Kashmiri Girda Flatbread with Butter; Warm Cardamom Nankhatai,https://images.unsplash.com/photo-1563822249548-9a72b6353cd1?auto=format&fit=crop&w=800&q=80
TEA-IN-0605,High Altitude Floral White Nilgiri Lot #979,Nilgiri (Coonoor),Nilgiri,100% High-Elevation Nilgiri Camellia Sinensis,Bright Citrus; Crisp Fruit; Light Malt,2.4,6.7,7.7,1.0,8.6,35,5,3,87,2.5g per 200ml (or 1:1 milk-water for Chai),Weight Balance; Heart Health; Daily Refreshment; Gentle Alertness,Calm; Refreshed; Focused; Uplifted,Winter Warmth,840.0,4.34,108,"An exquisite handcrafted nilgiri harvest from the famed terroirs of Nilgiri (Coonoor). Imbued with prominent sensory notes of Bright Citrus, Crisp Fruit, Light Malt, this blend exhibits an aroma rating of 8.6/10. Specially curated for calm, refreshed rituals, it offers potent weight balance, heart health.",Crisp Hot Samosas with Mint & Tamarind Chutney; Kolkata Style Kathi Rolls,https://images.unsplash.com/photo-1597481499750-3e6b22637e12?auto=format&fit=crop&w=800&q=80
TEA-IN-0606,Giloy & Tulsi Monsoon Kadha Herbal Lot #409 '26,Kerala (Western Ghats),Ayurvedic Tisane,"Organic Tulsi (Holy Basil), Ashwagandha Root, Wild Himalayan Turmeric, Brahmi Leaves, Licorice (Mulethi), Fennel Seeds (Saunf), Lemongrass",Cooling; Herbal; Tulsi Mint,1.4,5.1,6.8,3.7,8.2,0,1,5,95,2.5g per 200ml (or 1:1 milk-water for Chai),Gut Health & Detox; Joint & Anti-inflammatory; Deep Restful Sleep,Calm; Soothing; Relaxed,Monsoon Special,391.0,4.8,202,"An exquisite handcrafted ayurvedic tisane harvest from the famed terroirs of Kerala (Western Ghats). Imbued with prominent sensory notes of Cooling, Herbal, Tulsi Mint, this blend exhibits an aroma rating of 8.2/10. Specially curated for calm, soothing rituals, it offers potent gut health & detox, joint & anti-inflammatory.",Dhokla with Green Chilies; Crisp Hot Samosas with Mint & Tamarind Chutney,https://images.unsplash.com/photo-1597481499750-3e6b22637e12?auto=format&fit=crop&w=800&q=80
TEA-IN-0607,Palampur Orthodox Spring Gold '25,Himachal Pradesh (Kangra Valley),Kangra Valley,100% Certified GI Tagged Kangra Valley Whole Leaf Tea,Floral; Roasted Corn; Nutty,3.1,7.7,6.9,1.4,7.4,36,5,4,82,2.5g per 200ml (or 1:1 milk-water for Chai),Peaceful Focus; Digestive Ease; High Polyphenols; Antioxidant Shield,Refreshed; Uplifted; Meditative; Focused,Monsoon Special,461.0,4.94,301,"An exquisite handcrafted kangra valley harvest from the famed terroirs of Himachal Pradesh (Kangra Valley). Imbued with prominent sensory notes of Floral, Roasted Corn, Nutty, this blend exhibits an aroma rating of 7.4/10. Specially curated for refreshed, uplifted rituals, it offers potent peaceful focus, digestive ease.",Kashmiri Girda Flatbread with Butter; Spicy Bhakarwadi & Mathri; Traditional Osmania Butter Biscuits,https://images.unsplash.com/photo-1563822249548-9a72b6353cd1?auto=format&fit=crop&w=800&q=80
TEA-IN-0608,Temi Estate 100% Organic First Flush,"Sikkim (Temi Tea Estate, South Sikkim)",Sikkim Temi,100% Organic Single Estate Temi Leaves,Muscatel; Peach; Caramel; Sweet Floral,3.2,6.4,8.2,1.3,9.3,33,3,4,86,2.5g per 200ml (or 1:1 milk-water for Chai),L-Theanine Serenity; Cardiovascular Support; Skin Vitality,Refreshed; Meditative; Serene; Focused,All Season,827.0,4.78,92,"An exquisite handcrafted sikkim temi harvest from the famed terroirs of Sikkim (Temi Tea Estate, South Sikkim). Imbued with prominent sensory notes of Muscatel, Peach, Caramel, this blend exhibits an aroma rating of 9.3/10. Specially curated for refreshed, meditative rituals, it offers potent l-theanine serenity, cardiovascular support.",Shrewsbury Butter Biscuits; Crisp Hot Samosas with Mint & Tamarind Chutney,https://images.unsplash.com/photo-1576092768241-dec231879fc3?auto=format&fit=crop&w=800&q=80
TEA-IN-0609,Misty Mountain Bio-Dynamic First Flush Lot #152,Darjeeling (Singbulli),Darjeeling,100% Hand-Picked Camellia Sinensis Single Estate Darjeeling Leaves,Muscatel; Apricot; Green Apple; Pine Wood,3.5,5.4,9.0,1.2,9.8,31,2,3,80,2.5g per 200ml (or 1:1 milk-water for Chai),Mental Clarity; Heart Wellness,Focused; Uplifted,First Flush Spring,1380.0,4.53,405,"An exquisite handcrafted darjeeling harvest from the famed terroirs of Darjeeling (Singbulli). Imbued with prominent sensory notes of Muscatel, Apricot, Green Apple, this blend exhibits an aroma rating of 9.8/10. Specially curated for focused, uplifted rituals, it offers potent mental clarity, heart wellness.",Kashmiri Girda Flatbread with Butter; Spicy Bhakarwadi & Mathri; Crisp Onion & Paneer Pakoras,https://images.unsplash.com/photo-1576092768241-dec231879fc3?auto=format&fit=crop&w=800&q=80
TEA-IN-0610,Brahmaputra Valley Bold Red '26,Assam (Jorhat),Assam,100% High-Grade Assam Whole Leaf & Golden Buds (Camellia Sinensis var. Assamica),Honey; Caramel; Dark Cocoa,6.8,3.0,1.0,2.5,8.4,53,1,4,96,2.5g per 200ml (or 1:1 milk-water for Chai),Digestive Power; Cardiovascular Support; High Sustained Energy,Energetic; Motivated; Uplifted; Focused,First Flush Spring,998.0,4.71,197,"An exquisite handcrafted assam harvest from the famed terroirs of Assam (Jorhat). Imbued with prominent sensory notes of Honey, Caramel, Dark Cocoa, this blend exhibits an aroma rating of 8.4/10. Specially curated for energetic, motivated rituals, it offers potent digestive power, cardiovascular support.",Gulab Jamun with Rosewater Syrup; Spicy Bhakarwadi & Mathri,https://images.unsplash.com/photo-1571934811356-5cc061b6821f?auto=format&fit=crop&w=800&q=80
TEA-IN-0611,Five-Spice Maharaja Special Chai '24,Assam & Kerala Spice Hills,Masala Chai,"Assam CTC Black Tea, Green Cardamom Pods, Crushed Dry Ginger, Ceylon Cinnamon, Cloves, Black Pepper, Star Anise, Saffron",Cinnamon (Dalchini); Ginger (Adrak); Peppery,3.2,8.2,1.5,8.1,9.6,63,46,4,96,2.5g per 200ml (or 1:1 milk-water for Chai),Anti-inflammatory; Immunity Shield,Refreshed; Energetic; Uplifted; Cozy,First Flush Spring,613.0,4.39,46,"An exquisite handcrafted masala chai harvest from the famed terroirs of Assam & Kerala Spice Hills. Imbued with prominent sensory notes of Cinnamon (Dalchini), Ginger (Adrak), Peppery, this blend exhibits an aroma rating of 9.6/10. Specially curated for refreshed, energetic rituals, it offers potent anti-inflammatory, immunity shield.",Gulab Jamun with Rosewater Syrup; Irani Cafe Bun Maska & Chai,https://images.unsplash.com/photo-1571934811356-5cc061b6821f?auto=format&fit=crop&w=800&q=80
TEA-IN-0612,Royal Kashmiri Saffron Almond Kahwa Lot #840,Kashmir (Pampore Saffron Fields),Kashmir Kahwa,"Kashmiri Green Tea Leaves, Pampore Pure Saffron Strands, Green Cardamom, Cinnamon, Crushed Almond Slivers, Dried Rose Petals",Delicate Green; Saffron (Kesar); Cinnamon; Sweet Almond; Floral Honey,2.7,8.0,7.9,7.2,10.0,27,3,5,85,2.5g per 200ml (or 1:1 milk-water for Chai),Calming Warmth; Stress Relief; Digestive Fire; Skin Glow & Radiance,Calm; Meditative; Cozy,All Season,707.0,4.64,52,"An exquisite handcrafted kashmir kahwa harvest from the famed terroirs of Kashmir (Pampore Saffron Fields). Imbued with prominent sensory notes of Delicate Green, Saffron (Kesar), Cinnamon, this blend exhibits an aroma rating of 10.0/10. Specially curated for calm, meditative rituals, it offers potent calming warmth, stress relief.",Poha with Roasted Peanuts; Gulab Jamun with Rosewater Syrup; Irani Cafe Bun Maska & Chai,https://images.unsplash.com/photo-1576092768241-dec231879fc3?auto=format&fit=crop&w=800&q=80
TEA-IN-0613,Nilgiri Golden Needle Rare Estate Lot #922 '26,Nilgiri (Ooty Highlands),Nilgiri,100% High-Elevation Nilgiri Camellia Sinensis,Honey; Floral; Plum,1.9,7.0,7.6,1.9,9.4,49,1,3,92,2.5g per 200ml (or 1:1 milk-water for Chai),Weight Balance; Daily Refreshment; Antioxidant Rich; Gentle Alertness,Refreshed; Creative,Winter Warmth,395.0,4.77,372,"An exquisite handcrafted nilgiri harvest from the famed terroirs of Nilgiri (Ooty Highlands). Imbued with prominent sensory notes of Honey, Floral, Plum, this blend exhibits an aroma rating of 9.4/10. Specially curated for refreshed, creative rituals, it offers potent weight balance, daily refreshment.",Shrewsbury Butter Biscuits; Gulab Jamun with Rosewater Syrup,https://images.unsplash.com/photo-1546852199-2d8e8c4aa477?auto=format&fit=crop&w=800&q=80
TEA-IN-0614,"Sacred Tulsi Trio (Rama, Krishna, Vana) Lot #151 '25",Kerala (Western Ghats),Ayurvedic Tisane,"Organic Tulsi (Holy Basil), Ashwagandha Root, Wild Himalayan Turmeric, Brahmi Leaves, Licorice (Mulethi), Fennel Seeds (Saunf), Lemongrass",Herbal; Sweet Earthy; Woody; Botanical; Tulsi Mint,1.2,4.1,6.5,2.9,7.8,0,4,7,97,2.5g per 200ml (or 1:1 milk-water for Chai),Cortisol / Stress Reduction; Joint & Anti-inflammatory; Deep Restful Sleep,Meditative; Cozy,Autumnal Harvest,417.0,4.31,168,"An exquisite handcrafted ayurvedic tisane harvest from the famed terroirs of Kerala (Western Ghats). Imbued with prominent sensory notes of Herbal, Sweet Earthy, Woody, this blend exhibits an aroma rating of 7.8/10. Specially curated for meditative, cozy rituals, it offers potent cortisol / stress reduction, joint & anti-inflammatory.",Shrewsbury Butter Biscuits; Kashmiri Girda Flatbread with Butter; Traditional Osmania Butter Biscuits,https://images.unsplash.com/photo-1597481499750-3e6b22637e12?auto=format&fit=crop&w=800&q=80
TEA-IN-0615,Palampur Orthodox Spring Gold,Himachal Pradesh (Kangra Valley),Kangra Valley,100% Certified GI Tagged Kangra Valley Whole Leaf Tea,Floral; Roasted Corn; Sweet Vegetal; Pine Mist; Mellow Green,1.8,7.5,7.1,1.5,8.7,28,1,4,75,2.5g per 200ml (or 1:1 milk-water for Chai),Digestive Ease; High Polyphenols; Peaceful Focus,Calm; Refreshed; Uplifted; Meditative,Monsoon Special,1084.0,4.31,211,"An exquisite handcrafted kangra valley harvest from the famed terroirs of Himachal Pradesh (Kangra Valley). Imbued with prominent sensory notes of Floral, Roasted Corn, Sweet Vegetal, this blend exhibits an aroma rating of 8.7/10. Specially curated for calm, refreshed rituals, it offers potent digestive ease, high polyphenols.",Gulab Jamun with Rosewater Syrup; Warm Cardamom Nankhatai,https://images.unsplash.com/photo-1563822249548-9a72b6353cd1?auto=format&fit=crop&w=800&q=80
TEA-IN-0616,Sikkim Green Dragon Spring Leaf '25,Sikkim (Ravangla Highlands),Sikkim Temi,100% Organic Single Estate Temi Leaves,Honeyed Wood; Sweet Floral; Peach; Caramel; Muscatel,1.9,7.7,7.7,2.2,9.4,37,5,3,86,2.5g per 200ml (or 1:1 milk-water for Chai),Cardiovascular Support; Skin Vitality,Refreshed; Focused; Calm,Autumnal Harvest,547.0,4.57,297,"An exquisite handcrafted sikkim temi harvest from the famed terroirs of Sikkim (Ravangla Highlands). Imbued with prominent sensory notes of Honeyed Wood, Sweet Floral, Peach, this blend exhibits an aroma rating of 9.4/10. Specially curated for refreshed, focused rituals, it offers potent cardiovascular support, skin vitality.",Dhokla with Green Chilies; Crisp Hot Samosas with Mint & Tamarind Chutney; Irani Cafe Bun Maska & Chai,https://images.unsplash.com/photo-1546852199-2d8e8c4aa477?auto=format&fit=crop&w=800&q=80
TEA-IN-0617,Silver Needle White Darjeeling Lot #129 '26,Darjeeling (Singbulli),Darjeeling,100% Hand-Picked Camellia Sinensis Single Estate Darjeeling Leaves,Citrus Zest; Honeysuckle; Green Apple,3.3,5.6,8.8,0.7,8.6,51,3,3,80,2.5g per 200ml (or 1:1 milk-water for Chai),High Antioxidants; Cellular Protection; Gentle Vitality; Heart Wellness,Meditative; Focused,All Season,1963.0,4.42,240,"An exquisite handcrafted darjeeling harvest from the famed terroirs of Darjeeling (Singbulli). Imbued with prominent sensory notes of Citrus Zest, Honeysuckle, Green Apple, this blend exhibits an aroma rating of 8.6/10. Specially curated for meditative, focused rituals, it offers potent high antioxidants, cellular protection.",Dhokla with Green Chilies; Warm Cardamom Nankhatai; Irani Cafe Bun Maska & Chai,https://images.unsplash.com/photo-1594631252845-29fc4cc8cde9?auto=format&fit=crop&w=800&q=80
TEA-IN-0618,Malty Breakfast Kadak CTC Lot #739,Assam (Dibrugarh),Assam,100% High-Grade Assam Whole Leaf & Golden Buds (Camellia Sinensis var. Assamica),Honey; Malty; Woody; Dark Cocoa; Molasses,6.3,4.9,1.3,2.1,7.3,72,0,4,97,2.5g per 200ml (or 1:1 milk-water for Chai),High Sustained Energy; Metabolic Fire,Energetic; Uplifted,All Season,635.0,4.4,242,"An exquisite handcrafted assam harvest from the famed terroirs of Assam (Dibrugarh). Imbued with prominent sensory notes of Honey, Malty, Woody, this blend exhibits an aroma rating of 7.3/10. Specially curated for energetic, uplifted rituals, it offers potent high sustained energy, metabolic fire.",Poha with Roasted Peanuts; Shrewsbury Butter Biscuits; Kolkata Style Kathi Rolls,https://images.unsplash.com/photo-1514733670139-4d87a1941d55?auto=format&fit=crop&w=800&q=80
TEA-IN-0619,Dhaba Style Kulhad Strong Chai Lot #512,Delhi Old Quarter,Masala Chai,"Assam CTC Black Tea, Green Cardamom Pods, Crushed Dry Ginger, Ceylon Cinnamon, Cloves, Black Pepper, Star Anise, Saffron",Cardamom (Elaichi); Peppery; Cinnamon (Dalchini); Sweet Heat; Spicy,3.0,7.4,1.3,8.3,9.6,41,34,5,96,2.5g per 200ml (or 1:1 milk-water for Chai),Immunity Shield; Cold & Cough Relief; Instant Warming,Refreshed; Energetic; Uplifted,Autumnal Harvest,661.0,4.83,80,"An exquisite handcrafted masala chai harvest from the famed terroirs of Delhi Old Quarter. Imbued with prominent sensory notes of Cardamom (Elaichi), Peppery, Cinnamon (Dalchini), this blend exhibits an aroma rating of 9.6/10. Specially curated for refreshed, energetic rituals, it offers potent immunity shield, cold & cough relief.",Poha with Roasted Peanuts; Spicy Bhakarwadi & Mathri; Warm Cardamom Nankhatai,https://images.unsplash.com/photo-1571934811356-5cc061b6821f?auto=format&fit=crop&w=800&q=80
TEA-IN-0620,Traditional Samovar Cinnamon Kahwa,Kashmir (Srinagar Valley),Kashmir Kahwa,"Kashmiri Green Tea Leaves, Pampore Pure Saffron Strands, Green Cardamom, Cinnamon, Crushed Almond Slivers, Dried Rose Petals",Cardamom; Cinnamon; Nutty,2.2,8.1,7.5,5.4,9.1,17,2,5,80,2.5g per 200ml (or 1:1 milk-water for Chai),Calming Warmth; Stress Relief; Skin Glow & Radiance,Refreshed; Relaxed; Calm,Autumnal Harvest,1322.0,4.7,333,"An exquisite handcrafted kashmir kahwa harvest from the famed terroirs of Kashmir (Srinagar Valley). Imbued with prominent sensory notes of Cardamom, Cinnamon, Nutty, this blend exhibits an aroma rating of 9.1/10. Specially curated for refreshed, relaxed rituals, it offers potent calming warmth, stress relief.",Dhokla with Green Chilies; Gulab Jamun with Rosewater Syrup; Irani Cafe Bun Maska & Chai,https://images.unsplash.com/photo-1563822249548-9a72b6353cd1?auto=format&fit=crop&w=800&q=80
TEA-IN-0621,Blue Mountain Aromatic Orthdox Lot #304,Nilgiri (Coonoor),Nilgiri,100% High-Elevation Nilgiri Camellia Sinensis,Floral; Crisp Fruit; Plum,2.4,6.1,8.6,1.3,8.0,48,1,3,85,2.5g per 200ml (or 1:1 milk-water for Chai),Weight Balance; Heart Health; Daily Refreshment; Gentle Alertness,Refreshed; Creative,First Flush Spring,646.0,4.9,140,"An exquisite handcrafted nilgiri harvest from the famed terroirs of Nilgiri (Coonoor). Imbued with prominent sensory notes of Floral, Crisp Fruit, Plum, this blend exhibits an aroma rating of 8.0/10. Specially curated for refreshed, creative rituals, it offers potent weight balance, heart health.",Poha with Roasted Peanuts; Crisp Hot Samosas with Mint & Tamarind Chutney; Crisp Onion & Paneer Pakoras,https://images.unsplash.com/photo-1597481499750-3e6b22637e12?auto=format&fit=crop&w=800&q=80
TEA-IN-0622,Triphala & Fennel Digestive Nectar Lot #963 '24,Himalayan Foothills,Ayurvedic Tisane,"Organic Tulsi (Holy Basil), Ashwagandha Root, Wild Himalayan Turmeric, Brahmi Leaves, Licorice (Mulethi), Fennel Seeds (Saunf), Lemongrass",Warm Ginger; Sweet Earthy; Woody,2.1,6.3,6.4,2.2,8.3,0,1,6,98,2.5g per 200ml (or 1:1 milk-water for Chai),Gut Health & Detox; Joint & Anti-inflammatory,Calm; Soothing; Meditative; Cozy,All Season,373.0,4.73,297,"An exquisite handcrafted ayurvedic tisane harvest from the famed terroirs of Himalayan Foothills. Imbued with prominent sensory notes of Warm Ginger, Sweet Earthy, Woody, this blend exhibits an aroma rating of 8.3/10. Specially curated for calm, soothing rituals, it offers potent gut health & detox, joint & anti-inflammatory.",Shrewsbury Butter Biscuits; Crisp Onion & Paneer Pakoras,https://images.unsplash.com/photo-1544787219-7f47ccb76574?auto=format&fit=crop&w=800&q=80
TEA-IN-0623,Palampur Orthodox Spring Gold Lot #354,Himachal Pradesh (Dharamshala),Kangra Valley,100% Certified GI Tagged Kangra Valley Whole Leaf Tea,Floral; Roasted Corn; Sweet Vegetal; Pine Mist; Nutty,1.8,7.4,5.0,0.6,7.3,35,1,2,78,2.5g per 200ml (or 1:1 milk-water for Chai),Digestive Ease; Metabolic Balance; Peaceful Focus,Calm; Focused; Meditative; Uplifted,Monsoon Special,953.0,4.59,342,"An exquisite handcrafted kangra valley harvest from the famed terroirs of Himachal Pradesh (Dharamshala). Imbued with prominent sensory notes of Floral, Roasted Corn, Sweet Vegetal, this blend exhibits an aroma rating of 7.3/10. Specially curated for calm, focused rituals, it offers potent digestive ease, metabolic balance.",Gulab Jamun with Rosewater Syrup; Kashmiri Girda Flatbread with Butter; Spicy Bhakarwadi & Mathri,https://images.unsplash.com/photo-1563822249548-9a72b6353cd1?auto=format&fit=crop&w=800&q=80
TEA-IN-0624,Sikkim Green Dragon Spring Leaf '26,"Sikkim (Temi Tea Estate, South Sikkim)",Sikkim Temi,100% Organic Single Estate Temi Leaves,Sweet Floral; Gentle Spice; Peach,2.5,8.1,8.5,1.5,8.1,32,4,4,88,2.5g per 200ml (or 1:1 milk-water for Chai),Pure Organic Nutrition; L-Theanine Serenity; Skin Vitality,Refreshed; Meditative; Serene; Focused,Monsoon Special,1639.0,4.86,97,"An exquisite handcrafted sikkim temi harvest from the famed terroirs of Sikkim (Temi Tea Estate, South Sikkim). Imbued with prominent sensory notes of Sweet Floral, Gentle Spice, Peach, this blend exhibits an aroma rating of 8.1/10. Specially curated for refreshed, meditative rituals, it offers potent pure organic nutrition, l-theanine serenity.",Poha with Roasted Peanuts; Kashmiri Girda Flatbread with Butter,https://images.unsplash.com/photo-1576092768241-dec231879fc3?auto=format&fit=crop&w=800&q=80
TEA-IN-0625,Misty Mountain Bio-Dynamic First Flush Lot #942,Darjeeling (Margaret's Hope),Darjeeling,100% Hand-Picked Camellia Sinensis Single Estate Darjeeling Leaves,Floral; Citrus Zest; Honeysuckle; Pine Wood; Green Apple,2.5,5.7,9.6,1.4,8.2,38,1,4,89,2.5g per 200ml (or 1:1 milk-water for Chai),Mental Clarity; High Antioxidants; Gentle Vitality; Heart Wellness,Calm; Uplifted,First Flush Spring,1965.0,4.58,322,"An exquisite handcrafted darjeeling harvest from the famed terroirs of Darjeeling (Margaret's Hope). Imbued with prominent sensory notes of Floral, Citrus Zest, Honeysuckle, this blend exhibits an aroma rating of 8.2/10. Specially curated for calm, uplifted rituals, it offers potent mental clarity, high antioxidants.",Poha with Roasted Peanuts; Gulab Jamun with Rosewater Syrup; Warm Cardamom Nankhatai,https://images.unsplash.com/photo-1594631252845-29fc4cc8cde9?auto=format&fit=crop&w=800&q=80
TEA-IN-0626,Malty Breakfast Kadak CTC Lot #506,Assam (Golaghat),Assam,100% High-Grade Assam Whole Leaf & Golden Buds (Camellia Sinensis var. Assamica),Dark Cocoa; Bold Body; Molasses; Toasted Grain,6.0,4.9,2.8,2.4,8.7,58,2,5,98,2.5g per 200ml (or 1:1 milk-water for Chai),Metabolic Fire; Cardiovascular Support; High Sustained Energy; Immune Strength,Uplifted; Motivated,Winter Warmth,1027.0,4.37,214,"An exquisite handcrafted assam harvest from the famed terroirs of Assam (Golaghat). Imbued with prominent sensory notes of Dark Cocoa, Bold Body, Molasses, this blend exhibits an aroma rating of 8.7/10. Specially curated for uplifted, motivated rituals, it offers potent metabolic fire, cardiovascular support.",Dhokla with Green Chilies; Spicy Bhakarwadi & Mathri; Traditional Osmania Butter Biscuits,https://images.unsplash.com/photo-1571934811356-5cc061b6821f?auto=format&fit=crop&w=800&q=80
TEA-IN-0627,Star Anise & Nutmeg Winter Chai,Assam & Kerala Spice Hills,Masala Chai,"Assam CTC Black Tea, Green Cardamom Pods, Crushed Dry Ginger, Ceylon Cinnamon, Cloves, Black Pepper, Star Anise, Saffron",Cardamom (Elaichi); Creamy; Cinnamon (Dalchini),5.4,4.7,2.9,9.5,9.9,49,25,4,95,2.5g per 200ml (or 1:1 milk-water for Chai),Cold & Cough Relief; Instant Warming,Refreshed; Uplifted; Cozy,Second Flush Summer,446.0,4.37,133,"An exquisite handcrafted masala chai harvest from the famed terroirs of Assam & Kerala Spice Hills. Imbued with prominent sensory notes of Cardamom (Elaichi), Creamy, Cinnamon (Dalchini), this blend exhibits an aroma rating of 9.9/10. Specially curated for refreshed, uplifted rituals, it offers potent cold & cough relief, instant warming.",Shrewsbury Butter Biscuits; Warm Cardamom Nankhatai,https://images.unsplash.com/photo-1544787219-7f47ccb76574?auto=format&fit=crop&w=800&q=80
TEA-IN-0628,Rose Petal & Kashmiri Cardamom Kahwa Lot #438,Kashmir (Gulmarg Hills),Kashmir Kahwa,"Kashmiri Green Tea Leaves, Pampore Pure Saffron Strands, Green Cardamom, Cinnamon, Crushed Almond Slivers, Dried Rose Petals",Cardamom; Sweet Almond; Floral Honey; Saffron (Kesar),2.3,7.6,6.8,6.8,9.5,27,5,3,84,2.5g per 200ml (or 1:1 milk-water for Chai),Digestive Fire; Skin Glow & Radiance; Immunity Boost,Relaxed; Cozy,Monsoon Special,1328.0,4.89,325,"An exquisite handcrafted kashmir kahwa harvest from the famed terroirs of Kashmir (Gulmarg Hills). Imbued with prominent sensory notes of Cardamom, Sweet Almond, Floral Honey, this blend exhibits an aroma rating of 9.5/10. Specially curated for relaxed, cozy rituals, it offers potent digestive fire, skin glow & radiance.",Poha with Roasted Peanuts; Kashmiri Girda Flatbread with Butter; Spicy Bhakarwadi & Mathri,https://images.unsplash.com/photo-1563822249548-9a72b6353cd1?auto=format&fit=crop&w=800&q=80
TEA-IN-0629,High Altitude Floral White Nilgiri Lot #467,Nilgiri (Blue Mountains),Nilgiri,100% High-Elevation Nilgiri Camellia Sinensis,Light Malt; Honey; Sweet Melon; Bright Citrus; Crisp Fruit,1.2,6.7,7.7,2.2,9.5,48,2,4,92,2.5g per 200ml (or 1:1 milk-water for Chai),Heart Health; Gentle Alertness,Refreshed; Uplifted,First Flush Spring,820.0,4.9,82,"An exquisite handcrafted nilgiri harvest from the famed terroirs of Nilgiri (Blue Mountains). Imbued with prominent sensory notes of Light Malt, Honey, Sweet Melon, this blend exhibits an aroma rating of 9.5/10. Specially curated for refreshed, uplifted rituals, it offers potent heart health, gentle alertness.",Poha with Roasted Peanuts; Kolkata Style Kathi Rolls,https://images.unsplash.com/photo-1597481499750-3e6b22637e12?auto=format&fit=crop&w=800&q=80
TEA-IN-0630,Brahmi & Shankhpushpi Memory Tonic Lot #411 '25,Madhya Pradesh Herbal Forests,Ayurvedic Tisane,"Organic Tulsi (Holy Basil), Ashwagandha Root, Wild Himalayan Turmeric, Brahmi Leaves, Licorice (Mulethi), Fennel Seeds (Saunf), Lemongrass",Warm Ginger; Herbal; Woody,0.8,6.4,4.2,3.9,8.8,0,4,6,97,2.5g per 200ml (or 1:1 milk-water for Chai),Cortisol / Stress Reduction; Deep Restful Sleep,Calm; Soothing; Meditative,First Flush Spring,419.0,4.88,83,"An exquisite handcrafted ayurvedic tisane harvest from the famed terroirs of Madhya Pradesh Herbal Forests. Imbued with prominent sensory notes of Warm Ginger, Herbal, Woody, this blend exhibits an aroma rating of 8.8/10. Specially curated for calm, soothing rituals, it offers potent cortisol / stress reduction, deep restful sleep.",Spicy Bhakarwadi & Mathri; Crisp Onion & Paneer Pakoras,https://images.unsplash.com/photo-1597481499750-3e6b22637e12?auto=format&fit=crop&w=800&q=80
TEA-IN-0631,Dharamshala Mountain Dew Green '26,Himachal Pradesh (Kangra Valley),Kangra Valley,100% Certified GI Tagged Kangra Valley Whole Leaf Tea,Sweet Vegetal; Mellow Green; Floral; Roasted Corn,1.7,7.5,5.9,1.0,8.8,31,2,4,80,2.5g per 200ml (or 1:1 milk-water for Chai),Digestive Ease; High Polyphenols,Refreshed; Uplifted; Meditative; Focused,Second Flush Summer,1019.0,4.45,105,"An exquisite handcrafted kangra valley harvest from the famed terroirs of Himachal Pradesh (Kangra Valley). Imbued with prominent sensory notes of Sweet Vegetal, Mellow Green, Floral, this blend exhibits an aroma rating of 8.8/10. Specially curated for refreshed, uplifted rituals, it offers potent digestive ease, high polyphenols.",Warm Cardamom Nankhatai; Irani Cafe Bun Maska & Chai,https://images.unsplash.com/photo-1576092768241-dec231879fc3?auto=format&fit=crop&w=800&q=80
TEA-IN-0632,Temi Estate 100% Organic First Flush '24,"Sikkim (Temi Tea Estate, South Sikkim)",Sikkim Temi,100% Organic Single Estate Temi Leaves,Honeyed Wood; Peach; Muscatel,3.4,6.2,8.3,1.9,9.4,42,5,4,88,2.5g per 200ml (or 1:1 milk-water for Chai),Cardiovascular Support; Pure Organic Nutrition; L-Theanine Serenity; Skin Vitality,Refreshed; Focused; Meditative; Calm,First Flush Spring,1305.0,4.51,227,"An exquisite handcrafted sikkim temi harvest from the famed terroirs of Sikkim (Temi Tea Estate, South Sikkim). Imbued with prominent sensory notes of Honeyed Wood, Peach, Muscatel, this blend exhibits an aroma rating of 9.4/10. Specially curated for refreshed, focused rituals, it offers potent cardiovascular support, pure organic nutrition.",Poha with Roasted Peanuts; Crisp Onion & Paneer Pakoras,https://images.unsplash.com/photo-1546852199-2d8e8c4aa477?auto=format&fit=crop&w=800&q=80
TEA-IN-0633,High Elevation Queen of Teas Lot #730,Darjeeling (Margaret's Hope),Darjeeling,100% Hand-Picked Camellia Sinensis Single Estate Darjeeling Leaves,Honey; Apricot; Floral; Green Apple,1.7,6.3,7.2,1.8,8.1,37,0,4,87,2.5g per 200ml (or 1:1 milk-water for Chai),Mental Clarity; High Antioxidants; Heart Wellness,Refreshed; Meditative; Calm,Second Flush Summer,1849.0,4.97,255,"An exquisite handcrafted darjeeling harvest from the famed terroirs of Darjeeling (Margaret's Hope). Imbued with prominent sensory notes of Honey, Apricot, Floral, this blend exhibits an aroma rating of 8.1/10. Specially curated for refreshed, meditative rituals, it offers potent mental clarity, high antioxidants.",Dhokla with Green Chilies; Crisp Onion & Paneer Pakoras; Kolkata Style Kathi Rolls,https://images.unsplash.com/photo-1576092768241-dec231879fc3?auto=format&fit=crop&w=800&q=80
TEA-IN-0634,Smoked Wild Bamboo Assam Lot #718,Assam (Dibrugarh),Assam,100% High-Grade Assam Whole Leaf & Golden Buds (Camellia Sinensis var. Assamica),Honey; Woody; Toasted Grain,5.2,4.7,2.6,2.2,7.3,57,0,4,100,2.5g per 200ml (or 1:1 milk-water for Chai),Digestive Power; Cardiovascular Support; High Sustained Energy; Metabolic Fire,Uplifted; Motivated; Energetic; Focused,Autumnal Harvest,476.0,4.49,304,"An exquisite handcrafted assam harvest from the famed terroirs of Assam (Dibrugarh). Imbued with prominent sensory notes of Honey, Woody, Toasted Grain, this blend exhibits an aroma rating of 7.3/10. Specially curated for uplifted, motivated rituals, it offers potent digestive power, cardiovascular support.",Shrewsbury Butter Biscuits; Gulab Jamun with Rosewater Syrup; Irani Cafe Bun Maska & Chai,https://images.unsplash.com/photo-1571934811356-5cc061b6821f?auto=format&fit=crop&w=800&q=80
TEA-IN-0635,Fiery Adrak & Kali Mirch Kadak Chai Lot #421,Kolkata Street Estate,Masala Chai,"Assam CTC Black Tea, Green Cardamom Pods, Crushed Dry Ginger, Ceylon Cinnamon, Cloves, Black Pepper, Star Anise, Saffron",Cinnamon (Dalchini); Cardamom (Elaichi); Ginger (Adrak),4.3,5.4,2.0,9.2,9.9,61,45,6,95,2.5g per 200ml (or 1:1 milk-water for Chai),Digestive Comfort; Anti-inflammatory; Cold & Cough Relief; Instant Warming,Energetic; Uplifted; Cozy,Winter Warmth,694.0,4.7,53,"An exquisite handcrafted masala chai harvest from the famed terroirs of Kolkata Street Estate. Imbued with prominent sensory notes of Cinnamon (Dalchini), Cardamom (Elaichi), Ginger (Adrak), this blend exhibits an aroma rating of 9.9/10. Specially curated for energetic, uplifted rituals, it offers potent digestive comfort, anti-inflammatory.",Gulab Jamun with Rosewater Syrup; Spicy Bhakarwadi & Mathri; Irani Cafe Bun Maska & Chai,https://images.unsplash.com/photo-1571934811356-5cc061b6821f?auto=format&fit=crop&w=800&q=80
TEA-IN-0636,Rose Petal & Kashmiri Cardamom Kahwa Lot #240,Kashmir (Srinagar Valley),Kashmir Kahwa,"Kashmiri Green Tea Leaves, Pampore Pure Saffron Strands, Green Cardamom, Cinnamon, Crushed Almond Slivers, Dried Rose Petals",Delicate Green; Saffron (Kesar); Sweet Almond; Floral Honey; Nutty,2.2,8.7,8.2,6.3,10.0,20,4,5,84,2.5g per 200ml (or 1:1 milk-water for Chai),Calming Warmth; Stress Relief; Skin Glow & Radiance; Immunity Boost,Refreshed; Relaxed; Meditative; Cozy,Winter Warmth,1331.0,4.75,168,"An exquisite handcrafted kashmir kahwa harvest from the famed terroirs of Kashmir (Srinagar Valley). Imbued with prominent sensory notes of Delicate Green, Saffron (Kesar), Sweet Almond, this blend exhibits an aroma rating of 10.0/10. Specially curated for refreshed, relaxed rituals, it offers potent calming warmth, stress relief.",Kashmiri Girda Flatbread with Butter; Kolkata Style Kathi Rolls,https://images.unsplash.com/photo-1563822249548-9a72b6353cd1?auto=format&fit=crop&w=800&q=80
TEA-IN-0637,Nilgiri Golden Needle Rare Estate '26,Nilgiri (Ooty Highlands),Nilgiri,100% High-Elevation Nilgiri Camellia Sinensis,Honey; Crisp Fruit; Light Malt,2.9,6.7,8.3,2.3,9.0,49,4,4,92,2.5g per 200ml (or 1:1 milk-water for Chai),Heart Health; Daily Refreshment; Gentle Alertness,Refreshed; Creative,Monsoon Special,835.0,4.7,394,"An exquisite handcrafted nilgiri harvest from the famed terroirs of Nilgiri (Ooty Highlands). Imbued with prominent sensory notes of Honey, Crisp Fruit, Light Malt, this blend exhibits an aroma rating of 9.0/10. Specially curated for refreshed, creative rituals, it offers potent heart health, daily refreshment.",Kashmiri Girda Flatbread with Butter; Irani Cafe Bun Maska & Chai,https://images.unsplash.com/photo-1597481499750-3e6b22637e12?auto=format&fit=crop&w=800&q=80
TEA-IN-0638,Turmeric Ginger Curcumin Immunity Guard Lot #293 '25,Madhya Pradesh Herbal Forests,Ayurvedic Tisane,"Organic Tulsi (Holy Basil), Ashwagandha Root, Wild Himalayan Turmeric, Brahmi Leaves, Licorice (Mulethi), Fennel Seeds (Saunf), Lemongrass",Warm Ginger; Cooling; Sweet Earthy; Fennel Sweetness,2.7,5.8,7.7,5.0,8.6,0,2,6,95,2.5g per 200ml (or 1:1 milk-water for Chai),Cortisol / Stress Reduction; Gut Health & Detox; Immunity Fortification; Joint & Anti-inflammatory,Calm; Relaxed; Meditative; Cozy,Winter Warmth,459.0,4.97,271,"An exquisite handcrafted ayurvedic tisane harvest from the famed terroirs of Madhya Pradesh Herbal Forests. Imbued with prominent sensory notes of Warm Ginger, Cooling, Sweet Earthy, this blend exhibits an aroma rating of 8.6/10. Specially curated for calm, relaxed rituals, it offers potent cortisol / stress reduction, gut health & detox.",Poha with Roasted Peanuts; Shrewsbury Butter Biscuits; Kolkata Style Kathi Rolls,https://images.unsplash.com/photo-1597481499750-3e6b22637e12?auto=format&fit=crop&w=800&q=80
TEA-IN-0639,Dharamshala Mountain Dew Green Lot #941,Himachal Pradesh (Dharamshala),Kangra Valley,100% Certified GI Tagged Kangra Valley Whole Leaf Tea,Roasted Corn; Sweet Vegetal; Pine Mist; Nutty; Mellow Green,3.0,7.1,8.0,1.8,8.1,41,0,3,82,2.5g per 200ml (or 1:1 milk-water for Chai),Digestive Ease; High Polyphenols; Antioxidant Shield,Refreshed; Focused; Calm,All Season,409.0,4.87,183,"An exquisite handcrafted kangra valley harvest from the famed terroirs of Himachal Pradesh (Dharamshala). Imbued with prominent sensory notes of Roasted Corn, Sweet Vegetal, Pine Mist, this blend exhibits an aroma rating of 8.1/10. Specially curated for refreshed, focused rituals, it offers potent digestive ease, high polyphenols.",Gulab Jamun with Rosewater Syrup; Kashmiri Girda Flatbread with Butter,https://images.unsplash.com/photo-1576092768241-dec231879fc3?auto=format&fit=crop&w=800&q=80
TEA-IN-0640,Kanchenjunga Mist Golden Tips '24,Sikkim (Ravangla Highlands),Sikkim Temi,100% Organic Single Estate Temi Leaves,Honeyed Wood; Gentle Spice; Caramel,2.7,8.0,6.7,1.5,9.3,32,4,4,87,2.5g per 200ml (or 1:1 milk-water for Chai),L-Theanine Serenity; Cardiovascular Support,Calm; Refreshed; Serene,All Season,598.0,4.49,51,"An exquisite handcrafted sikkim temi harvest from the famed terroirs of Sikkim (Ravangla Highlands). Imbued with prominent sensory notes of Honeyed Wood, Gentle Spice, Caramel, this blend exhibits an aroma rating of 9.3/10. Specially curated for calm, refreshed rituals, it offers potent l-theanine serenity, cardiovascular support.",Shrewsbury Butter Biscuits; Kashmiri Girda Flatbread with Butter; Kolkata Style Kathi Rolls,https://images.unsplash.com/photo-1546852199-2d8e8c4aa477?auto=format&fit=crop&w=800&q=80
TEA-IN-0641,Moonlight Imperial Pluck Lot #312,Darjeeling (Castle Castleton),Darjeeling,100% Hand-Picked Camellia Sinensis Single Estate Darjeeling Leaves,Citrus Zest; Honey; Honeysuckle,3.8,8.7,9.4,1.3,8.4,48,1,4,81,2.5g per 200ml (or 1:1 milk-water for Chai),High Antioxidants; Cellular Protection; Gentle Vitality; Heart Wellness,Calm; Uplifted,Winter Warmth,1145.0,4.89,404,"An exquisite handcrafted darjeeling harvest from the famed terroirs of Darjeeling (Castle Castleton). Imbued with prominent sensory notes of Citrus Zest, Honey, Honeysuckle, this blend exhibits an aroma rating of 8.4/10. Specially curated for calm, uplifted rituals, it offers potent high antioxidants, cellular protection.",Poha with Roasted Peanuts; Crisp Onion & Paneer Pakoras,https://images.unsplash.com/photo-1594631252845-29fc4cc8cde9?auto=format&fit=crop&w=800&q=80
TEA-IN-0642,Malty Breakfast Kadak CTC Lot #399,Assam (Dibrugarh),Assam,100% High-Grade Assam Whole Leaf & Golden Buds (Camellia Sinensis var. Assamica),Dark Cocoa; Honey; Caramel,4.9,5.3,3.6,4.0,7.6,67,1,5,97,2.5g per 200ml (or 1:1 milk-water for Chai),Digestive Power; High Sustained Energy,Focused; Motivated; Cozy; Uplifted,First Flush Spring,790.0,4.59,412,"An exquisite handcrafted assam harvest from the famed terroirs of Assam (Dibrugarh). Imbued with prominent sensory notes of Dark Cocoa, Honey, Caramel, this blend exhibits an aroma rating of 7.6/10. Specially curated for focused, motivated rituals, it offers potent digestive power, high sustained energy.",Gulab Jamun with Rosewater Syrup; Crisp Hot Samosas with Mint & Tamarind Chutney,https://images.unsplash.com/photo-1514733670139-4d87a1941d55?auto=format&fit=crop&w=800&q=80
TEA-IN-0643,Dhaba Style Kulhad Strong Chai '25,Rajasthan Royal Palace,Masala Chai,"Assam CTC Black Tea, Green Cardamom Pods, Crushed Dry Ginger, Ceylon Cinnamon, Cloves, Black Pepper, Star Anise, Saffron",Cardamom (Elaichi); Ginger (Adrak); Peppery; Creamy; Sweet Heat,3.5,4.4,3.4,8.1,9.8,60,19,4,95,2.5g per 200ml (or 1:1 milk-water for Chai),Digestive Comfort; Immunity Shield; Anti-inflammatory; Instant Warming,Refreshed; Uplifted; Cozy,First Flush Spring,254.0,4.4,234,"An exquisite handcrafted masala chai harvest from the famed terroirs of Rajasthan Royal Palace. Imbued with prominent sensory notes of Cardamom (Elaichi), Ginger (Adrak), Peppery, this blend exhibits an aroma rating of 9.8/10. Specially curated for refreshed, uplifted rituals, it offers potent digestive comfort, immunity shield.",Gulab Jamun with Rosewater Syrup; Irani Cafe Bun Maska & Chai,https://images.unsplash.com/photo-1544787219-7f47ccb76574?auto=format&fit=crop&w=800&q=80
TEA-IN-0644,Pink Salted Noon Chai (Sheer Chai) Lot #622 '25,Kashmir (Srinagar Valley),Kashmir Kahwa,"Kashmiri Green Tea Leaves, Pampore Pure Saffron Strands, Green Cardamom, Cinnamon, Crushed Almond Slivers, Dried Rose Petals",Delicate Green; Sweet Almond; Saffron (Kesar); Nutty,2.3,8.0,7.6,6.6,9.6,23,1,3,84,2.5g per 200ml (or 1:1 milk-water for Chai),Calming Warmth; Skin Glow & Radiance; Immunity Boost,Meditative; Cozy,Monsoon Special,1697.0,4.46,445,"An exquisite handcrafted kashmir kahwa harvest from the famed terroirs of Kashmir (Srinagar Valley). Imbued with prominent sensory notes of Delicate Green, Sweet Almond, Saffron (Kesar), this blend exhibits an aroma rating of 9.6/10. Specially curated for meditative, cozy rituals, it offers potent calming warmth, skin glow & radiance.",Poha with Roasted Peanuts; Crisp Onion & Paneer Pakoras; Warm Cardamom Nankhatai,https://images.unsplash.com/photo-1563822249548-9a72b6353cd1?auto=format&fit=crop&w=800&q=80
TEA-IN-0645,Tiger Hill Single Cultivar Nilgiri Lot #227,Nilgiri (Coonoor),Nilgiri,100% High-Elevation Nilgiri Camellia Sinensis,Floral; Sweet Melon; Bright Citrus; Crisp Fruit; Plum,3.2,6.1,8.9,2.1,9.4,54,0,4,89,2.5g per 200ml (or 1:1 milk-water for Chai),Weight Balance; Daily Refreshment; Antioxidant Rich; Gentle Alertness,Creative; Uplifted,First Flush Spring,1155.0,4.45,165,"An exquisite handcrafted nilgiri harvest from the famed terroirs of Nilgiri (Coonoor). Imbued with prominent sensory notes of Floral, Sweet Melon, Bright Citrus, this blend exhibits an aroma rating of 9.4/10. Specially curated for creative, uplifted rituals, it offers potent weight balance, daily refreshment.",Poha with Roasted Peanuts; Shrewsbury Butter Biscuits; Crisp Onion & Paneer Pakoras,https://images.unsplash.com/photo-1546852199-2d8e8c4aa477?auto=format&fit=crop&w=800&q=80
TEA-IN-0646,Giloy & Tulsi Monsoon Kadha Herbal Lot #197,Kerala (Western Ghats),Ayurvedic Tisane,"Organic Tulsi (Holy Basil), Ashwagandha Root, Wild Himalayan Turmeric, Brahmi Leaves, Licorice (Mulethi), Fennel Seeds (Saunf), Lemongrass",Warm Ginger; Sweet Earthy; Tulsi Mint,0.5,4.0,7.7,5.8,8.2,0,5,6,95,2.5g per 200ml (or 1:1 milk-water for Chai),Cortisol / Stress Reduction; Immunity Fortification; Deep Restful Sleep,Calm; Relaxed; Cozy,All Season,724.0,4.61,88,"An exquisite handcrafted ayurvedic tisane harvest from the famed terroirs of Kerala (Western Ghats). Imbued with prominent sensory notes of Warm Ginger, Sweet Earthy, Tulsi Mint, this blend exhibits an aroma rating of 8.2/10. Specially curated for calm, relaxed rituals, it offers potent cortisol / stress reduction, immunity fortification.",Dhokla with Green Chilies; Crisp Hot Samosas with Mint & Tamarind Chutney,https://images.unsplash.com/photo-1597481499750-3e6b22637e12?auto=format&fit=crop&w=800&q=80
TEA-IN-0647,Dharamshala Mountain Dew Green,Himachal Pradesh (Dharamshala),Kangra Valley,100% Certified GI Tagged Kangra Valley Whole Leaf Tea,Floral; Sweet Vegetal; Pine Mist; Nutty; Mellow Green,2.7,7.2,7.9,0.9,8.1,28,2,2,83,2.5g per 200ml (or 1:1 milk-water for Chai),Digestive Ease; Antioxidant Shield,Calm; Uplifted; Focused,Winter Warmth,745.0,4.42,211,"An exquisite handcrafted kangra valley harvest from the famed terroirs of Himachal Pradesh (Dharamshala). Imbued with prominent sensory notes of Floral, Sweet Vegetal, Pine Mist, this blend exhibits an aroma rating of 8.1/10. Specially curated for calm, uplifted rituals, it offers potent digestive ease, antioxidant shield.",Spicy Bhakarwadi & Mathri; Warm Cardamom Nankhatai; Irani Cafe Bun Maska & Chai,https://images.unsplash.com/photo-1576092768241-dec231879fc3?auto=format&fit=crop&w=800&q=80
TEA-IN-0648,High Altitude Cloud Pluck Temi Red Lot #290,Sikkim (Ravangla Highlands),Sikkim Temi,100% Organic Single Estate Temi Leaves,Honeyed Wood; Gentle Spice; Peach,2.0,8.2,8.1,1.4,8.6,32,4,3,85,2.5g per 200ml (or 1:1 milk-water for Chai),Pure Organic Nutrition; Skin Vitality,Calm; Meditative,Autumnal Harvest,1283.0,4.42,97,"An exquisite handcrafted sikkim temi harvest from the famed terroirs of Sikkim (Ravangla Highlands). Imbued with prominent sensory notes of Honeyed Wood, Gentle Spice, Peach, this blend exhibits an aroma rating of 8.6/10. Specially curated for calm, meditative rituals, it offers potent pure organic nutrition, skin vitality.",Shrewsbury Butter Biscuits; Spicy Bhakarwadi & Mathri,https://images.unsplash.com/photo-1546852199-2d8e8c4aa477?auto=format&fit=crop&w=800&q=80
TEA-IN-0649,First Flush Spring Champagne '25,Darjeeling (Okayti),Darjeeling,100% Hand-Picked Camellia Sinensis Single Estate Darjeeling Leaves,Honey; Honeysuckle; Apricot; Green Apple,3.7,6.7,7.4,1.4,8.4,53,4,3,80,2.5g per 200ml (or 1:1 milk-water for Chai),High Antioxidants; Cellular Protection,Focused; Meditative; Uplifted,First Flush Spring,1688.0,4.36,405,"An exquisite handcrafted darjeeling harvest from the famed terroirs of Darjeeling (Okayti). Imbued with prominent sensory notes of Honey, Honeysuckle, Apricot, this blend exhibits an aroma rating of 8.4/10. Specially curated for focused, meditative rituals, it offers potent high antioxidants, cellular protection.",Gulab Jamun with Rosewater Syrup; Crisp Hot Samosas with Mint & Tamarind Chutney,https://images.unsplash.com/photo-1576092768241-dec231879fc3?auto=format&fit=crop&w=800&q=80
TEA-IN-0650,Dark Mahogany Malt Reserve,Assam (Jorhat),Assam,100% High-Grade Assam Whole Leaf & Golden Buds (Camellia Sinensis var. Assamica),Caramel; Malty; Toasted Grain,5.9,4.3,1.1,3.0,9.2,72,3,4,96,2.5g per 200ml (or 1:1 milk-water for Chai),Digestive Power; High Sustained Energy; Immune Strength,Energetic; Focused; Uplifted,Autumnal Harvest,530.0,4.47,47,"An exquisite handcrafted assam harvest from the famed terroirs of Assam (Jorhat). Imbued with prominent sensory notes of Caramel, Malty, Toasted Grain, this blend exhibits an aroma rating of 9.2/10. Specially curated for energetic, focused rituals, it offers potent digestive power, high sustained energy.",Gulab Jamun with Rosewater Syrup; Crisp Hot Samosas with Mint & Tamarind Chutney,https://images.unsplash.com/photo-1544787219-7f47ccb76574?auto=format&fit=crop&w=800&q=80
TEA-IN-0651,Five-Spice Maharaja Special Chai '24,Kolkata Street Estate,Masala Chai,"Assam CTC Black Tea, Green Cardamom Pods, Crushed Dry Ginger, Ceylon Cinnamon, Cloves, Black Pepper, Star Anise, Saffron",Clove (Laung); Spicy; Ginger (Adrak),3.6,4.6,2.9,7.5,9.3,46,52,5,95,2.5g per 200ml (or 1:1 milk-water for Chai),Immunity Shield; Cold & Cough Relief; Instant Warming,Refreshed; Uplifted; Cozy,All Season,443.0,4.36,86,"An exquisite handcrafted masala chai harvest from the famed terroirs of Kolkata Street Estate. Imbued with prominent sensory notes of Clove (Laung), Spicy, Ginger (Adrak), this blend exhibits an aroma rating of 9.3/10. Specially curated for refreshed, uplifted rituals, it offers potent immunity shield, cold & cough relief.",Poha with Roasted Peanuts; Spicy Bhakarwadi & Mathri,https://images.unsplash.com/photo-1571934811356-5cc061b6821f?auto=format&fit=crop&w=800&q=80
TEA-IN-0652,Pink Salted Noon Chai (Sheer Chai) Lot #718 '26,Kashmir (Srinagar Valley),Kashmir Kahwa,"Kashmiri Green Tea Leaves, Pampore Pure Saffron Strands, Green Cardamom, Cinnamon, Crushed Almond Slivers, Dried Rose Petals",Cardamom; Sweet Almond; Saffron (Kesar),2.1,8.9,8.4,5.8,9.3,25,4,5,82,2.5g per 200ml (or 1:1 milk-water for Chai),Calming Warmth; Skin Glow & Radiance,Calm; Relaxed; Refreshed,All Season,1348.0,4.66,231,"An exquisite handcrafted kashmir kahwa harvest from the famed terroirs of Kashmir (Srinagar Valley). Imbued with prominent sensory notes of Cardamom, Sweet Almond, Saffron (Kesar), this blend exhibits an aroma rating of 9.3/10. Specially curated for calm, relaxed rituals, it offers potent calming warmth, skin glow & radiance.",Shrewsbury Butter Biscuits; Spicy Bhakarwadi & Mathri; Warm Cardamom Nankhatai,https://images.unsplash.com/photo-1563822249548-9a72b6353cd1?auto=format&fit=crop&w=800&q=80
TEA-IN-0653,Tiger Hill Single Cultivar Nilgiri Lot #627 '24,Nilgiri (Kotagiri),Nilgiri,100% High-Elevation Nilgiri Camellia Sinensis,Floral; Light Malt; Honey; Bright Citrus; Crisp Fruit,1.5,6.9,6.2,0.5,8.8,41,2,3,93,2.5g per 200ml (or 1:1 milk-water for Chai),Antioxidant Rich; Gentle Alertness,Calm; Refreshed; Focused,Autumnal Harvest,978.0,4.79,290,"An exquisite handcrafted nilgiri harvest from the famed terroirs of Nilgiri (Kotagiri). Imbued with prominent sensory notes of Floral, Light Malt, Honey, this blend exhibits an aroma rating of 8.8/10. Specially curated for calm, refreshed rituals, it offers potent antioxidant rich, gentle alertness.",Poha with Roasted Peanuts; Crisp Hot Samosas with Mint & Tamarind Chutney; Warm Cardamom Nankhatai,https://images.unsplash.com/photo-1597481499750-3e6b22637e12?auto=format&fit=crop&w=800&q=80
TEA-IN-0654,Chamomile & Shankhpushpi Deep Sleep Lot #905,Himalayan Foothills,Ayurvedic Tisane,"Organic Tulsi (Holy Basil), Ashwagandha Root, Wild Himalayan Turmeric, Brahmi Leaves, Licorice (Mulethi), Fennel Seeds (Saunf), Lemongrass",Warm Ginger; Sweet Earthy; Fennel Sweetness; Cooling; Tulsi Mint,1.1,6.2,6.0,3.1,9.4,0,1,5,96,2.5g per 200ml (or 1:1 milk-water for Chai),Cortisol / Stress Reduction; Deep Restful Sleep,Calm; Cozy,Second Flush Summer,887.0,4.3,126,"An exquisite handcrafted ayurvedic tisane harvest from the famed terroirs of Himalayan Foothills. Imbued with prominent sensory notes of Warm Ginger, Sweet Earthy, Fennel Sweetness, this blend exhibits an aroma rating of 9.4/10. Specially curated for calm, cozy rituals, it offers potent cortisol / stress reduction, deep restful sleep.",Poha with Roasted Peanuts; Crisp Hot Samosas with Mint & Tamarind Chutney; Irani Cafe Bun Maska & Chai,https://images.unsplash.com/photo-1597481499750-3e6b22637e12?auto=format&fit=crop&w=800&q=80
TEA-IN-0655,Kangra Imperial Green Dragon,Himachal Pradesh (Kangra Valley),Kangra Valley,100% Certified GI Tagged Kangra Valley Whole Leaf Tea,Floral; Roasted Corn; Sweet Vegetal; Nutty; Mellow Green,1.9,7.5,7.6,2.0,7.9,36,4,2,75,2.5g per 200ml (or 1:1 milk-water for Chai),High Polyphenols; Peaceful Focus,Uplifted; Focused,First Flush Spring,517.0,4.64,253,"An exquisite handcrafted kangra valley harvest from the famed terroirs of Himachal Pradesh (Kangra Valley). Imbued with prominent sensory notes of Floral, Roasted Corn, Sweet Vegetal, this blend exhibits an aroma rating of 7.9/10. Specially curated for uplifted, focused rituals, it offers potent high polyphenols, peaceful focus.",Dhokla with Green Chilies; Poha with Roasted Peanuts; Irani Cafe Bun Maska & Chai,https://images.unsplash.com/photo-1563822249548-9a72b6353cd1?auto=format&fit=crop&w=800&q=80
TEA-IN-0656,Sikkim Green Dragon Spring Leaf,"Sikkim (Temi Tea Estate, South Sikkim)",Sikkim Temi,100% Organic Single Estate Temi Leaves,Muscatel; Peach; Caramel; Sweet Floral,3.0,6.8,9.0,2.9,9.4,47,4,4,88,2.5g per 200ml (or 1:1 milk-water for Chai),L-Theanine Serenity; Skin Vitality,Focused; Meditative,Autumnal Harvest,549.0,4.37,63,"An exquisite handcrafted sikkim temi harvest from the famed terroirs of Sikkim (Temi Tea Estate, South Sikkim). Imbued with prominent sensory notes of Muscatel, Peach, Caramel, this blend exhibits an aroma rating of 9.4/10. Specially curated for focused, meditative rituals, it offers potent l-theanine serenity, skin vitality.",Kolkata Style Kathi Rolls; Traditional Osmania Butter Biscuits,https://images.unsplash.com/photo-1576092768241-dec231879fc3?auto=format&fit=crop&w=800&q=80
TEA-IN-0657,Second Flush Muscatel Gold Lot #762,Darjeeling (Goomtee),Darjeeling,100% Hand-Picked Camellia Sinensis Single Estate Darjeeling Leaves,Honeysuckle; Floral; Green Apple,2.1,7.0,9.3,1.9,8.6,54,1,4,90,2.5g per 200ml (or 1:1 milk-water for Chai),Mental Clarity; Cellular Protection; Heart Wellness,Calm; Meditative; Focused,Second Flush Summer,1074.0,4.91,159,"An exquisite handcrafted darjeeling harvest from the famed terroirs of Darjeeling (Goomtee). Imbued with prominent sensory notes of Honeysuckle, Floral, Green Apple, this blend exhibits an aroma rating of 8.6/10. Specially curated for calm, meditative rituals, it offers potent mental clarity, cellular protection.",Dhokla with Green Chilies; Kashmiri Girda Flatbread with Butter; Poha with Roasted Peanuts,https://images.unsplash.com/photo-1594631252845-29fc4cc8cde9?auto=format&fit=crop&w=800&q=80
TEA-IN-0658,Robust Morning Chai Blend,Assam (Golaghat),Assam,100% High-Grade Assam Whole Leaf & Golden Buds (Camellia Sinensis var. Assamica),Honey; Toasted Grain; Caramel; Woody; Dark Cocoa,4.2,3.5,3.6,3.7,9.0,74,4,4,100,2.5g per 200ml (or 1:1 milk-water for Chai),Metabolic Fire; Digestive Power; High Sustained Energy; Immune Strength,Energetic; Uplifted,All Season,592.0,4.39,136,"An exquisite handcrafted assam harvest from the famed terroirs of Assam (Golaghat). Imbued with prominent sensory notes of Honey, Toasted Grain, Caramel, this blend exhibits an aroma rating of 9.0/10. Specially curated for energetic, uplifted rituals, it offers potent metabolic fire, digestive power.",Gulab Jamun with Rosewater Syrup; Warm Cardamom Nankhatai,https://images.unsplash.com/photo-1571934811356-5cc061b6821f?auto=format&fit=crop&w=800&q=80
TEA-IN-0659,Five-Spice Maharaja Special Chai '24,Rajasthan Royal Palace,Masala Chai,"Assam CTC Black Tea, Green Cardamom Pods, Crushed Dry Ginger, Ceylon Cinnamon, Cloves, Black Pepper, Star Anise, Saffron",Peppery; Cinnamon (Dalchini); Creamy; Clove (Laung); Spicy,4.0,6.0,1.0,7.7,9.6,69,50,4,99,2.5g per 200ml (or 1:1 milk-water for Chai),Digestive Comfort; Anti-inflammatory,Refreshed; Comforting; Cozy,Autumnal Harvest,580.0,4.45,155,"An exquisite handcrafted masala chai harvest from the famed terroirs of Rajasthan Royal Palace. Imbued with prominent sensory notes of Peppery, Cinnamon (Dalchini), Creamy, this blend exhibits an aroma rating of 9.6/10. Specially curated for refreshed, comforting rituals, it offers potent digestive comfort, anti-inflammatory.",Poha with Roasted Peanuts; Crisp Hot Samosas with Mint & Tamarind Chutney; Kolkata Style Kathi Rolls,https://images.unsplash.com/photo-1571934811356-5cc061b6821f?auto=format&fit=crop&w=800&q=80
TEA-IN-0660,Pink Salted Noon Chai (Sheer Chai),Kashmir (Srinagar Valley),Kashmir Kahwa,"Kashmiri Green Tea Leaves, Pampore Pure Saffron Strands, Green Cardamom, Cinnamon, Crushed Almond Slivers, Dried Rose Petals",Saffron (Kesar); Cinnamon; Sweet Almond; Floral Honey; Nutty,1.5,6.4,6.3,5.3,9.9,28,1,3,84,2.5g per 200ml (or 1:1 milk-water for Chai),Skin Glow & Radiance; Immunity Boost,Calm; Relaxed; Meditative; Cozy,Second Flush Summer,1034.0,4.33,176,"An exquisite handcrafted kashmir kahwa harvest from the famed terroirs of Kashmir (Srinagar Valley). Imbued with prominent sensory notes of Saffron (Kesar), Cinnamon, Sweet Almond, this blend exhibits an aroma rating of 9.9/10. Specially curated for calm, relaxed rituals, it offers potent skin glow & radiance, immunity boost.",Crisp Onion & Paneer Pakoras; Traditional Osmania Butter Biscuits; Warm Cardamom Nankhatai,https://images.unsplash.com/photo-1576092768241-dec231879fc3?auto=format&fit=crop&w=800&q=80
TEA-IN-0661,Nilgiri Golden Needle Rare Estate Lot #325 '25,Nilgiri (Kotagiri),Nilgiri,100% High-Elevation Nilgiri Camellia Sinensis,Crisp Fruit; Floral; Sweet Melon; Plum,2.0,8.4,6.3,0.7,8.4,42,5,3,89,2.5g per 200ml (or 1:1 milk-water for Chai),Heart Health; Antioxidant Rich; Gentle Alertness,Refreshed; Uplifted; Focused,Autumnal Harvest,1085.0,4.42,251,"An exquisite handcrafted nilgiri harvest from the famed terroirs of Nilgiri (Kotagiri). Imbued with prominent sensory notes of Crisp Fruit, Floral, Sweet Melon, this blend exhibits an aroma rating of 8.4/10. Specially curated for refreshed, uplifted rituals, it offers potent heart health, antioxidant rich.",Poha with Roasted Peanuts; Kolkata Style Kathi Rolls; Irani Cafe Bun Maska & Chai,https://images.unsplash.com/photo-1597481499750-3e6b22637e12?auto=format&fit=crop&w=800&q=80
TEA-IN-0662,Chamomile & Shankhpushpi Deep Sleep Lot #497 '26,Uttarakhand Sacred Valleys,Ayurvedic Tisane,"Organic Tulsi (Holy Basil), Ashwagandha Root, Wild Himalayan Turmeric, Brahmi Leaves, Licorice (Mulethi), Fennel Seeds (Saunf), Lemongrass",Cooling; Woody; Tulsi Mint; Fennel Sweetness,2.5,7.8,7.4,3.1,7.7,0,3,6,99,2.5g per 200ml (or 1:1 milk-water for Chai),Cortisol / Stress Reduction; Gut Health & Detox; Immunity Fortification,Relaxed; Cozy,Monsoon Special,568.0,4.93,432,"An exquisite handcrafted ayurvedic tisane harvest from the famed terroirs of Uttarakhand Sacred Valleys. Imbued with prominent sensory notes of Cooling, Woody, Tulsi Mint, this blend exhibits an aroma rating of 7.7/10. Specially curated for relaxed, cozy rituals, it offers potent cortisol / stress reduction, gut health & detox.",Crisp Hot Samosas with Mint & Tamarind Chutney; Crisp Onion & Paneer Pakoras,https://images.unsplash.com/photo-1544787219-7f47ccb76574?auto=format&fit=crop&w=800&q=80
TEA-IN-0663,Snow Mist Kangra First Flush Lot #409 '24,Himachal Pradesh (Palampur),Kangra Valley,100% Certified GI Tagged Kangra Valley Whole Leaf Tea,Mellow Green; Sweet Vegetal; Nutty,1.6,7.7,7.8,1.0,7.6,33,5,3,83,2.5g per 200ml (or 1:1 milk-water for Chai),Antioxidant Shield; Metabolic Balance; Peaceful Focus,Refreshed; Uplifted; Meditative; Calm,All Season,987.0,4.84,349,"An exquisite handcrafted kangra valley harvest from the famed terroirs of Himachal Pradesh (Palampur). Imbued with prominent sensory notes of Mellow Green, Sweet Vegetal, Nutty, this blend exhibits an aroma rating of 7.6/10. Specially curated for refreshed, uplifted rituals, it offers potent antioxidant shield, metabolic balance.",Crisp Hot Samosas with Mint & Tamarind Chutney; Spicy Bhakarwadi & Mathri,https://images.unsplash.com/photo-1576092768241-dec231879fc3?auto=format&fit=crop&w=800&q=80
TEA-IN-0664,Temi Estate 100% Organic First Flush Lot #728,"Sikkim (Temi Tea Estate, South Sikkim)",Sikkim Temi,100% Organic Single Estate Temi Leaves,Honeyed Wood; Gentle Spice; Peach; Caramel,1.9,7.4,7.8,1.9,8.0,43,1,4,86,2.5g per 200ml (or 1:1 milk-water for Chai),Pure Organic Nutrition; L-Theanine Serenity; Cardiovascular Support; Skin Vitality,Calm; Refreshed; Meditative; Focused,Monsoon Special,1642.0,4.42,102,"An exquisite handcrafted sikkim temi harvest from the famed terroirs of Sikkim (Temi Tea Estate, South Sikkim). Imbued with prominent sensory notes of Honeyed Wood, Gentle Spice, Peach, this blend exhibits an aroma rating of 8.0/10. Specially curated for calm, refreshed rituals, it offers potent pure organic nutrition, l-theanine serenity.",Crisp Hot Samosas with Mint & Tamarind Chutney; Crisp Onion & Paneer Pakoras; Kolkata Style Kathi Rolls,https://images.unsplash.com/photo-1576092768241-dec231879fc3?auto=format&fit=crop&w=800&q=80
TEA-IN-0665,Moonlight Imperial Pluck Lot #386,Darjeeling (Castle Castleton),Darjeeling,100% Hand-Picked Camellia Sinensis Single Estate Darjeeling Leaves,Muscatel; Honeysuckle; Floral,3.3,6.0,7.1,1.6,8.1,45,4,4,80,2.5g per 200ml (or 1:1 milk-water for Chai),Mental Clarity; High Antioxidants; Cellular Protection; Gentle Vitality,Calm; Focused,Autumnal Harvest,1569.0,4.7,329,"An exquisite handcrafted darjeeling harvest from the famed terroirs of Darjeeling (Castle Castleton). Imbued with prominent sensory notes of Muscatel, Honeysuckle, Floral, this blend exhibits an aroma rating of 8.1/10. Specially curated for calm, focused rituals, it offers potent mental clarity, high antioxidants.",Dhokla with Green Chilies; Kolkata Style Kathi Rolls,https://images.unsplash.com/photo-1576092768241-dec231879fc3?auto=format&fit=crop&w=800&q=80
TEA-IN-0666,Malty Breakfast Kadak CTC Lot #134 '24,Assam (Upper Brahmaputra Valley),Assam,100% High-Grade Assam Whole Leaf & Golden Buds (Camellia Sinensis var. Assamica),Honey; Bold Body; Toasted Grain; Woody; Malty,5.0,6.3,3.4,2.2,8.9,67,0,5,100,2.5g per 200ml (or 1:1 milk-water for Chai),High Sustained Energy; Immune Strength,Energetic; Uplifted; Cozy; Focused,Monsoon Special,865.0,4.35,244,"An exquisite handcrafted assam harvest from the famed terroirs of Assam (Upper Brahmaputra Valley). Imbued with prominent sensory notes of Honey, Bold Body, Toasted Grain, this blend exhibits an aroma rating of 8.9/10. Specially curated for energetic, uplifted rituals, it offers potent high sustained energy, immune strength.",Poha with Roasted Peanuts; Shrewsbury Butter Biscuits; Crisp Onion & Paneer Pakoras,https://images.unsplash.com/photo-1571934811356-5cc061b6821f?auto=format&fit=crop&w=800&q=80
TEA-IN-0667,Five-Spice Maharaja Special Chai Lot #824,Kolkata Street Estate,Masala Chai,"Assam CTC Black Tea, Green Cardamom Pods, Crushed Dry Ginger, Ceylon Cinnamon, Cloves, Black Pepper, Star Anise, Saffron",Cardamom (Elaichi); Peppery; Cinnamon (Dalchini); Sweet Heat; Spicy,4.4,4.7,2.6,9.7,9.4,62,45,4,98,2.5g per 200ml (or 1:1 milk-water for Chai),Cold & Cough Relief; Immunity Shield; Instant Warming,Refreshed; Energetic; Comforting; Cozy,All Season,577.0,4.82,344,"An exquisite handcrafted masala chai harvest from the famed terroirs of Kolkata Street Estate. Imbued with prominent sensory notes of Cardamom (Elaichi), Peppery, Cinnamon (Dalchini), this blend exhibits an aroma rating of 9.4/10. Specially curated for refreshed, energetic rituals, it offers potent cold & cough relief, immunity shield.",Traditional Osmania Butter Biscuits; Irani Cafe Bun Maska & Chai,https://images.unsplash.com/photo-1571934811356-5cc061b6821f?auto=format&fit=crop&w=800&q=80
TEA-IN-0668,Himalayan Crushed Walnut & Kahwa Blend Lot #224,Kashmir (Pampore Saffron Fields),Kashmir Kahwa,"Kashmiri Green Tea Leaves, Pampore Pure Saffron Strands, Green Cardamom, Cinnamon, Crushed Almond Slivers, Dried Rose Petals",Saffron (Kesar); Cinnamon; Cardamom; Floral Honey; Nutty,2.0,8.5,6.1,7.6,9.6,16,0,3,82,2.5g per 200ml (or 1:1 milk-water for Chai),Calming Warmth; Digestive Fire; Skin Glow & Radiance,Calm; Meditative,Autumnal Harvest,1849.0,4.41,442,"An exquisite handcrafted kashmir kahwa harvest from the famed terroirs of Kashmir (Pampore Saffron Fields). Imbued with prominent sensory notes of Saffron (Kesar), Cinnamon, Cardamom, this blend exhibits an aroma rating of 9.6/10. Specially curated for calm, meditative rituals, it offers potent calming warmth, digestive fire.",Traditional Osmania Butter Biscuits; Irani Cafe Bun Maska & Chai,https://images.unsplash.com/photo-1576092768241-dec231879fc3?auto=format&fit=crop&w=800&q=80
TEA-IN-0669,Coonoor Highland Fragrant Amber Lot #494 '25,Nilgiri (Blue Mountains),Nilgiri,100% High-Elevation Nilgiri Camellia Sinensis,Bright Citrus; Floral; Light Malt; Plum,2.4,8.1,6.8,1.8,8.0,51,5,4,86,2.5g per 200ml (or 1:1 milk-water for Chai),Weight Balance; Heart Health; Antioxidant Rich; Daily Refreshment,Refreshed; Uplifted,Monsoon Special,878.0,4.31,121,"An exquisite handcrafted nilgiri harvest from the famed terroirs of Nilgiri (Blue Mountains). Imbued with prominent sensory notes of Bright Citrus, Floral, Light Malt, this blend exhibits an aroma rating of 8.0/10. Specially curated for refreshed, uplifted rituals, it offers potent weight balance, heart health.",Spicy Bhakarwadi & Mathri; Kolkata Style Kathi Rolls; Irani Cafe Bun Maska & Chai,https://images.unsplash.com/photo-1546852199-2d8e8c4aa477?auto=format&fit=crop&w=800&q=80
TEA-IN-0670,"Sacred Tulsi Trio (Rama, Krishna, Vana) Lot #261",Madhya Pradesh Herbal Forests,Ayurvedic Tisane,"Organic Tulsi (Holy Basil), Ashwagandha Root, Wild Himalayan Turmeric, Brahmi Leaves, Licorice (Mulethi), Fennel Seeds (Saunf), Lemongrass",Warm Ginger; Herbal; Fennel Sweetness,1.0,7.0,4.5,4.2,7.9,0,4,6,99,2.5g per 200ml (or 1:1 milk-water for Chai),Cortisol / Stress Reduction; Gut Health & Detox; Immunity Fortification,Soothing; Relaxed,Monsoon Special,539.0,4.35,263,"An exquisite handcrafted ayurvedic tisane harvest from the famed terroirs of Madhya Pradesh Herbal Forests. Imbued with prominent sensory notes of Warm Ginger, Herbal, Fennel Sweetness, this blend exhibits an aroma rating of 7.9/10. Specially curated for soothing, relaxed rituals, it offers potent cortisol / stress reduction, gut health & detox.",Crisp Hot Samosas with Mint & Tamarind Chutney; Irani Cafe Bun Maska & Chai,https://images.unsplash.com/photo-1544787219-7f47ccb76574?auto=format&fit=crop&w=800&q=80
TEA-IN-0671,Wild Herb Infused Kangra Tea Lot #816,Himachal Pradesh (Palampur),Kangra Valley,100% Certified GI Tagged Kangra Valley Whole Leaf Tea,Roasted Corn; Pine Mist; Nutty,2.8,6.1,7.3,1.9,8.7,29,4,2,76,2.5g per 200ml (or 1:1 milk-water for Chai),Antioxidant Shield; Digestive Ease; Peaceful Focus,Calm; Uplifted,First Flush Spring,869.0,4.52,411,"An exquisite handcrafted kangra valley harvest from the famed terroirs of Himachal Pradesh (Palampur). Imbued with prominent sensory notes of Roasted Corn, Pine Mist, Nutty, this blend exhibits an aroma rating of 8.7/10. Specially curated for calm, uplifted rituals, it offers potent antioxidant shield, digestive ease.",Gulab Jamun with Rosewater Syrup; Crisp Onion & Paneer Pakoras,https://images.unsplash.com/photo-1576092768241-dec231879fc3?auto=format&fit=crop&w=800&q=80
TEA-IN-0672,Kanchenjunga Mist Golden Tips Lot #605,"Sikkim (Temi Tea Estate, South Sikkim)",Sikkim Temi,100% Organic Single Estate Temi Leaves,Sweet Floral; Honeyed Wood; Peach; Caramel; Gentle Spice,1.7,6.6,7.4,2.1,8.8,36,2,3,88,2.5g per 200ml (or 1:1 milk-water for Chai),Cardiovascular Support; Pure Organic Nutrition; L-Theanine Serenity; Skin Vitality,Refreshed; Meditative; Focused,Monsoon Special,880.0,4.6,33,"An exquisite handcrafted sikkim temi harvest from the famed terroirs of Sikkim (Temi Tea Estate, South Sikkim). Imbued with prominent sensory notes of Sweet Floral, Honeyed Wood, Peach, this blend exhibits an aroma rating of 8.8/10. Specially curated for refreshed, meditative rituals, it offers potent cardiovascular support, pure organic nutrition.",Gulab Jamun with Rosewater Syrup; Kashmiri Girda Flatbread with Butter; Irani Cafe Bun Maska & Chai,https://images.unsplash.com/photo-1576092768241-dec231879fc3?auto=format&fit=crop&w=800&q=80
TEA-IN-0673,Autumnal Flush Ruby Harvest Lot #575,Darjeeling (Makaibari),Darjeeling,100% Hand-Picked Camellia Sinensis Single Estate Darjeeling Leaves,Honeysuckle; Green Apple; Pine Wood,2.5,6.1,9.0,1.3,9.3,35,5,3,83,2.5g per 200ml (or 1:1 milk-water for Chai),High Antioxidants; Cellular Protection,Refreshed; Meditative,Second Flush Summer,1856.0,4.76,216,"An exquisite handcrafted darjeeling harvest from the famed terroirs of Darjeeling (Makaibari). Imbued with prominent sensory notes of Honeysuckle, Green Apple, Pine Wood, this blend exhibits an aroma rating of 9.3/10. Specially curated for refreshed, meditative rituals, it offers potent high antioxidants, cellular protection.",Shrewsbury Butter Biscuits; Warm Cardamom Nankhatai,https://images.unsplash.com/photo-1576092768241-dec231879fc3?auto=format&fit=crop&w=800&q=80
TEA-IN-0674,Imperial Halmari Single Estate,Assam (Sibsagar),Assam,100% High-Grade Assam Whole Leaf & Golden Buds (Camellia Sinensis var. Assamica),Dark Cocoa; Malty; Caramel; Toasted Grain,6.6,5.4,2.2,1.9,8.1,69,2,4,98,2.5g per 200ml (or 1:1 milk-water for Chai),Digestive Power; High Sustained Energy; Metabolic Fire,Energetic; Focused; Motivated,Autumnal Harvest,728.0,4.77,203,"An exquisite handcrafted assam harvest from the famed terroirs of Assam (Sibsagar). Imbued with prominent sensory notes of Dark Cocoa, Malty, Caramel, this blend exhibits an aroma rating of 8.1/10. Specially curated for energetic, focused rituals, it offers potent digestive power, high sustained energy.",Shrewsbury Butter Biscuits; Kashmiri Girda Flatbread with Butter,https://images.unsplash.com/photo-1514733670139-4d87a1941d55?auto=format&fit=crop&w=800&q=80
TEA-IN-0675,Fiery Adrak & Kali Mirch Kadak Chai Lot #542 '25,Mumbai Heritage,Masala Chai,"Assam CTC Black Tea, Green Cardamom Pods, Crushed Dry Ginger, Ceylon Cinnamon, Cloves, Black Pepper, Star Anise, Saffron",Cardamom (Elaichi); Ginger (Adrak); Cinnamon (Dalchini); Clove (Laung); Spicy,4.8,5.8,3.0,7.6,9.3,67,48,5,99,2.5g per 200ml (or 1:1 milk-water for Chai),Digestive Comfort; Immunity Shield,Uplifted; Comforting; Cozy,All Season,295.0,4.92,325,"An exquisite handcrafted masala chai harvest from the famed terroirs of Mumbai Heritage. Imbued with prominent sensory notes of Cardamom (Elaichi), Ginger (Adrak), Cinnamon (Dalchini), this blend exhibits an aroma rating of 9.3/10. Specially curated for uplifted, comforting rituals, it offers potent digestive comfort, immunity shield.",Dhokla with Green Chilies; Spicy Bhakarwadi & Mathri,https://images.unsplash.com/photo-1571934811356-5cc061b6821f?auto=format&fit=crop&w=800&q=80
TEA-IN-0676,Pink Salted Noon Chai (Sheer Chai) Lot #422,Kashmir (Pampore Saffron Fields),Kashmir Kahwa,"Kashmiri Green Tea Leaves, Pampore Pure Saffron Strands, Green Cardamom, Cinnamon, Crushed Almond Slivers, Dried Rose Petals",Cardamom; Cinnamon; Sweet Almond; Saffron (Kesar),2.3,7.0,7.6,7.2,9.5,28,3,5,82,2.5g per 200ml (or 1:1 milk-water for Chai),Digestive Fire; Stress Relief; Skin Glow & Radiance; Immunity Boost,Refreshed; Cozy,Autumnal Harvest,1519.0,4.42,381,"An exquisite handcrafted kashmir kahwa harvest from the famed terroirs of Kashmir (Pampore Saffron Fields). Imbued with prominent sensory notes of Cardamom, Cinnamon, Sweet Almond, this blend exhibits an aroma rating of 9.5/10. Specially curated for refreshed, cozy rituals, it offers potent digestive fire, stress relief.",Spicy Bhakarwadi & Mathri; Irani Cafe Bun Maska & Chai,https://images.unsplash.com/photo-1576092768241-dec231879fc3?auto=format&fit=crop&w=800&q=80
TEA-IN-0677,Nilgiri Golden Needle Rare Estate Lot #209 '25,Nilgiri (Coonoor),Nilgiri,100% High-Elevation Nilgiri Camellia Sinensis,Sweet Melon; Crisp Fruit; Light Malt,3.1,7.6,7.5,1.7,9.5,37,1,3,89,2.5g per 200ml (or 1:1 milk-water for Chai),Daily Refreshment; Gentle Alertness,Refreshed; Creative; Uplifted; Focused,Winter Warmth,358.0,4.7,432,"An exquisite handcrafted nilgiri harvest from the famed terroirs of Nilgiri (Coonoor). Imbued with prominent sensory notes of Sweet Melon, Crisp Fruit, Light Malt, this blend exhibits an aroma rating of 9.5/10. Specially curated for refreshed, creative rituals, it offers potent daily refreshment, gentle alertness.",Spicy Bhakarwadi & Mathri; Kolkata Style Kathi Rolls,https://images.unsplash.com/photo-1597481499750-3e6b22637e12?auto=format&fit=crop&w=800&q=80
TEA-IN-0678,Turmeric Ginger Curcumin Immunity Guard Lot #865,Kerala (Western Ghats),Ayurvedic Tisane,"Organic Tulsi (Holy Basil), Ashwagandha Root, Wild Himalayan Turmeric, Brahmi Leaves, Licorice (Mulethi), Fennel Seeds (Saunf), Lemongrass",Warm Ginger; Sweet Earthy; Woody; Herbal,2.9,6.3,6.2,2.4,9.5,0,5,6,97,2.5g per 200ml (or 1:1 milk-water for Chai),Cortisol / Stress Reduction; Gut Health & Detox,Calm; Relaxed; Cozy,Second Flush Summer,745.0,4.94,169,"An exquisite handcrafted ayurvedic tisane harvest from the famed terroirs of Kerala (Western Ghats). Imbued with prominent sensory notes of Warm Ginger, Sweet Earthy, Woody, this blend exhibits an aroma rating of 9.5/10. Specially curated for calm, relaxed rituals, it offers potent cortisol / stress reduction, gut health & detox.",Gulab Jamun with Rosewater Syrup; Crisp Hot Samosas with Mint & Tamarind Chutney; Traditional Osmania Butter Biscuits,https://images.unsplash.com/photo-1597481499750-3e6b22637e12?auto=format&fit=crop&w=800&q=80
TEA-IN-0679,Palampur Orthodox Spring Gold Lot #570,Himachal Pradesh (Kangra Valley),Kangra Valley,100% Certified GI Tagged Kangra Valley Whole Leaf Tea,Sweet Vegetal; Roasted Corn; Nutty,3.3,6.4,5.8,0.7,8.6,28,2,3,81,2.5g per 200ml (or 1:1 milk-water for Chai),Digestive Ease; High Polyphenols; Metabolic Balance; Peaceful Focus,Refreshed; Meditative,All Season,914.0,4.39,378,"An exquisite handcrafted kangra valley harvest from the famed terroirs of Himachal Pradesh (Kangra Valley). Imbued with prominent sensory notes of Sweet Vegetal, Roasted Corn, Nutty, this blend exhibits an aroma rating of 8.6/10. Specially curated for refreshed, meditative rituals, it offers potent digestive ease, high polyphenols.",Dhokla with Green Chilies; Kolkata Style Kathi Rolls; Traditional Osmania Butter Biscuits,https://images.unsplash.com/photo-1576092768241-dec231879fc3?auto=format&fit=crop&w=800&q=80
TEA-IN-0680,High Altitude Cloud Pluck Temi Red Lot #190,"Sikkim (Temi Tea Estate, South Sikkim)",Sikkim Temi,100% Organic Single Estate Temi Leaves,Muscatel; Gentle Spice; Peach; Caramel,2.6,8.1,7.1,2.3,8.4,45,3,3,86,2.5g per 200ml (or 1:1 milk-water for Chai),Cardiovascular Support; Pure Organic Nutrition; L-Theanine Serenity; Skin Vitality,Refreshed; Focused; Serene; Calm,Second Flush Summer,478.0,4.79,278,"An exquisite handcrafted sikkim temi harvest from the famed terroirs of Sikkim (Temi Tea Estate, South Sikkim). Imbued with prominent sensory notes of Muscatel, Gentle Spice, Peach, this blend exhibits an aroma rating of 8.4/10. Specially curated for refreshed, focused rituals, it offers potent cardiovascular support, pure organic nutrition.",Dhokla with Green Chilies; Kashmiri Girda Flatbread with Butter; Poha with Roasted Peanuts,https://images.unsplash.com/photo-1576092768241-dec231879fc3?auto=format&fit=crop&w=800&q=80
TEA-IN-0681,Moonlight Imperial Pluck '25,Darjeeling (Singbulli),Darjeeling,100% Hand-Picked Camellia Sinensis Single Estate Darjeeling Leaves,Muscatel; Floral; Green Apple,3.4,8.4,7.1,0.6,8.0,47,0,3,89,2.5g per 200ml (or 1:1 milk-water for Chai),Mental Clarity; Cellular Protection; Heart Wellness,Refreshed; Uplifted,First Flush Spring,2213.0,4.54,118,"An exquisite handcrafted darjeeling harvest from the famed terroirs of Darjeeling (Singbulli). Imbued with prominent sensory notes of Muscatel, Floral, Green Apple, this blend exhibits an aroma rating of 8.0/10. Specially curated for refreshed, uplifted rituals, it offers potent mental clarity, cellular protection.",Dhokla with Green Chilies; Traditional Osmania Butter Biscuits,https://images.unsplash.com/photo-1576092768241-dec231879fc3?auto=format&fit=crop&w=800&q=80
TEA-IN-0682,Brahmaputra Valley Bold Red,Assam (Jorhat),Assam,100% High-Grade Assam Whole Leaf & Golden Buds (Camellia Sinensis var. Assamica),Honey; Toasted Grain; Caramel; Malty; Woody,5.3,3.1,3.4,4.2,9.0,62,0,4,99,2.5g per 200ml (or 1:1 milk-water for Chai),Digestive Power; Immune Strength,Energetic; Focused; Cozy; Uplifted,Autumnal Harvest,1127.0,4.7,87,"An exquisite handcrafted assam harvest from the famed terroirs of Assam (Jorhat). Imbued with prominent sensory notes of Honey, Toasted Grain, Caramel, this blend exhibits an aroma rating of 9.0/10. Specially curated for energetic, focused rituals, it offers potent digestive power, immune strength.",Traditional Osmania Butter Biscuits; Warm Cardamom Nankhatai,https://images.unsplash.com/photo-1544787219-7f47ccb76574?auto=format&fit=crop&w=800&q=80
TEA-IN-0683,Star Anise & Nutmeg Winter Chai '26,Assam & Kerala Spice Hills,Masala Chai,"Assam CTC Black Tea, Green Cardamom Pods, Crushed Dry Ginger, Ceylon Cinnamon, Cloves, Black Pepper, Star Anise, Saffron",Clove (Laung); Creamy; Peppery; Cinnamon (Dalchini),6.0,5.0,1.4,9.9,9.3,48,25,6,95,2.5g per 200ml (or 1:1 milk-water for Chai),Immunity Shield; Anti-inflammatory; Cold & Cough Relief,Refreshed; Comforting,Autumnal Harvest,502.0,4.7,162,"An exquisite handcrafted masala chai harvest from the famed terroirs of Assam & Kerala Spice Hills. Imbued with prominent sensory notes of Clove (Laung), Creamy, Peppery, this blend exhibits an aroma rating of 9.3/10. Specially curated for refreshed, comforting rituals, it offers potent immunity shield, anti-inflammatory.",Spicy Bhakarwadi & Mathri; Kolkata Style Kathi Rolls; Traditional Osmania Butter Biscuits,https://images.unsplash.com/photo-1544787219-7f47ccb76574?auto=format&fit=crop&w=800&q=80
TEA-IN-0684,Pampore Golden Saffron Green Infusion,Kashmir (Srinagar Valley),Kashmir Kahwa,"Kashmiri Green Tea Leaves, Pampore Pure Saffron Strands, Green Cardamom, Cinnamon, Crushed Almond Slivers, Dried Rose Petals",Delicate Green; Sweet Almond; Saffron (Kesar),2.7,7.9,8.0,7.7,9.3,29,0,5,81,2.5g per 200ml (or 1:1 milk-water for Chai),Calming Warmth; Stress Relief; Skin Glow & Radiance; Immunity Boost,Refreshed; Cozy,First Flush Spring,1434.0,4.65,224,"An exquisite handcrafted kashmir kahwa harvest from the famed terroirs of Kashmir (Srinagar Valley). Imbued with prominent sensory notes of Delicate Green, Sweet Almond, Saffron (Kesar), this blend exhibits an aroma rating of 9.3/10. Specially curated for refreshed, cozy rituals, it offers potent calming warmth, stress relief.",Gulab Jamun with Rosewater Syrup; Crisp Onion & Paneer Pakoras; Warm Cardamom Nankhatai,https://images.unsplash.com/photo-1563822249548-9a72b6353cd1?auto=format&fit=crop&w=800&q=80
TEA-IN-0685,Coonoor Highland Fragrant Amber Lot #246 '26,Nilgiri (Blue Mountains),Nilgiri,100% High-Elevation Nilgiri Camellia Sinensis,Bright Citrus; Floral; Crisp Fruit,2.1,7.1,8.3,0.6,8.9,38,5,4,90,2.5g per 200ml (or 1:1 milk-water for Chai),Antioxidant Rich; Gentle Alertness,Calm; Creative; Focused,Second Flush Summer,580.0,4.82,71,"An exquisite handcrafted nilgiri harvest from the famed terroirs of Nilgiri (Blue Mountains). Imbued with prominent sensory notes of Bright Citrus, Floral, Crisp Fruit, this blend exhibits an aroma rating of 8.9/10. Specially curated for calm, creative rituals, it offers potent antioxidant rich, gentle alertness.",Crisp Onion & Paneer Pakoras; Kolkata Style Kathi Rolls,https://images.unsplash.com/photo-1597481499750-3e6b22637e12?auto=format&fit=crop&w=800&q=80
TEA-IN-0686,Moringa & Lemongrass Detox Flush Lot #151,Himalayan Foothills,Ayurvedic Tisane,"Organic Tulsi (Holy Basil), Ashwagandha Root, Wild Himalayan Turmeric, Brahmi Leaves, Licorice (Mulethi), Fennel Seeds (Saunf), Lemongrass",Sweet Earthy; Woody; Tulsi Mint; Herbal,1.6,7.7,5.8,2.6,8.4,0,2,7,100,2.5g per 200ml (or 1:1 milk-water for Chai),Joint & Anti-inflammatory; Gut Health & Detox; Immunity Fortification; Deep Restful Sleep,Soothing; Relaxed; Meditative; Cozy,Autumnal Harvest,620.0,4.59,344,"An exquisite handcrafted ayurvedic tisane harvest from the famed terroirs of Himalayan Foothills. Imbued with prominent sensory notes of Sweet Earthy, Woody, Tulsi Mint, this blend exhibits an aroma rating of 8.4/10. Specially curated for soothing, relaxed rituals, it offers potent joint & anti-inflammatory, gut health & detox.",Shrewsbury Butter Biscuits; Warm Cardamom Nankhatai,https://images.unsplash.com/photo-1544787219-7f47ccb76574?auto=format&fit=crop&w=800&q=80
TEA-IN-0687,Snow Mist Kangra First Flush Lot #341 '26,Himachal Pradesh (Kangra Valley),Kangra Valley,100% Certified GI Tagged Kangra Valley Whole Leaf Tea,Floral; Sweet Vegetal; Pine Mist; Nutty; Mellow Green,2.5,6.9,6.2,1.0,8.2,26,2,3,83,2.5g per 200ml (or 1:1 milk-water for Chai),High Polyphenols; Peaceful Focus; Metabolic Balance; Antioxidant Shield,Calm; Refreshed; Uplifted; Meditative,Monsoon Special,1028.0,4.48,266,"An exquisite handcrafted kangra valley harvest from the famed terroirs of Himachal Pradesh (Kangra Valley). Imbued with prominent sensory notes of Floral, Sweet Vegetal, Pine Mist, this blend exhibits an aroma rating of 8.2/10. Specially curated for calm, refreshed rituals, it offers potent high polyphenols, peaceful focus.",Kashmiri Girda Flatbread with Butter; Spicy Bhakarwadi & Mathri; Irani Cafe Bun Maska & Chai,https://images.unsplash.com/photo-1576092768241-dec231879fc3?auto=format&fit=crop&w=800&q=80
TEA-IN-0688,Sikkim Green Dragon Spring Leaf '26,"Sikkim (Temi Tea Estate, South Sikkim)",Sikkim Temi,100% Organic Single Estate Temi Leaves,Muscatel; Gentle Spice; Honeyed Wood,3.2,7.8,6.7,2.2,8.3,33,1,4,85,2.5g per 200ml (or 1:1 milk-water for Chai),Pure Organic Nutrition; L-Theanine Serenity; Cardiovascular Support; Skin Vitality,Meditative; Serene,First Flush Spring,1225.0,4.36,106,"An exquisite handcrafted sikkim temi harvest from the famed terroirs of Sikkim (Temi Tea Estate, South Sikkim). Imbued with prominent sensory notes of Muscatel, Gentle Spice, Honeyed Wood, this blend exhibits an aroma rating of 8.3/10. Specially curated for meditative, serene rituals, it offers potent pure organic nutrition, l-theanine serenity.",Dhokla with Green Chilies; Warm Cardamom Nankhatai,https://images.unsplash.com/photo-1546852199-2d8e8c4aa477?auto=format&fit=crop&w=800&q=80
TEA-IN-0689,Autumnal Flush Ruby Harvest,Darjeeling (Margaret's Hope),Darjeeling,100% Hand-Picked Camellia Sinensis Single Estate Darjeeling Leaves,Muscatel; Apricot; Pine Wood,1.9,5.0,7.0,1.6,8.8,34,5,4,80,2.5g per 200ml (or 1:1 milk-water for Chai),Mental Clarity; High Antioxidants; Cellular Protection,Calm; Meditative; Focused,All Season,623.0,4.79,334,"An exquisite handcrafted darjeeling harvest from the famed terroirs of Darjeeling (Margaret's Hope). Imbued with prominent sensory notes of Muscatel, Apricot, Pine Wood, this blend exhibits an aroma rating of 8.8/10. Specially curated for calm, meditative rituals, it offers potent mental clarity, high antioxidants.",Gulab Jamun with Rosewater Syrup; Warm Cardamom Nankhatai,https://images.unsplash.com/photo-1576092768241-dec231879fc3?auto=format&fit=crop&w=800&q=80
TEA-IN-0690,Golden Tips Extra Special Orthodox Lot #689,Assam (Mangaldai),Assam,100% High-Grade Assam Whole Leaf & Golden Buds (Camellia Sinensis var. Assamica),Honey; Bold Body; Malty,5.3,3.7,2.9,1.9,7.7,66,0,4,98,2.5g per 200ml (or 1:1 milk-water for Chai),Digestive Power; Cardiovascular Support; High Sustained Energy; Metabolic Fire,Motivated; Focused; Uplifted,Monsoon Special,726.0,4.6,86,"An exquisite handcrafted assam harvest from the famed terroirs of Assam (Mangaldai). Imbued with prominent sensory notes of Honey, Bold Body, Malty, this blend exhibits an aroma rating of 7.7/10. Specially curated for motivated, focused rituals, it offers potent digestive power, cardiovascular support.",Poha with Roasted Peanuts; Spicy Bhakarwadi & Mathri,https://images.unsplash.com/photo-1571934811356-5cc061b6821f?auto=format&fit=crop&w=800&q=80
TEA-IN-0691,Rose Petal & Green Cardamom Sweet Chai Lot #831 '24,Mumbai Heritage,Masala Chai,"Assam CTC Black Tea, Green Cardamom Pods, Crushed Dry Ginger, Ceylon Cinnamon, Cloves, Black Pepper, Star Anise, Saffron",Cardamom (Elaichi); Sweet Heat; Creamy,3.0,5.5,2.4,8.0,9.4,53,42,6,96,2.5g per 200ml (or 1:1 milk-water for Chai),Cold & Cough Relief; Digestive Comfort; Immunity Shield,Refreshed; Energetic; Uplifted; Cozy,All Season,304.0,4.54,438,"An exquisite handcrafted masala chai harvest from the famed terroirs of Mumbai Heritage. Imbued with prominent sensory notes of Cardamom (Elaichi), Sweet Heat, Creamy, this blend exhibits an aroma rating of 9.4/10. Specially curated for refreshed, energetic rituals, it offers potent cold & cough relief, digestive comfort.",Traditional Osmania Butter Biscuits; Warm Cardamom Nankhatai; Irani Cafe Bun Maska & Chai,https://images.unsplash.com/photo-1571934811356-5cc061b6821f?auto=format&fit=crop&w=800&q=80
TEA-IN-0692,Pampore Golden Saffron Green Infusion,Kashmir (Gulmarg Hills),Kashmir Kahwa,"Kashmiri Green Tea Leaves, Pampore Pure Saffron Strands, Green Cardamom, Cinnamon, Crushed Almond Slivers, Dried Rose Petals",Delicate Green; Cinnamon; Nutty,1.9,8.7,7.8,6.4,9.4,28,0,4,85,2.5g per 200ml (or 1:1 milk-water for Chai),Calming Warmth; Stress Relief; Skin Glow & Radiance,Refreshed; Relaxed; Cozy,Autumnal Harvest,527.0,4.36,273,"An exquisite handcrafted kashmir kahwa harvest from the famed terroirs of Kashmir (Gulmarg Hills). Imbued with prominent sensory notes of Delicate Green, Cinnamon, Nutty, this blend exhibits an aroma rating of 9.4/10. Specially curated for refreshed, relaxed rituals, it offers potent calming warmth, stress relief.",Poha with Roasted Peanuts; Shrewsbury Butter Biscuits; Kolkata Style Kathi Rolls,https://images.unsplash.com/photo-1576092768241-dec231879fc3?auto=format&fit=crop&w=800&q=80
TEA-IN-0693,Nilgiri Golden Needle Rare Estate Lot #143 '25,Nilgiri (Ooty Highlands),Nilgiri,100% High-Elevation Nilgiri Camellia Sinensis,Honey; Light Malt; Floral; Sweet Melon,2.4,7.1,6.8,1.0,9.2,38,2,4,91,2.5g per 200ml (or 1:1 milk-water for Chai),Antioxidant Rich; Heart Health; Daily Refreshment; Gentle Alertness,Calm; Creative,First Flush Spring,809.0,4.69,163,"An exquisite handcrafted nilgiri harvest from the famed terroirs of Nilgiri (Ooty Highlands). Imbued with prominent sensory notes of Honey, Light Malt, Floral, this blend exhibits an aroma rating of 9.2/10. Specially curated for calm, creative rituals, it offers potent antioxidant rich, heart health.",Kashmiri Girda Flatbread with Butter; Spicy Bhakarwadi & Mathri; Traditional Osmania Butter Biscuits,https://images.unsplash.com/photo-1546852199-2d8e8c4aa477?auto=format&fit=crop&w=800&q=80
TEA-IN-0694,Turmeric Ginger Curcumin Immunity Guard Lot #852 '24,Himalayan Foothills,Ayurvedic Tisane,"Organic Tulsi (Holy Basil), Ashwagandha Root, Wild Himalayan Turmeric, Brahmi Leaves, Licorice (Mulethi), Fennel Seeds (Saunf), Lemongrass",Warm Ginger; Cooling; Herbal; Tulsi Mint,2.1,7.9,4.0,3.4,8.5,0,2,6,100,2.5g per 200ml (or 1:1 milk-water for Chai),Cortisol / Stress Reduction; Immunity Fortification,Calm; Cozy,All Season,577.0,4.51,351,"An exquisite handcrafted ayurvedic tisane harvest from the famed terroirs of Himalayan Foothills. Imbued with prominent sensory notes of Warm Ginger, Cooling, Herbal, this blend exhibits an aroma rating of 8.5/10. Specially curated for calm, cozy rituals, it offers potent cortisol / stress reduction, immunity fortification.",Shrewsbury Butter Biscuits; Kolkata Style Kathi Rolls; Warm Cardamom Nankhatai,https://images.unsplash.com/photo-1544787219-7f47ccb76574?auto=format&fit=crop&w=800&q=80
TEA-IN-0695,Wild Herb Infused Kangra Tea,Himachal Pradesh (Kangra Valley),Kangra Valley,100% Certified GI Tagged Kangra Valley Whole Leaf Tea,Mellow Green; Floral; Sweet Vegetal; Pine Mist,3.4,6.8,6.0,1.2,7.8,32,4,3,85,2.5g per 200ml (or 1:1 milk-water for Chai),Digestive Ease; Peaceful Focus,Uplifted; Meditative; Focused,Second Flush Summer,1094.0,4.81,312,"An exquisite handcrafted kangra valley harvest from the famed terroirs of Himachal Pradesh (Kangra Valley). Imbued with prominent sensory notes of Mellow Green, Floral, Sweet Vegetal, this blend exhibits an aroma rating of 7.8/10. Specially curated for uplifted, meditative rituals, it offers potent digestive ease, peaceful focus.",Shrewsbury Butter Biscuits; Kashmiri Girda Flatbread with Butter; Kolkata Style Kathi Rolls,https://images.unsplash.com/photo-1576092768241-dec231879fc3?auto=format&fit=crop&w=800&q=80
TEA-IN-0696,Temi Estate 100% Organic First Flush Lot #813,"Sikkim (Temi Tea Estate, South Sikkim)",Sikkim Temi,100% Organic Single Estate Temi Leaves,Muscatel; Honeyed Wood; Peach; Caramel,3.2,6.0,7.8,1.7,9.0,42,4,4,85,2.5g per 200ml (or 1:1 milk-water for Chai),Pure Organic Nutrition; L-Theanine Serenity,Focused; Meditative,First Flush Spring,704.0,4.57,350,"An exquisite handcrafted sikkim temi harvest from the famed terroirs of Sikkim (Temi Tea Estate, South Sikkim). Imbued with prominent sensory notes of Muscatel, Honeyed Wood, Peach, this blend exhibits an aroma rating of 9.0/10. Specially curated for focused, meditative rituals, it offers potent pure organic nutrition, l-theanine serenity.",Dhokla with Green Chilies; Shrewsbury Butter Biscuits; Spicy Bhakarwadi & Mathri,https://images.unsplash.com/photo-1576092768241-dec231879fc3?auto=format&fit=crop&w=800&q=80
TEA-IN-0697,Margaret's Hope Golden Tips,Darjeeling (Castle Castleton),Darjeeling,100% Hand-Picked Camellia Sinensis Single Estate Darjeeling Leaves,Honey; Honeysuckle; Citrus Zest; Pine Wood; Muscatel,3.3,8.6,7.4,1.9,8.4,34,3,4,89,2.5g per 200ml (or 1:1 milk-water for Chai),High Antioxidants; Cellular Protection; Gentle Vitality; Heart Wellness,Refreshed; Uplifted; Focused; Calm,First Flush Spring,1114.0,4.85,376,"An exquisite handcrafted darjeeling harvest from the famed terroirs of Darjeeling (Castle Castleton). Imbued with prominent sensory notes of Honey, Honeysuckle, Citrus Zest, this blend exhibits an aroma rating of 8.4/10. Specially curated for refreshed, uplifted rituals, it offers potent high antioxidants, cellular protection.",Dhokla with Green Chilies; Spicy Bhakarwadi & Mathri,https://images.unsplash.com/photo-1546852199-2d8e8c4aa477?auto=format&fit=crop&w=800&q=80
TEA-IN-0698,Assam Tippy Golden Flowery Orange Pekoe Lot #125 '25,Assam (Golaghat),Assam,100% High-Grade Assam Whole Leaf & Golden Buds (Camellia Sinensis var. Assamica),Woody; Molasses; Malty; Caramel,6.8,5.2,3.5,4.0,8.6,69,1,4,100,2.5g per 200ml (or 1:1 milk-water for Chai),Digestive Power; High Sustained Energy; Immune Strength,Energetic; Motivated; Uplifted; Focused,Monsoon Special,661.0,4.41,366,"An exquisite handcrafted assam harvest from the famed terroirs of Assam (Golaghat). Imbued with prominent sensory notes of Woody, Molasses, Malty, this blend exhibits an aroma rating of 8.6/10. Specially curated for energetic, motivated rituals, it offers potent digestive power, high sustained energy.",Crisp Hot Samosas with Mint & Tamarind Chutney; Irani Cafe Bun Maska & Chai,https://images.unsplash.com/photo-1544787219-7f47ccb76574?auto=format&fit=crop&w=800&q=80
TEA-IN-0699,Caramelized Jaggery (Gur) Spiced Chai Lot #695,Mumbai Heritage,Masala Chai,"Assam CTC Black Tea, Green Cardamom Pods, Crushed Dry Ginger, Ceylon Cinnamon, Cloves, Black Pepper, Star Anise, Saffron",Cardamom (Elaichi); Ginger (Adrak); Peppery; Cinnamon (Dalchini); Sweet Heat,5.3,6.3,2.8,9.2,9.6,56,25,5,95,2.5g per 200ml (or 1:1 milk-water for Chai),Immunity Shield; Instant Warming,Uplifted; Comforting; Cozy,Second Flush Summer,336.0,4.44,376,"An exquisite handcrafted masala chai harvest from the famed terroirs of Mumbai Heritage. Imbued with prominent sensory notes of Cardamom (Elaichi), Ginger (Adrak), Peppery, this blend exhibits an aroma rating of 9.6/10. Specially curated for uplifted, comforting rituals, it offers potent immunity shield, instant warming.",Dhokla with Green Chilies; Spicy Bhakarwadi & Mathri; Irani Cafe Bun Maska & Chai,https://images.unsplash.com/photo-1544787219-7f47ccb76574?auto=format&fit=crop&w=800&q=80
TEA-IN-0700,Pampore Golden Saffron Green Infusion Lot #435,Kashmir (Gulmarg Hills),Kashmir Kahwa,"Kashmiri Green Tea Leaves, Pampore Pure Saffron Strands, Green Cardamom, Cinnamon, Crushed Almond Slivers, Dried Rose Petals",Cardamom; Cinnamon; Saffron (Kesar); Nutty,3.0,7.8,6.1,5.8,9.8,24,3,4,80,2.5g per 200ml (or 1:1 milk-water for Chai),Calming Warmth; Stress Relief; Digestive Fire; Skin Glow & Radiance,Calm; Refreshed; Cozy,All Season,1585.0,4.75,145,"An exquisite handcrafted kashmir kahwa harvest from the famed terroirs of Kashmir (Gulmarg Hills). Imbued with prominent sensory notes of Cardamom, Cinnamon, Saffron (Kesar), this blend exhibits an aroma rating of 9.8/10. Specially curated for calm, refreshed rituals, it offers potent calming warmth, stress relief.",Shrewsbury Butter Biscuits; Kashmiri Girda Flatbread with Butter,https://images.unsplash.com/photo-1576092768241-dec231879fc3?auto=format&fit=crop&w=800&q=80
TEA-IN-0701,Nilgiri Golden Needle Rare Estate Lot #652,Nilgiri (Blue Mountains),Nilgiri,100% High-Elevation Nilgiri Camellia Sinensis,Floral; Light Malt; Sweet Melon; Bright Citrus; Plum,2.2,8.2,6.0,1.8,9.4,40,1,3,90,2.5g per 200ml (or 1:1 milk-water for Chai),Weight Balance; Antioxidant Rich; Daily Refreshment; Gentle Alertness,Refreshed; Focused; Uplifted,Monsoon Special,1381.0,4.96,231,"An exquisite handcrafted nilgiri harvest from the famed terroirs of Nilgiri (Blue Mountains). Imbued with prominent sensory notes of Floral, Light Malt, Sweet Melon, this blend exhibits an aroma rating of 9.4/10. Specially curated for refreshed, focused rituals, it offers potent weight balance, antioxidant rich.",Gulab Jamun with Rosewater Syrup; Kolkata Style Kathi Rolls,https://images.unsplash.com/photo-1546852199-2d8e8c4aa477?auto=format&fit=crop&w=800&q=80
TEA-IN-0702,"Sacred Tulsi Trio (Rama, Krishna, Vana) Lot #309",Uttarakhand Sacred Valleys,Ayurvedic Tisane,"Organic Tulsi (Holy Basil), Ashwagandha Root, Wild Himalayan Turmeric, Brahmi Leaves, Licorice (Mulethi), Fennel Seeds (Saunf), Lemongrass",Sweet Earthy; Woody; Fennel Sweetness,2.1,4.1,6.6,5.5,9.2,0,3,5,99,2.5g per 200ml (or 1:1 milk-water for Chai),Joint & Anti-inflammatory; Immunity Fortification; Deep Restful Sleep; Gut Health & Detox,Relaxed; Meditative,All Season,676.0,4.53,309,"An exquisite handcrafted ayurvedic tisane harvest from the famed terroirs of Uttarakhand Sacred Valleys. Imbued with prominent sensory notes of Sweet Earthy, Woody, Fennel Sweetness, this blend exhibits an aroma rating of 9.2/10. Specially curated for relaxed, meditative rituals, it offers potent joint & anti-inflammatory, immunity fortification.",Shrewsbury Butter Biscuits; Kashmiri Girda Flatbread with Butter,https://images.unsplash.com/photo-1597481499750-3e6b22637e12?auto=format&fit=crop&w=800&q=80
TEA-IN-0703,Wild Herb Infused Kangra Tea Lot #383,Himachal Pradesh (Palampur),Kangra Valley,100% Certified GI Tagged Kangra Valley Whole Leaf Tea,Mellow Green; Floral; Sweet Vegetal; Nutty,2.0,5.5,8.3,1.5,8.4,42,3,2,77,2.5g per 200ml (or 1:1 milk-water for Chai),Digestive Ease; High Polyphenols; Metabolic Balance; Antioxidant Shield,Calm; Refreshed; Focused; Uplifted,Second Flush Summer,628.0,4.52,324,"An exquisite handcrafted kangra valley harvest from the famed terroirs of Himachal Pradesh (Palampur). Imbued with prominent sensory notes of Mellow Green, Floral, Sweet Vegetal, this blend exhibits an aroma rating of 8.4/10. Specially curated for calm, refreshed rituals, it offers potent digestive ease, high polyphenols.",Poha with Roasted Peanuts; Traditional Osmania Butter Biscuits; Warm Cardamom Nankhatai,https://images.unsplash.com/photo-1563822249548-9a72b6353cd1?auto=format&fit=crop&w=800&q=80
TEA-IN-0704,Kanchenjunga Mist Golden Tips,Sikkim (Ravangla Highlands),Sikkim Temi,100% Organic Single Estate Temi Leaves,Honeyed Wood; Muscatel; Caramel,3.1,7.2,6.5,1.4,9.1,35,5,3,87,2.5g per 200ml (or 1:1 milk-water for Chai),Pure Organic Nutrition; L-Theanine Serenity; Skin Vitality,Focused; Meditative,Winter Warmth,1541.0,4.69,227,"An exquisite handcrafted sikkim temi harvest from the famed terroirs of Sikkim (Ravangla Highlands). Imbued with prominent sensory notes of Honeyed Wood, Muscatel, Caramel, this blend exhibits an aroma rating of 9.1/10. Specially curated for focused, meditative rituals, it offers potent pure organic nutrition, l-theanine serenity.",Crisp Hot Samosas with Mint & Tamarind Chutney; Traditional Osmania Butter Biscuits; Irani Cafe Bun Maska & Chai,https://images.unsplash.com/photo-1546852199-2d8e8c4aa477?auto=format&fit=crop&w=800&q=80
TEA-IN-0705,Autumnal Flush Ruby Harvest '24,Darjeeling (Okayti),Darjeeling,100% Hand-Picked Camellia Sinensis Single Estate Darjeeling Leaves,Citrus Zest; Honeysuckle; Apricot; Green Apple,1.8,8.0,7.7,1.0,9.7,52,2,3,85,2.5g per 200ml (or 1:1 milk-water for Chai),Mental Clarity; High Antioxidants; Gentle Vitality; Heart Wellness,Calm; Refreshed; Focused; Meditative,All Season,1604.0,4.98,147,"An exquisite handcrafted darjeeling harvest from the famed terroirs of Darjeeling (Okayti). Imbued with prominent sensory notes of Citrus Zest, Honeysuckle, Apricot, this blend exhibits an aroma rating of 9.7/10. Specially curated for calm, refreshed rituals, it offers potent mental clarity, high antioxidants.",Crisp Onion & Paneer Pakoras; Kolkata Style Kathi Rolls,https://images.unsplash.com/photo-1546852199-2d8e8c4aa477?auto=format&fit=crop&w=800&q=80
TEA-IN-0706,Royal Mangalam Golden Needle Lot #510,Assam (Dibrugarh),Assam,100% High-Grade Assam Whole Leaf & Golden Buds (Camellia Sinensis var. Assamica),Bold Body; Caramel; Woody; Dark Cocoa; Molasses,7.5,6.4,1.7,1.6,8.0,66,4,5,97,2.5g per 200ml (or 1:1 milk-water for Chai),Digestive Power; Immune Strength; High Sustained Energy; Metabolic Fire,Energetic; Focused; Motivated,Winter Warmth,415.0,4.56,223,"An exquisite handcrafted assam harvest from the famed terroirs of Assam (Dibrugarh). Imbued with prominent sensory notes of Bold Body, Caramel, Woody, this blend exhibits an aroma rating of 8.0/10. Specially curated for energetic, focused rituals, it offers potent digestive power, immune strength.",Dhokla with Green Chilies; Spicy Bhakarwadi & Mathri,https://images.unsplash.com/photo-1544787219-7f47ccb76574?auto=format&fit=crop&w=800&q=80
TEA-IN-0707,Caramelized Jaggery (Gur) Spiced Chai Lot #282,Delhi Old Quarter,Masala Chai,"Assam CTC Black Tea, Green Cardamom Pods, Crushed Dry Ginger, Ceylon Cinnamon, Cloves, Black Pepper, Star Anise, Saffron",Cardamom (Elaichi); Ginger (Adrak); Cinnamon (Dalchini); Sweet Heat; Clove (Laung),4.0,6.7,2.8,9.7,9.6,64,52,6,99,2.5g per 200ml (or 1:1 milk-water for Chai),Digestive Comfort; Cold & Cough Relief; Instant Warming,Refreshed; Uplifted; Comforting,First Flush Spring,389.0,4.42,287,"An exquisite handcrafted masala chai harvest from the famed terroirs of Delhi Old Quarter. Imbued with prominent sensory notes of Cardamom (Elaichi), Ginger (Adrak), Cinnamon (Dalchini), this blend exhibits an aroma rating of 9.6/10. Specially curated for refreshed, uplifted rituals, it offers potent digestive comfort, cold & cough relief.",Crisp Hot Samosas with Mint & Tamarind Chutney; Kolkata Style Kathi Rolls; Warm Cardamom Nankhatai,https://images.unsplash.com/photo-1571934811356-5cc061b6821f?auto=format&fit=crop&w=800&q=80
TEA-IN-0708,Rose Petal & Kashmiri Cardamom Kahwa '26,Kashmir (Srinagar Valley),Kashmir Kahwa,"Kashmiri Green Tea Leaves, Pampore Pure Saffron Strands, Green Cardamom, Cinnamon, Crushed Almond Slivers, Dried Rose Petals",Delicate Green; Sweet Almond; Floral Honey,1.4,8.3,6.3,8.0,9.4,15,0,4,82,2.5g per 200ml (or 1:1 milk-water for Chai),Calming Warmth; Stress Relief; Skin Glow & Radiance,Calm; Relaxed; Refreshed; Cozy,Monsoon Special,785.0,4.85,273,"An exquisite handcrafted kashmir kahwa harvest from the famed terroirs of Kashmir (Srinagar Valley). Imbued with prominent sensory notes of Delicate Green, Sweet Almond, Floral Honey, this blend exhibits an aroma rating of 9.4/10. Specially curated for calm, relaxed rituals, it offers potent calming warmth, stress relief.",Kolkata Style Kathi Rolls; Warm Cardamom Nankhatai,https://images.unsplash.com/photo-1563822249548-9a72b6353cd1?auto=format&fit=crop&w=800&q=80
TEA-IN-0709,Nilgiri Golden Needle Rare Estate,Nilgiri (Kotagiri),Nilgiri,100% High-Elevation Nilgiri Camellia Sinensis,Floral; Crisp Fruit; Light Malt,2.4,7.6,8.5,1.3,8.2,50,5,3,89,2.5g per 200ml (or 1:1 milk-water for Chai),Weight Balance; Gentle Alertness,Calm; Focused,Autumnal Harvest,820.0,4.94,72,"An exquisite handcrafted nilgiri harvest from the famed terroirs of Nilgiri (Kotagiri). Imbued with prominent sensory notes of Floral, Crisp Fruit, Light Malt, this blend exhibits an aroma rating of 8.2/10. Specially curated for calm, focused rituals, it offers potent weight balance, gentle alertness.",Dhokla with Green Chilies; Gulab Jamun with Rosewater Syrup,https://images.unsplash.com/photo-1546852199-2d8e8c4aa477?auto=format&fit=crop&w=800&q=80
TEA-IN-0710,Chamomile & Shankhpushpi Deep Sleep Lot #683 '26,Himalayan Foothills,Ayurvedic Tisane,"Organic Tulsi (Holy Basil), Ashwagandha Root, Wild Himalayan Turmeric, Brahmi Leaves, Licorice (Mulethi), Fennel Seeds (Saunf), Lemongrass",Warm Ginger; Herbal; Sweet Earthy; Cooling; Botanical,2.8,7.9,4.1,6.0,8.2,0,0,5,98,2.5g per 200ml (or 1:1 milk-water for Chai),Cortisol / Stress Reduction; Gut Health & Detox; Joint & Anti-inflammatory; Deep Restful Sleep,Calm; Soothing; Relaxed; Meditative,Second Flush Summer,618.0,4.38,103,"An exquisite handcrafted ayurvedic tisane harvest from the famed terroirs of Himalayan Foothills. Imbued with prominent sensory notes of Warm Ginger, Herbal, Sweet Earthy, this blend exhibits an aroma rating of 8.2/10. Specially curated for calm, soothing rituals, it offers potent cortisol / stress reduction, gut health & detox.",Traditional Osmania Butter Biscuits; Warm Cardamom Nankhatai,https://images.unsplash.com/photo-1544787219-7f47ccb76574?auto=format&fit=crop&w=800&q=80
TEA-IN-0711,Palampur Orthodox Spring Gold Lot #594 '25,Himachal Pradesh (Kangra Valley),Kangra Valley,100% Certified GI Tagged Kangra Valley Whole Leaf Tea,Floral; Sweet Vegetal; Nutty,3.1,5.7,5.2,1.2,7.4,28,3,3,75,2.5g per 200ml (or 1:1 milk-water for Chai),Digestive Ease; Metabolic Balance,Refreshed; Calm; Uplifted; Focused,Monsoon Special,561.0,4.8,434,"An exquisite handcrafted kangra valley harvest from the famed terroirs of Himachal Pradesh (Kangra Valley). Imbued with prominent sensory notes of Floral, Sweet Vegetal, Nutty, this blend exhibits an aroma rating of 7.4/10. Specially curated for refreshed, calm rituals, it offers potent digestive ease, metabolic balance.",Gulab Jamun with Rosewater Syrup; Kashmiri Girda Flatbread with Butter; Traditional Osmania Butter Biscuits,https://images.unsplash.com/photo-1563822249548-9a72b6353cd1?auto=format&fit=crop&w=800&q=80
TEA-IN-0712,Sikkim Royal Orthodox Muscatel Lot #394,Sikkim (Ravangla Highlands),Sikkim Temi,100% Organic Single Estate Temi Leaves,Sweet Floral; Gentle Spice; Peach,1.5,6.7,7.6,1.9,9.4,38,1,3,87,2.5g per 200ml (or 1:1 milk-water for Chai),Pure Organic Nutrition; L-Theanine Serenity; Skin Vitality,Calm; Refreshed; Serene,Winter Warmth,1162.0,4.35,200,"An exquisite handcrafted sikkim temi harvest from the famed terroirs of Sikkim (Ravangla Highlands). Imbued with prominent sensory notes of Sweet Floral, Gentle Spice, Peach, this blend exhibits an aroma rating of 9.4/10. Specially curated for calm, refreshed rituals, it offers potent pure organic nutrition, l-theanine serenity.",Kashmiri Girda Flatbread with Butter; Traditional Osmania Butter Biscuits; Irani Cafe Bun Maska & Chai,https://images.unsplash.com/photo-1576092768241-dec231879fc3?auto=format&fit=crop&w=800&q=80
TEA-IN-0713,Autumnal Flush Ruby Harvest '26,Darjeeling (Margaret's Hope),Darjeeling,100% Hand-Picked Camellia Sinensis Single Estate Darjeeling Leaves,Honey; Honeysuckle; Apricot; Citrus Zest,3.5,7.0,8.0,1.3,8.2,48,0,4,87,2.5g per 200ml (or 1:1 milk-water for Chai),Mental Clarity; High Antioxidants; Cellular Protection; Heart Wellness,Calm; Meditative; Focused,Monsoon Special,1637.0,4.91,430,"An exquisite handcrafted darjeeling harvest from the famed terroirs of Darjeeling (Margaret's Hope). Imbued with prominent sensory notes of Honey, Honeysuckle, Apricot, this blend exhibits an aroma rating of 8.2/10. Specially curated for calm, meditative rituals, it offers potent mental clarity, high antioxidants.",Crisp Hot Samosas with Mint & Tamarind Chutney; Warm Cardamom Nankhatai,https://images.unsplash.com/photo-1576092768241-dec231879fc3?auto=format&fit=crop&w=800&q=80
TEA-IN-0714,Smoked Wild Bamboo Assam Lot #221,Assam (Dibrugarh),Assam,100% High-Grade Assam Whole Leaf & Golden Buds (Camellia Sinensis var. Assamica),Honey; Dark Cocoa; Toasted Grain,7.4,6.5,1.7,4.3,8.8,55,0,4,100,2.5g per 200ml (or 1:1 milk-water for Chai),Digestive Power; Immune Strength; High Sustained Energy; Metabolic Fire,Motivated; Focused; Cozy; Uplifted,Winter Warmth,786.0,4.4,184,"An exquisite handcrafted assam harvest from the famed terroirs of Assam (Dibrugarh). Imbued with prominent sensory notes of Honey, Dark Cocoa, Toasted Grain, this blend exhibits an aroma rating of 8.8/10. Specially curated for motivated, focused rituals, it offers potent digestive power, immune strength.",Poha with Roasted Peanuts; Gulab Jamun with Rosewater Syrup,https://images.unsplash.com/photo-1544787219-7f47ccb76574?auto=format&fit=crop&w=800&q=80
TEA-IN-0715,Cinnamon Bark & Clove Monsoon Chai Lot #492,Assam & Kerala Spice Hills,Masala Chai,"Assam CTC Black Tea, Green Cardamom Pods, Crushed Dry Ginger, Ceylon Cinnamon, Cloves, Black Pepper, Star Anise, Saffron",Ginger (Adrak); Creamy; Sweet Heat; Clove (Laung); Spicy,4.3,6.7,3.6,9.3,9.3,52,27,4,96,2.5g per 200ml (or 1:1 milk-water for Chai),Digestive Comfort; Immunity Shield; Instant Warming,Refreshed; Energetic; Uplifted; Cozy,Winter Warmth,634.0,4.36,449,"An exquisite handcrafted masala chai harvest from the famed terroirs of Assam & Kerala Spice Hills. Imbued with prominent sensory notes of Ginger (Adrak), Creamy, Sweet Heat, this blend exhibits an aroma rating of 9.3/10. Specially curated for refreshed, energetic rituals, it offers potent digestive comfort, immunity shield.",Poha with Roasted Peanuts; Kolkata Style Kathi Rolls,https://images.unsplash.com/photo-1571934811356-5cc061b6821f?auto=format&fit=crop&w=800&q=80
TEA-IN-0716,Rose Petal & Kashmiri Cardamom Kahwa '24,Kashmir (Srinagar Valley),Kashmir Kahwa,"Kashmiri Green Tea Leaves, Pampore Pure Saffron Strands, Green Cardamom, Cinnamon, Crushed Almond Slivers, Dried Rose Petals",Cardamom; Floral Honey; Saffron (Kesar),2.6,7.1,6.3,6.6,9.6,23,2,3,83,2.5g per 200ml (or 1:1 milk-water for Chai),Calming Warmth; Digestive Fire,Refreshed; Meditative,Second Flush Summer,815.0,4.92,367,"An exquisite handcrafted kashmir kahwa harvest from the famed terroirs of Kashmir (Srinagar Valley). Imbued with prominent sensory notes of Cardamom, Floral Honey, Saffron (Kesar), this blend exhibits an aroma rating of 9.6/10. Specially curated for refreshed, meditative rituals, it offers potent calming warmth, digestive fire.",Crisp Hot Samosas with Mint & Tamarind Chutney; Irani Cafe Bun Maska & Chai,https://images.unsplash.com/photo-1576092768241-dec231879fc3?auto=format&fit=crop&w=800&q=80
TEA-IN-0717,Tiger Hill Single Cultivar Nilgiri Lot #473 '25,Nilgiri (Kotagiri),Nilgiri,100% High-Elevation Nilgiri Camellia Sinensis,Bright Citrus; Honey; Crisp Fruit; Sweet Melon,2.2,7.7,8.4,2.2,9.0,48,1,3,86,2.5g per 200ml (or 1:1 milk-water for Chai),Heart Health; Gentle Alertness; Antioxidant Rich; Daily Refreshment,Calm; Creative; Uplifted; Focused,First Flush Spring,709.0,4.82,212,"An exquisite handcrafted nilgiri harvest from the famed terroirs of Nilgiri (Kotagiri). Imbued with prominent sensory notes of Bright Citrus, Honey, Crisp Fruit, this blend exhibits an aroma rating of 9.0/10. Specially curated for calm, creative rituals, it offers potent heart health, gentle alertness.",Kashmiri Girda Flatbread with Butter; Spicy Bhakarwadi & Mathri; Irani Cafe Bun Maska & Chai,https://images.unsplash.com/photo-1597481499750-3e6b22637e12?auto=format&fit=crop&w=800&q=80
TEA-IN-0718,Triphala & Fennel Digestive Nectar Lot #242 '24,Himalayan Foothills,Ayurvedic Tisane,"Organic Tulsi (Holy Basil), Ashwagandha Root, Wild Himalayan Turmeric, Brahmi Leaves, Licorice (Mulethi), Fennel Seeds (Saunf), Lemongrass",Warm Ginger; Cooling; Herbal; Tulsi Mint,2.3,5.2,4.5,3.9,8.6,0,1,6,99,2.5g per 200ml (or 1:1 milk-water for Chai),Cortisol / Stress Reduction; Gut Health & Detox,Calm; Relaxed; Meditative,All Season,356.0,4.73,156,"An exquisite handcrafted ayurvedic tisane harvest from the famed terroirs of Himalayan Foothills. Imbued with prominent sensory notes of Warm Ginger, Cooling, Herbal, this blend exhibits an aroma rating of 8.6/10. Specially curated for calm, relaxed rituals, it offers potent cortisol / stress reduction, gut health & detox.",Shrewsbury Butter Biscuits; Crisp Hot Samosas with Mint & Tamarind Chutney; Irani Cafe Bun Maska & Chai,https://images.unsplash.com/photo-1597481499750-3e6b22637e12?auto=format&fit=crop&w=800&q=80
TEA-IN-0719,Snow Mist Kangra First Flush Lot #112 '26,Himachal Pradesh (Palampur),Kangra Valley,100% Certified GI Tagged Kangra Valley Whole Leaf Tea,Roasted Corn; Sweet Vegetal; Pine Mist; Nutty; Mellow Green,1.1,5.8,5.6,1.7,7.5,25,2,2,75,2.5g per 200ml (or 1:1 milk-water for Chai),Antioxidant Shield; Metabolic Balance; Peaceful Focus,Refreshed; Uplifted; Meditative; Focused,All Season,853.0,4.33,257,"An exquisite handcrafted kangra valley harvest from the famed terroirs of Himachal Pradesh (Palampur). Imbued with prominent sensory notes of Roasted Corn, Sweet Vegetal, Pine Mist, this blend exhibits an aroma rating of 7.5/10. Specially curated for refreshed, uplifted rituals, it offers potent antioxidant shield, metabolic balance.",Dhokla with Green Chilies; Kashmiri Girda Flatbread with Butter; Crisp Hot Samosas with Mint & Tamarind Chutney,https://images.unsplash.com/photo-1563822249548-9a72b6353cd1?auto=format&fit=crop&w=800&q=80
TEA-IN-0720,High Altitude Cloud Pluck Temi Red Lot #364 '26,Sikkim (Ravangla Highlands),Sikkim Temi,100% Organic Single Estate Temi Leaves,Sweet Floral; Honeyed Wood; Peach; Caramel; Gentle Spice,2.7,6.3,7.3,2.5,9.4,35,2,4,86,2.5g per 200ml (or 1:1 milk-water for Chai),Pure Organic Nutrition; L-Theanine Serenity; Cardiovascular Support; Skin Vitality,Refreshed; Focused; Serene,All Season,895.0,4.38,335,"An exquisite handcrafted sikkim temi harvest from the famed terroirs of Sikkim (Ravangla Highlands). Imbued with prominent sensory notes of Sweet Floral, Honeyed Wood, Peach, this blend exhibits an aroma rating of 9.4/10. Specially curated for refreshed, focused rituals, it offers potent pure organic nutrition, l-theanine serenity.",Dhokla with Green Chilies; Kashmiri Girda Flatbread with Butter; Irani Cafe Bun Maska & Chai,https://images.unsplash.com/photo-1576092768241-dec231879fc3?auto=format&fit=crop&w=800&q=80
TEA-IN-0721,First Flush Spring Champagne Lot #490,Darjeeling (Margaret's Hope),Darjeeling,100% Hand-Picked Camellia Sinensis Single Estate Darjeeling Leaves,Citrus Zest; Apricot; Green Apple; Pine Wood,3.9,6.6,9.4,1.8,8.6,40,3,3,84,2.5g per 200ml (or 1:1 milk-water for Chai),Cellular Protection; Heart Wellness,Calm; Refreshed; Meditative,First Flush Spring,1810.0,4.35,137,"An exquisite handcrafted darjeeling harvest from the famed terroirs of Darjeeling (Margaret's Hope). Imbued with prominent sensory notes of Citrus Zest, Apricot, Green Apple, this blend exhibits an aroma rating of 8.6/10. Specially curated for calm, refreshed rituals, it offers potent cellular protection, heart wellness.",Crisp Hot Samosas with Mint & Tamarind Chutney; Kolkata Style Kathi Rolls; Crisp Onion & Paneer Pakoras,https://images.unsplash.com/photo-1546852199-2d8e8c4aa477?auto=format&fit=crop&w=800&q=80
TEA-IN-0722,Malty Breakfast Kadak CTC Lot #197,Assam (Golaghat),Assam,100% High-Grade Assam Whole Leaf & Golden Buds (Camellia Sinensis var. Assamica),Honey; Bold Body; Molasses; Caramel,4.2,4.8,2.7,2.6,7.4,60,1,4,99,2.5g per 200ml (or 1:1 milk-water for Chai),Digestive Power; Immune Strength,Energetic; Uplifted; Motivated; Focused,All Season,714.0,4.69,396,"An exquisite handcrafted assam harvest from the famed terroirs of Assam (Golaghat). Imbued with prominent sensory notes of Honey, Bold Body, Molasses, this blend exhibits an aroma rating of 7.4/10. Specially curated for energetic, uplifted rituals, it offers potent digestive power, immune strength.",Dhokla with Green Chilies; Crisp Hot Samosas with Mint & Tamarind Chutney; Crisp Onion & Paneer Pakoras,https://images.unsplash.com/photo-1544787219-7f47ccb76574?auto=format&fit=crop&w=800&q=80
TEA-IN-0723,Star Anise & Nutmeg Winter Chai Lot #546 '25,Delhi Old Quarter,Masala Chai,"Assam CTC Black Tea, Green Cardamom Pods, Crushed Dry Ginger, Ceylon Cinnamon, Cloves, Black Pepper, Star Anise, Saffron",Ginger (Adrak); Peppery; Cinnamon (Dalchini); Sweet Heat; Clove (Laung),5.5,5.8,1.6,8.3,9.9,56,27,5,100,2.5g per 200ml (or 1:1 milk-water for Chai),Immunity Shield; Anti-inflammatory; Cold & Cough Relief,Refreshed; Energetic; Uplifted; Cozy,Second Flush Summer,383.0,4.3,348,"An exquisite handcrafted masala chai harvest from the famed terroirs of Delhi Old Quarter. Imbued with prominent sensory notes of Ginger (Adrak), Peppery, Cinnamon (Dalchini), this blend exhibits an aroma rating of 9.9/10. Specially curated for refreshed, energetic rituals, it offers potent immunity shield, anti-inflammatory.",Shrewsbury Butter Biscuits; Gulab Jamun with Rosewater Syrup; Kolkata Style Kathi Rolls,https://images.unsplash.com/photo-1544787219-7f47ccb76574?auto=format&fit=crop&w=800&q=80
TEA-IN-0724,Traditional Samovar Cinnamon Kahwa,Kashmir (Srinagar Valley),Kashmir Kahwa,"Kashmiri Green Tea Leaves, Pampore Pure Saffron Strands, Green Cardamom, Cinnamon, Crushed Almond Slivers, Dried Rose Petals",Sweet Almond; Cinnamon; Nutty,2.0,6.7,9.0,5.4,9.7,25,1,5,81,2.5g per 200ml (or 1:1 milk-water for Chai),Stress Relief; Skin Glow & Radiance; Immunity Boost,Meditative; Cozy,Autumnal Harvest,1363.0,4.7,115,"An exquisite handcrafted kashmir kahwa harvest from the famed terroirs of Kashmir (Srinagar Valley). Imbued with prominent sensory notes of Sweet Almond, Cinnamon, Nutty, this blend exhibits an aroma rating of 9.7/10. Specially curated for meditative, cozy rituals, it offers potent stress relief, skin glow & radiance.",Gulab Jamun with Rosewater Syrup; Spicy Bhakarwadi & Mathri,https://images.unsplash.com/photo-1563822249548-9a72b6353cd1?auto=format&fit=crop&w=800&q=80
TEA-IN-0725,Nilgiri Golden Needle Rare Estate Lot #343 '26,Nilgiri (Kotagiri),Nilgiri,100% High-Elevation Nilgiri Camellia Sinensis,Bright Citrus; Crisp Fruit; Plum,1.4,7.8,8.6,1.8,8.1,39,1,3,94,2.5g per 200ml (or 1:1 milk-water for Chai),Weight Balance; Heart Health,Calm; Focused,Autumnal Harvest,1075.0,4.71,288,"An exquisite handcrafted nilgiri harvest from the famed terroirs of Nilgiri (Kotagiri). Imbued with prominent sensory notes of Bright Citrus, Crisp Fruit, Plum, this blend exhibits an aroma rating of 8.1/10. Specially curated for calm, focused rituals, it offers potent weight balance, heart health.",Traditional Osmania Butter Biscuits; Warm Cardamom Nankhatai; Irani Cafe Bun Maska & Chai,https://images.unsplash.com/photo-1597481499750-3e6b22637e12?auto=format&fit=crop&w=800&q=80
TEA-IN-0726,"Sacred Tulsi Trio (Rama, Krishna, Vana)",Uttarakhand Sacred Valleys,Ayurvedic Tisane,"Organic Tulsi (Holy Basil), Ashwagandha Root, Wild Himalayan Turmeric, Brahmi Leaves, Licorice (Mulethi), Fennel Seeds (Saunf), Lemongrass",Herbal; Sweet Earthy; Fennel Sweetness; Cooling; Woody,0.7,7.4,6.8,2.5,8.3,0,3,6,98,2.5g per 200ml (or 1:1 milk-water for Chai),Cortisol / Stress Reduction; Gut Health & Detox,Calm; Soothing; Cozy,All Season,771.0,4.4,85,"An exquisite handcrafted ayurvedic tisane harvest from the famed terroirs of Uttarakhand Sacred Valleys. Imbued with prominent sensory notes of Herbal, Sweet Earthy, Fennel Sweetness, this blend exhibits an aroma rating of 8.3/10. Specially curated for calm, soothing rituals, it offers potent cortisol / stress reduction, gut health & detox.",Spicy Bhakarwadi & Mathri; Irani Cafe Bun Maska & Chai,https://images.unsplash.com/photo-1544787219-7f47ccb76574?auto=format&fit=crop&w=800&q=80
TEA-IN-0727,Himalayan Cedar Scented Kangra Lot #309 '25,Himachal Pradesh (Dharamshala),Kangra Valley,100% Certified GI Tagged Kangra Valley Whole Leaf Tea,Roasted Corn; Sweet Vegetal; Pine Mist,3.2,6.8,8.4,1.9,7.8,30,3,2,82,2.5g per 200ml (or 1:1 milk-water for Chai),Digestive Ease; Peaceful Focus,Refreshed; Uplifted,Second Flush Summer,514.0,4.5,392,"An exquisite handcrafted kangra valley harvest from the famed terroirs of Himachal Pradesh (Dharamshala). Imbued with prominent sensory notes of Roasted Corn, Sweet Vegetal, Pine Mist, this blend exhibits an aroma rating of 7.8/10. Specially curated for refreshed, uplifted rituals, it offers potent digestive ease, peaceful focus.",Dhokla with Green Chilies; Shrewsbury Butter Biscuits,https://images.unsplash.com/photo-1576092768241-dec231879fc3?auto=format&fit=crop&w=800&q=80
TEA-IN-0728,High Altitude Cloud Pluck Temi Red Lot #236 '25,Sikkim (Ravangla Highlands),Sikkim Temi,100% Organic Single Estate Temi Leaves,Sweet Floral; Gentle Spice; Peach; Caramel,1.5,7.6,7.6,2.6,8.6,33,3,4,86,2.5g per 200ml (or 1:1 milk-water for Chai),Pure Organic Nutrition; Skin Vitality,Refreshed; Meditative; Serene; Focused,Second Flush Summer,1138.0,4.48,324,"An exquisite handcrafted sikkim temi harvest from the famed terroirs of Sikkim (Ravangla Highlands). Imbued with prominent sensory notes of Sweet Floral, Gentle Spice, Peach, this blend exhibits an aroma rating of 8.6/10. Specially curated for refreshed, meditative rituals, it offers potent pure organic nutrition, skin vitality.",Spicy Bhakarwadi & Mathri; Kolkata Style Kathi Rolls; Warm Cardamom Nankhatai,https://images.unsplash.com/photo-1576092768241-dec231879fc3?auto=format&fit=crop&w=800&q=80
TEA-IN-0729,Margaret's Hope Golden Tips,Darjeeling (Okayti),Darjeeling,100% Hand-Picked Camellia Sinensis Single Estate Darjeeling Leaves,Honey; Honeysuckle; Citrus Zest,2.0,7.3,9.3,1.5,9.5,50,5,4,89,2.5g per 200ml (or 1:1 milk-water for Chai),Mental Clarity; High Antioxidants; Gentle Vitality; Heart Wellness,Calm; Refreshed; Meditative,Autumnal Harvest,1099.0,4.39,401,"An exquisite handcrafted darjeeling harvest from the famed terroirs of Darjeeling (Okayti). Imbued with prominent sensory notes of Honey, Honeysuckle, Citrus Zest, this blend exhibits an aroma rating of 9.5/10. Specially curated for calm, refreshed rituals, it offers potent mental clarity, high antioxidants.",Spicy Bhakarwadi & Mathri; Irani Cafe Bun Maska & Chai,https://images.unsplash.com/photo-1576092768241-dec231879fc3?auto=format&fit=crop&w=800&q=80
TEA-IN-0730,Smoked Wild Bamboo Assam,Assam (Golaghat),Assam,100% High-Grade Assam Whole Leaf & Golden Buds (Camellia Sinensis var. Assamica),Dark Cocoa; Malty; Woody; Caramel,6.5,5.1,3.8,3.1,8.6,73,0,5,99,2.5g per 200ml (or 1:1 milk-water for Chai),High Sustained Energy; Metabolic Fire,Energetic; Motivated; Cozy; Uplifted,Winter Warmth,933.0,4.51,274,"An exquisite handcrafted assam harvest from the famed terroirs of Assam (Golaghat). Imbued with prominent sensory notes of Dark Cocoa, Malty, Woody, this blend exhibits an aroma rating of 8.6/10. Specially curated for energetic, motivated rituals, it offers potent high sustained energy, metabolic fire.",Dhokla with Green Chilies; Traditional Osmania Butter Biscuits,https://images.unsplash.com/photo-1571934811356-5cc061b6821f?auto=format&fit=crop&w=800&q=80
TEA-IN-0731,Fiery Adrak & Kali Mirch Kadak Chai '26,Mumbai Heritage,Masala Chai,"Assam CTC Black Tea, Green Cardamom Pods, Crushed Dry Ginger, Ceylon Cinnamon, Cloves, Black Pepper, Star Anise, Saffron",Ginger (Adrak); Peppery; Sweet Heat; Clove (Laung); Spicy,4.5,6.2,3.5,9.4,9.5,67,23,4,98,2.5g per 200ml (or 1:1 milk-water for Chai),Immunity Shield; Instant Warming,Energetic; Comforting; Cozy,Autumnal Harvest,417.0,4.81,314,"An exquisite handcrafted masala chai harvest from the famed terroirs of Mumbai Heritage. Imbued with prominent sensory notes of Ginger (Adrak), Peppery, Sweet Heat, this blend exhibits an aroma rating of 9.5/10. Specially curated for energetic, comforting rituals, it offers potent immunity shield, instant warming.",Dhokla with Green Chilies; Poha with Roasted Peanuts; Crisp Onion & Paneer Pakoras,https://images.unsplash.com/photo-1571934811356-5cc061b6821f?auto=format&fit=crop&w=800&q=80
TEA-IN-0732,Pink Salted Noon Chai (Sheer Chai) Lot #433,Kashmir (Srinagar Valley),Kashmir Kahwa,"Kashmiri Green Tea Leaves, Pampore Pure Saffron Strands, Green Cardamom, Cinnamon, Crushed Almond Slivers, Dried Rose Petals",Cardamom; Sweet Almond; Delicate Green; Saffron (Kesar),2.4,7.9,8.0,7.4,9.2,25,1,3,84,2.5g per 200ml (or 1:1 milk-water for Chai),Calming Warmth; Skin Glow & Radiance,Refreshed; Relaxed; Cozy; Calm,Autumnal Harvest,951.0,4.91,395,"An exquisite handcrafted kashmir kahwa harvest from the famed terroirs of Kashmir (Srinagar Valley). Imbued with prominent sensory notes of Cardamom, Sweet Almond, Delicate Green, this blend exhibits an aroma rating of 9.2/10. Specially curated for refreshed, relaxed rituals, it offers potent calming warmth, skin glow & radiance.",Crisp Hot Samosas with Mint & Tamarind Chutney; Kolkata Style Kathi Rolls; Irani Cafe Bun Maska & Chai,https://images.unsplash.com/photo-1563822249548-9a72b6353cd1?auto=format&fit=crop&w=800&q=80
TEA-IN-0733,Coonoor Highland Fragrant Amber '26,Nilgiri (Ooty Highlands),Nilgiri,100% High-Elevation Nilgiri Camellia Sinensis,Bright Citrus; Crisp Fruit; Light Malt; Plum,3.4,6.8,8.3,1.2,8.7,36,1,4,92,2.5g per 200ml (or 1:1 milk-water for Chai),Weight Balance; Heart Health; Gentle Alertness,Refreshed; Creative; Uplifted; Focused,Second Flush Summer,630.0,4.37,109,"An exquisite handcrafted nilgiri harvest from the famed terroirs of Nilgiri (Ooty Highlands). Imbued with prominent sensory notes of Bright Citrus, Crisp Fruit, Light Malt, this blend exhibits an aroma rating of 8.7/10. Specially curated for refreshed, creative rituals, it offers potent weight balance, heart health.",Poha with Roasted Peanuts; Spicy Bhakarwadi & Mathri; Kolkata Style Kathi Rolls,https://images.unsplash.com/photo-1546852199-2d8e8c4aa477?auto=format&fit=crop&w=800&q=80
TEA-IN-0734,Moringa & Lemongrass Detox Flush,Madhya Pradesh Herbal Forests,Ayurvedic Tisane,"Organic Tulsi (Holy Basil), Ashwagandha Root, Wild Himalayan Turmeric, Brahmi Leaves, Licorice (Mulethi), Fennel Seeds (Saunf), Lemongrass",Warm Ginger; Tulsi Mint; Fennel Sweetness,2.0,7.7,4.0,5.2,9.2,0,3,7,98,2.5g per 200ml (or 1:1 milk-water for Chai),Cortisol / Stress Reduction; Joint & Anti-inflammatory; Deep Restful Sleep,Calm; Meditative,Second Flush Summer,826.0,4.48,128,"An exquisite handcrafted ayurvedic tisane harvest from the famed terroirs of Madhya Pradesh Herbal Forests. Imbued with prominent sensory notes of Warm Ginger, Tulsi Mint, Fennel Sweetness, this blend exhibits an aroma rating of 9.2/10. Specially curated for calm, meditative rituals, it offers potent cortisol / stress reduction, joint & anti-inflammatory.",Dhokla with Green Chilies; Crisp Hot Samosas with Mint & Tamarind Chutney,https://images.unsplash.com/photo-1544787219-7f47ccb76574?auto=format&fit=crop&w=800&q=80
TEA-IN-0735,Kangra Imperial Green Dragon '26,Himachal Pradesh (Kangra Valley),Kangra Valley,100% Certified GI Tagged Kangra Valley Whole Leaf Tea,Mellow Green; Roasted Corn; Pine Mist; Nutty,1.1,7.0,6.9,0.5,8.2,42,5,2,78,2.5g per 200ml (or 1:1 milk-water for Chai),High Polyphenols; Metabolic Balance; Peaceful Focus,Calm; Uplifted; Focused,Second Flush Summer,492.0,4.55,332,"An exquisite handcrafted kangra valley harvest from the famed terroirs of Himachal Pradesh (Kangra Valley). Imbued with prominent sensory notes of Mellow Green, Roasted Corn, Pine Mist, this blend exhibits an aroma rating of 8.2/10. Specially curated for calm, uplifted rituals, it offers potent high polyphenols, metabolic balance.",Shrewsbury Butter Biscuits; Crisp Onion & Paneer Pakoras; Irani Cafe Bun Maska & Chai,https://images.unsplash.com/photo-1563822249548-9a72b6353cd1?auto=format&fit=crop&w=800&q=80
TEA-IN-0736,Sikkim Green Dragon Spring Leaf '25,"Sikkim (Temi Tea Estate, South Sikkim)",Sikkim Temi,100% Organic Single Estate Temi Leaves,Honeyed Wood; Sweet Floral; Peach; Caramel; Muscatel,1.9,7.9,7.4,2.4,8.4,40,0,4,88,2.5g per 200ml (or 1:1 milk-water for Chai),Pure Organic Nutrition; Cardiovascular Support; Skin Vitality,Refreshed; Focused,First Flush Spring,1613.0,4.54,291,"An exquisite handcrafted sikkim temi harvest from the famed terroirs of Sikkim (Temi Tea Estate, South Sikkim). Imbued with prominent sensory notes of Honeyed Wood, Sweet Floral, Peach, this blend exhibits an aroma rating of 8.4/10. Specially curated for refreshed, focused rituals, it offers potent pure organic nutrition, cardiovascular support.",Poha with Roasted Peanuts; Crisp Hot Samosas with Mint & Tamarind Chutney; Irani Cafe Bun Maska & Chai,https://images.unsplash.com/photo-1546852199-2d8e8c4aa477?auto=format&fit=crop&w=800&q=80
TEA-IN-0737,Vintage Muscatel Wonder '24,Darjeeling (Okayti),Darjeeling,100% Hand-Picked Camellia Sinensis Single Estate Darjeeling Leaves,Honey; Citrus Zest; Apricot; Pine Wood; Green Apple,2.7,8.4,7.5,0.8,9.1,41,3,4,84,2.5g per 200ml (or 1:1 milk-water for Chai),Mental Clarity; High Antioxidants,Refreshed; Calm; Meditative; Uplifted,Winter Warmth,1946.0,4.39,330,"An exquisite handcrafted darjeeling harvest from the famed terroirs of Darjeeling (Okayti). Imbued with prominent sensory notes of Honey, Citrus Zest, Apricot, this blend exhibits an aroma rating of 9.1/10. Specially curated for refreshed, calm rituals, it offers potent mental clarity, high antioxidants.",Shrewsbury Butter Biscuits; Crisp Hot Samosas with Mint & Tamarind Chutney,https://images.unsplash.com/photo-1594631252845-29fc4cc8cde9?auto=format&fit=crop&w=800&q=80
TEA-IN-0738,Assam Tippy Golden Flowery Orange Pekoe Lot #926 '24,Assam (Golaghat),Assam,100% High-Grade Assam Whole Leaf & Golden Buds (Camellia Sinensis var. Assamica),Caramel; Toasted Grain; Woody; Dark Cocoa; Molasses,6.0,3.6,2.9,2.2,9.4,65,5,5,100,2.5g per 200ml (or 1:1 milk-water for Chai),Digestive Power; Cardiovascular Support; Metabolic Fire,Energetic; Focused; Motivated; Cozy,First Flush Spring,1059.0,4.45,348,"An exquisite handcrafted assam harvest from the famed terroirs of Assam (Golaghat). Imbued with prominent sensory notes of Caramel, Toasted Grain, Woody, this blend exhibits an aroma rating of 9.4/10. Specially curated for energetic, focused rituals, it offers potent digestive power, cardiovascular support.",Kashmiri Girda Flatbread with Butter; Spicy Bhakarwadi & Mathri,https://images.unsplash.com/photo-1514733670139-4d87a1941d55?auto=format&fit=crop&w=800&q=80
TEA-IN-0739,Royal Elaichi & Kesar Rich Chai '24,Kolkata Street Estate,Masala Chai,"Assam CTC Black Tea, Green Cardamom Pods, Crushed Dry Ginger, Ceylon Cinnamon, Cloves, Black Pepper, Star Anise, Saffron",Cinnamon (Dalchini); Cardamom (Elaichi); Spicy; Peppery,4.4,6.3,1.9,7.9,9.4,50,36,6,97,2.5g per 200ml (or 1:1 milk-water for Chai),Anti-inflammatory; Instant Warming,Uplifted; Cozy,Monsoon Special,788.0,4.9,136,"An exquisite handcrafted masala chai harvest from the famed terroirs of Kolkata Street Estate. Imbued with prominent sensory notes of Cinnamon (Dalchini), Cardamom (Elaichi), Spicy, this blend exhibits an aroma rating of 9.4/10. Specially curated for uplifted, cozy rituals, it offers potent anti-inflammatory, instant warming.",Dhokla with Green Chilies; Shrewsbury Butter Biscuits; Kashmiri Girda Flatbread with Butter,https://images.unsplash.com/photo-1571934811356-5cc061b6821f?auto=format&fit=crop&w=800&q=80
TEA-IN-0740,Royal Kashmiri Saffron Almond Kahwa Lot #916 '25,Kashmir (Srinagar Valley),Kashmir Kahwa,"Kashmiri Green Tea Leaves, Pampore Pure Saffron Strands, Green Cardamom, Cinnamon, Crushed Almond Slivers, Dried Rose Petals",Cinnamon; Saffron (Kesar); Floral Honey; Nutty,1.6,6.8,8.8,6.6,9.6,15,4,4,83,2.5g per 200ml (or 1:1 milk-water for Chai),Calming Warmth; Stress Relief; Digestive Fire; Immunity Boost,Relaxed; Meditative; Cozy,Autumnal Harvest,1219.0,4.54,53,"An exquisite handcrafted kashmir kahwa harvest from the famed terroirs of Kashmir (Srinagar Valley). Imbued with prominent sensory notes of Cinnamon, Saffron (Kesar), Floral Honey, this blend exhibits an aroma rating of 9.6/10. Specially curated for relaxed, meditative rituals, it offers potent calming warmth, stress relief.",Gulab Jamun with Rosewater Syrup; Traditional Osmania Butter Biscuits,https://images.unsplash.com/photo-1563822249548-9a72b6353cd1?auto=format&fit=crop&w=800&q=80
TEA-IN-0741,Tiger Hill Single Cultivar Nilgiri Lot #410,Nilgiri (Blue Mountains),Nilgiri,100% High-Elevation Nilgiri Camellia Sinensis,Bright Citrus; Floral; Light Malt,3.5,7.9,7.9,0.8,9.2,39,2,4,91,2.5g per 200ml (or 1:1 milk-water for Chai),Heart Health; Gentle Alertness,Creative; Focused,Monsoon Special,1379.0,4.83,328,"An exquisite handcrafted nilgiri harvest from the famed terroirs of Nilgiri (Blue Mountains). Imbued with prominent sensory notes of Bright Citrus, Floral, Light Malt, this blend exhibits an aroma rating of 9.2/10. Specially curated for creative, focused rituals, it offers potent heart health, gentle alertness.",Poha with Roasted Peanuts; Kolkata Style Kathi Rolls; Irani Cafe Bun Maska & Chai,https://images.unsplash.com/photo-1597481499750-3e6b22637e12?auto=format&fit=crop&w=800&q=80
TEA-IN-0742,Triphala & Fennel Digestive Nectar Lot #927,Kerala (Western Ghats),Ayurvedic Tisane,"Organic Tulsi (Holy Basil), Ashwagandha Root, Wild Himalayan Turmeric, Brahmi Leaves, Licorice (Mulethi), Fennel Seeds (Saunf), Lemongrass",Warm Ginger; Cooling; Herbal,0.9,6.3,7.2,4.1,8.3,0,0,7,96,2.5g per 200ml (or 1:1 milk-water for Chai),Cortisol / Stress Reduction; Gut Health & Detox; Joint & Anti-inflammatory,Calm; Meditative,Winter Warmth,660.0,4.56,330,"An exquisite handcrafted ayurvedic tisane harvest from the famed terroirs of Kerala (Western Ghats). Imbued with prominent sensory notes of Warm Ginger, Cooling, Herbal, this blend exhibits an aroma rating of 8.3/10. Specially curated for calm, meditative rituals, it offers potent cortisol / stress reduction, gut health & detox.",Gulab Jamun with Rosewater Syrup; Irani Cafe Bun Maska & Chai,https://images.unsplash.com/photo-1597481499750-3e6b22637e12?auto=format&fit=crop&w=800&q=80
TEA-IN-0743,Palampur Orthodox Spring Gold Lot #624 '25,Himachal Pradesh (Dharamshala),Kangra Valley,100% Certified GI Tagged Kangra Valley Whole Leaf Tea,Floral; Roasted Corn; Sweet Vegetal; Nutty; Mellow Green,2.7,7.0,6.6,0.6,8.4,25,3,3,82,2.5g per 200ml (or 1:1 milk-water for Chai),Digestive Ease; High Polyphenols; Peaceful Focus,Calm; Meditative; Focused,Second Flush Summer,689.0,4.33,413,"An exquisite handcrafted kangra valley harvest from the famed terroirs of Himachal Pradesh (Dharamshala). Imbued with prominent sensory notes of Floral, Roasted Corn, Sweet Vegetal, this blend exhibits an aroma rating of 8.4/10. Specially curated for calm, meditative rituals, it offers potent digestive ease, high polyphenols.",Crisp Onion & Paneer Pakoras; Kolkata Style Kathi Rolls,https://images.unsplash.com/photo-1563822249548-9a72b6353cd1?auto=format&fit=crop&w=800&q=80
TEA-IN-0744,High Altitude Cloud Pluck Temi Red '26,"Sikkim (Temi Tea Estate, South Sikkim)",Sikkim Temi,100% Organic Single Estate Temi Leaves,Muscatel; Gentle Spice; Sweet Floral; Caramel,2.5,7.5,8.7,1.4,8.4,46,2,3,87,2.5g per 200ml (or 1:1 milk-water for Chai),Pure Organic Nutrition; L-Theanine Serenity,Calm; Refreshed; Meditative,All Season,1402.0,4.88,121,"An exquisite handcrafted sikkim temi harvest from the famed terroirs of Sikkim (Temi Tea Estate, South Sikkim). Imbued with prominent sensory notes of Muscatel, Gentle Spice, Sweet Floral, this blend exhibits an aroma rating of 8.4/10. Specially curated for calm, refreshed rituals, it offers potent pure organic nutrition, l-theanine serenity.",Traditional Osmania Butter Biscuits; Irani Cafe Bun Maska & Chai,https://images.unsplash.com/photo-1576092768241-dec231879fc3?auto=format&fit=crop&w=800&q=80
TEA-IN-0745,High Elevation Queen of Teas '25,Darjeeling (Jungpana),Darjeeling,100% Hand-Picked Camellia Sinensis Single Estate Darjeeling Leaves,Citrus Zest; Floral; Green Apple,3.5,8.1,8.8,1.6,9.2,40,3,4,88,2.5g per 200ml (or 1:1 milk-water for Chai),Mental Clarity; Cellular Protection; Heart Wellness,Refreshed; Uplifted; Meditative; Focused,All Season,2134.0,4.95,436,"An exquisite handcrafted darjeeling harvest from the famed terroirs of Darjeeling (Jungpana). Imbued with prominent sensory notes of Citrus Zest, Floral, Green Apple, this blend exhibits an aroma rating of 9.2/10. Specially curated for refreshed, uplifted rituals, it offers potent mental clarity, cellular protection.",Crisp Hot Samosas with Mint & Tamarind Chutney; Spicy Bhakarwadi & Mathri; Traditional Osmania Butter Biscuits,https://images.unsplash.com/photo-1576092768241-dec231879fc3?auto=format&fit=crop&w=800&q=80
TEA-IN-0746,Malty Breakfast Kadak CTC,Assam (Golaghat),Assam,100% High-Grade Assam Whole Leaf & Golden Buds (Camellia Sinensis var. Assamica),Honey; Caramel; Woody; Dark Cocoa; Molasses,5.1,3.8,2.5,3.5,9.2,62,3,5,98,2.5g per 200ml (or 1:1 milk-water for Chai),Digestive Power; High Sustained Energy,Energetic; Focused; Motivated; Uplifted,All Season,446.0,4.86,136,"An exquisite handcrafted assam harvest from the famed terroirs of Assam (Golaghat). Imbued with prominent sensory notes of Honey, Caramel, Woody, this blend exhibits an aroma rating of 9.2/10. Specially curated for energetic, focused rituals, it offers potent digestive power, high sustained energy.",Shrewsbury Butter Biscuits; Crisp Onion & Paneer Pakoras; Warm Cardamom Nankhatai,https://images.unsplash.com/photo-1544787219-7f47ccb76574?auto=format&fit=crop&w=800&q=80
TEA-IN-0747,Rose Petal & Green Cardamom Sweet Chai '25,Assam & Kerala Spice Hills,Masala Chai,"Assam CTC Black Tea, Green Cardamom Pods, Crushed Dry Ginger, Ceylon Cinnamon, Cloves, Black Pepper, Star Anise, Saffron",Clove (Laung); Creamy; Peppery; Cinnamon (Dalchini),3.2,5.6,3.2,8.8,9.6,63,16,5,96,2.5g per 200ml (or 1:1 milk-water for Chai),Cold & Cough Relief; Digestive Comfort; Immunity Shield; Instant Warming,Refreshed; Energetic; Uplifted,Second Flush Summer,656.0,4.93,332,"An exquisite handcrafted masala chai harvest from the famed terroirs of Assam & Kerala Spice Hills. Imbued with prominent sensory notes of Clove (Laung), Creamy, Peppery, this blend exhibits an aroma rating of 9.6/10. Specially curated for refreshed, energetic rituals, it offers potent cold & cough relief, digestive comfort.",Poha with Roasted Peanuts; Gulab Jamun with Rosewater Syrup; Kolkata Style Kathi Rolls,https://images.unsplash.com/photo-1544787219-7f47ccb76574?auto=format&fit=crop&w=800&q=80
TEA-IN-0748,Pink Salted Noon Chai (Sheer Chai) Lot #445,Kashmir (Srinagar Valley),Kashmir Kahwa,"Kashmiri Green Tea Leaves, Pampore Pure Saffron Strands, Green Cardamom, Cinnamon, Crushed Almond Slivers, Dried Rose Petals",Delicate Green; Cinnamon; Sweet Almond; Nutty,1.3,6.5,7.8,5.3,9.6,16,2,3,81,2.5g per 200ml (or 1:1 milk-water for Chai),Calming Warmth; Digestive Fire; Skin Glow & Radiance; Immunity Boost,Refreshed; Relaxed; Cozy; Calm,Winter Warmth,1066.0,4.75,143,"An exquisite handcrafted kashmir kahwa harvest from the famed terroirs of Kashmir (Srinagar Valley). Imbued with prominent sensory notes of Delicate Green, Cinnamon, Sweet Almond, this blend exhibits an aroma rating of 9.6/10. Specially curated for refreshed, relaxed rituals, it offers potent calming warmth, digestive fire.",Dhokla with Green Chilies; Irani Cafe Bun Maska & Chai,https://images.unsplash.com/photo-1576092768241-dec231879fc3?auto=format&fit=crop&w=800&q=80
TEA-IN-0749,Nilgiri Frost Tea Winter Pluck Lot #974 '26,Nilgiri (Coonoor),Nilgiri,100% High-Elevation Nilgiri Camellia Sinensis,Honey; Bright Citrus; Light Malt; Sweet Melon,1.1,7.8,7.8,1.9,8.3,46,1,4,91,2.5g per 200ml (or 1:1 milk-water for Chai),Heart Health; Antioxidant Rich; Gentle Alertness,Calm; Focused,Monsoon Special,497.0,4.88,85,"An exquisite handcrafted nilgiri harvest from the famed terroirs of Nilgiri (Coonoor). Imbued with prominent sensory notes of Honey, Bright Citrus, Light Malt, this blend exhibits an aroma rating of 8.3/10. Specially curated for calm, focused rituals, it offers potent heart health, antioxidant rich.",Traditional Osmania Butter Biscuits; Warm Cardamom Nankhatai; Irani Cafe Bun Maska & Chai,https://images.unsplash.com/photo-1597481499750-3e6b22637e12?auto=format&fit=crop&w=800&q=80
TEA-IN-0750,Brahmi & Shankhpushpi Memory Tonic Lot #658,Madhya Pradesh Herbal Forests,Ayurvedic Tisane,"Organic Tulsi (Holy Basil), Ashwagandha Root, Wild Himalayan Turmeric, Brahmi Leaves, Licorice (Mulethi), Fennel Seeds (Saunf), Lemongrass",Warm Ginger; Sweet Earthy; Fennel Sweetness,2.7,4.8,5.8,3.7,7.9,0,2,7,100,2.5g per 200ml (or 1:1 milk-water for Chai),Cortisol / Stress Reduction; Joint & Anti-inflammatory; Immunity Fortification; Deep Restful Sleep,Calm; Relaxed; Meditative,First Flush Spring,459.0,4.88,52,"An exquisite handcrafted ayurvedic tisane harvest from the famed terroirs of Madhya Pradesh Herbal Forests. Imbued with prominent sensory notes of Warm Ginger, Sweet Earthy, Fennel Sweetness, this blend exhibits an aroma rating of 7.9/10. Specially curated for calm, relaxed rituals, it offers potent cortisol / stress reduction, joint & anti-inflammatory.",Dhokla with Green Chilies; Crisp Hot Samosas with Mint & Tamarind Chutney; Irani Cafe Bun Maska & Chai,https://images.unsplash.com/photo-1544787219-7f47ccb76574?auto=format&fit=crop&w=800&q=80
TEA-IN-0751,Dharamshala Mountain Dew Green Lot #545 '24,Himachal Pradesh (Dharamshala),Kangra Valley,100% Certified GI Tagged Kangra Valley Whole Leaf Tea,Floral; Roasted Corn; Sweet Vegetal; Pine Mist; Mellow Green,3.2,6.4,5.2,1.3,7.5,40,3,2,76,2.5g per 200ml (or 1:1 milk-water for Chai),Digestive Ease; Metabolic Balance; Antioxidant Shield,Calm; Uplifted,Winter Warmth,437.0,4.45,425,"An exquisite handcrafted kangra valley harvest from the famed terroirs of Himachal Pradesh (Dharamshala). Imbued with prominent sensory notes of Floral, Roasted Corn, Sweet Vegetal, this blend exhibits an aroma rating of 7.5/10. Specially curated for calm, uplifted rituals, it offers potent digestive ease, metabolic balance.",Kashmiri Girda Flatbread with Butter; Kolkata Style Kathi Rolls; Warm Cardamom Nankhatai,https://images.unsplash.com/photo-1563822249548-9a72b6353cd1?auto=format&fit=crop&w=800&q=80
TEA-IN-0752,Temi Estate 100% Organic First Flush Lot #443,"Sikkim (Temi Tea Estate, South Sikkim)",Sikkim Temi,100% Organic Single Estate Temi Leaves,Muscatel; Gentle Spice; Peach; Honeyed Wood,3.0,8.4,8.6,2.6,8.4,35,5,4,89,2.5g per 200ml (or 1:1 milk-water for Chai),Pure Organic Nutrition; L-Theanine Serenity; Cardiovascular Support; Skin Vitality,Calm; Focused; Serene,All Season,1337.0,4.36,371,"An exquisite handcrafted sikkim temi harvest from the famed terroirs of Sikkim (Temi Tea Estate, South Sikkim). Imbued with prominent sensory notes of Muscatel, Gentle Spice, Peach, this blend exhibits an aroma rating of 8.4/10. Specially curated for calm, focused rituals, it offers potent pure organic nutrition, l-theanine serenity.",Spicy Bhakarwadi & Mathri; Crisp Onion & Paneer Pakoras; Warm Cardamom Nankhatai,https://images.unsplash.com/photo-1576092768241-dec231879fc3?auto=format&fit=crop&w=800&q=80
TEA-IN-0753,Moonlight Imperial Pluck Lot #253,Darjeeling (Okayti),Darjeeling,100% Hand-Picked Camellia Sinensis Single Estate Darjeeling Leaves,Honey; Honeysuckle; Pine Wood; Green Apple; Muscatel,1.8,7.8,8.8,1.3,8.9,50,1,3,82,2.5g per 200ml (or 1:1 milk-water for Chai),Cellular Protection; Gentle Vitality; Heart Wellness,Calm; Refreshed; Meditative; Uplifted,Second Flush Summer,1479.0,4.34,390,"An exquisite handcrafted darjeeling harvest from the famed terroirs of Darjeeling (Okayti). Imbued with prominent sensory notes of Honey, Honeysuckle, Pine Wood, this blend exhibits an aroma rating of 8.9/10. Specially curated for calm, refreshed rituals, it offers potent cellular protection, gentle vitality.",Shrewsbury Butter Biscuits; Kashmiri Girda Flatbread with Butter,https://images.unsplash.com/photo-1546852199-2d8e8c4aa477?auto=format&fit=crop&w=800&q=80
TEA-IN-0754,Assam Tippy Golden Flowery Orange Pekoe Lot #188,Assam (Golaghat),Assam,100% High-Grade Assam Whole Leaf & Golden Buds (Camellia Sinensis var. Assamica),Dark Cocoa; Honey; Molasses; Malty,6.0,4.1,3.8,2.3,8.1,68,1,4,95,2.5g per 200ml (or 1:1 milk-water for Chai),Digestive Power; Cardiovascular Support,Uplifted; Motivated; Cozy; Focused,Monsoon Special,665.0,4.67,448,"An exquisite handcrafted assam harvest from the famed terroirs of Assam (Golaghat). Imbued with prominent sensory notes of Dark Cocoa, Honey, Molasses, this blend exhibits an aroma rating of 8.1/10. Specially curated for uplifted, motivated rituals, it offers potent digestive power, cardiovascular support.",Gulab Jamun with Rosewater Syrup; Crisp Onion & Paneer Pakoras,https://images.unsplash.com/photo-1544787219-7f47ccb76574?auto=format&fit=crop&w=800&q=80
TEA-IN-0755,Fiery Adrak & Kali Mirch Kadak Chai Lot #773,Rajasthan Royal Palace,Masala Chai,"Assam CTC Black Tea, Green Cardamom Pods, Crushed Dry Ginger, Ceylon Cinnamon, Cloves, Black Pepper, Star Anise, Saffron",Cinnamon (Dalchini); Cardamom (Elaichi); Spicy,5.8,7.2,2.1,8.2,9.7,45,40,4,95,2.5g per 200ml (or 1:1 milk-water for Chai),Digestive Comfort; Cold & Cough Relief; Anti-inflammatory; Instant Warming,Refreshed; Energetic; Uplifted; Cozy,Second Flush Summer,683.0,4.32,229,"An exquisite handcrafted masala chai harvest from the famed terroirs of Rajasthan Royal Palace. Imbued with prominent sensory notes of Cinnamon (Dalchini), Cardamom (Elaichi), Spicy, this blend exhibits an aroma rating of 9.7/10. Specially curated for refreshed, energetic rituals, it offers potent digestive comfort, cold & cough relief.",Poha with Roasted Peanuts; Kashmiri Girda Flatbread with Butter; Kolkata Style Kathi Rolls,https://images.unsplash.com/photo-1571934811356-5cc061b6821f?auto=format&fit=crop&w=800&q=80
TEA-IN-0756,Royal Kashmiri Saffron Almond Kahwa,Kashmir (Srinagar Valley),Kashmir Kahwa,"Kashmiri Green Tea Leaves, Pampore Pure Saffron Strands, Green Cardamom, Cinnamon, Crushed Almond Slivers, Dried Rose Petals",Cardamom; Delicate Green; Floral Honey,2.5,7.7,6.1,7.9,9.4,28,1,5,84,2.5g per 200ml (or 1:1 milk-water for Chai),Calming Warmth; Stress Relief; Skin Glow & Radiance,Calm; Cozy,Monsoon Special,1020.0,4.4,34,"An exquisite handcrafted kashmir kahwa harvest from the famed terroirs of Kashmir (Srinagar Valley). Imbued with prominent sensory notes of Cardamom, Delicate Green, Floral Honey, this blend exhibits an aroma rating of 9.4/10. Specially curated for calm, cozy rituals, it offers potent calming warmth, stress relief.",Poha with Roasted Peanuts; Irani Cafe Bun Maska & Chai,https://images.unsplash.com/photo-1576092768241-dec231879fc3?auto=format&fit=crop&w=800&q=80
TEA-IN-0757,Nilgiri Frost Tea Winter Pluck,Nilgiri (Blue Mountains),Nilgiri,100% High-Elevation Nilgiri Camellia Sinensis,Light Malt; Floral; Sweet Melon,2.3,6.5,7.7,0.9,9.0,42,4,4,86,2.5g per 200ml (or 1:1 milk-water for Chai),Heart Health; Daily Refreshment; Gentle Alertness,Calm; Refreshed; Focused,Second Flush Summer,1200.0,4.5,246,"An exquisite handcrafted nilgiri harvest from the famed terroirs of Nilgiri (Blue Mountains). Imbued with prominent sensory notes of Light Malt, Floral, Sweet Melon, this blend exhibits an aroma rating of 9.0/10. Specially curated for calm, refreshed rituals, it offers potent heart health, daily refreshment.",Shrewsbury Butter Biscuits; Spicy Bhakarwadi & Mathri; Irani Cafe Bun Maska & Chai,https://images.unsplash.com/photo-1546852199-2d8e8c4aa477?auto=format&fit=crop&w=800&q=80
TEA-IN-0758,"Sacred Tulsi Trio (Rama, Krishna, Vana)",Himalayan Foothills,Ayurvedic Tisane,"Organic Tulsi (Holy Basil), Ashwagandha Root, Wild Himalayan Turmeric, Brahmi Leaves, Licorice (Mulethi), Fennel Seeds (Saunf), Lemongrass",Sweet Earthy; Cooling; Woody; Botanical; Tulsi Mint,1.6,5.1,7.0,4.9,8.7,0,3,6,100,2.5g per 200ml (or 1:1 milk-water for Chai),Gut Health & Detox; Joint & Anti-inflammatory,Soothing; Meditative,Autumnal Harvest,938.0,4.57,436,"An exquisite handcrafted ayurvedic tisane harvest from the famed terroirs of Himalayan Foothills. Imbued with prominent sensory notes of Sweet Earthy, Cooling, Woody, this blend exhibits an aroma rating of 8.7/10. Specially curated for soothing, meditative rituals, it offers potent gut health & detox, joint & anti-inflammatory.",Crisp Onion & Paneer Pakoras; Irani Cafe Bun Maska & Chai,https://images.unsplash.com/photo-1544787219-7f47ccb76574?auto=format&fit=crop&w=800&q=80
TEA-IN-0759,Snow Mist Kangra First Flush '25,Himachal Pradesh (Kangra Valley),Kangra Valley,100% Certified GI Tagged Kangra Valley Whole Leaf Tea,Floral; Sweet Vegetal; Pine Mist; Nutty,3.4,6.4,5.9,1.5,7.1,43,3,3,76,2.5g per 200ml (or 1:1 milk-water for Chai),High Polyphenols; Metabolic Balance; Antioxidant Shield,Calm; Refreshed; Meditative,Second Flush Summer,576.0,4.69,372,"An exquisite handcrafted kangra valley harvest from the famed terroirs of Himachal Pradesh (Kangra Valley). Imbued with prominent sensory notes of Floral, Sweet Vegetal, Pine Mist, this blend exhibits an aroma rating of 7.1/10. Specially curated for calm, refreshed rituals, it offers potent high polyphenols, metabolic balance.",Kashmiri Girda Flatbread with Butter; Crisp Onion & Paneer Pakoras; Traditional Osmania Butter Biscuits,https://images.unsplash.com/photo-1563822249548-9a72b6353cd1?auto=format&fit=crop&w=800&q=80
TEA-IN-0760,Kanchenjunga Mist Golden Tips Lot #258,Sikkim (Ravangla Highlands),Sikkim Temi,100% Organic Single Estate Temi Leaves,Gentle Spice; Peach; Caramel,3.3,7.8,9.0,2.0,8.9,35,2,4,85,2.5g per 200ml (or 1:1 milk-water for Chai),Cardiovascular Support; Skin Vitality,Refreshed; Focused; Serene,All Season,1143.0,4.58,71,"An exquisite handcrafted sikkim temi harvest from the famed terroirs of Sikkim (Ravangla Highlands). Imbued with prominent sensory notes of Gentle Spice, Peach, Caramel, this blend exhibits an aroma rating of 8.9/10. Specially curated for refreshed, focused rituals, it offers potent cardiovascular support, skin vitality.",Shrewsbury Butter Biscuits; Spicy Bhakarwadi & Mathri; Traditional Osmania Butter Biscuits,https://images.unsplash.com/photo-1576092768241-dec231879fc3?auto=format&fit=crop&w=800&q=80
TEA-IN-0761,High Elevation Queen of Teas,Darjeeling (Castle Castleton),Darjeeling,100% Hand-Picked Camellia Sinensis Single Estate Darjeeling Leaves,Floral; Honey; Honeysuckle; Apricot; Muscatel,3.1,7.5,9.3,1.6,9.6,31,0,4,83,2.5g per 200ml (or 1:1 milk-water for Chai),Mental Clarity; High Antioxidants; Cellular Protection; Gentle Vitality,Meditative; Focused,Autumnal Harvest,1829.0,4.83,415,"An exquisite handcrafted darjeeling harvest from the famed terroirs of Darjeeling (Castle Castleton). Imbued with prominent sensory notes of Floral, Honey, Honeysuckle, this blend exhibits an aroma rating of 9.6/10. Specially curated for meditative, focused rituals, it offers potent mental clarity, high antioxidants.",Spicy Bhakarwadi & Mathri; Crisp Hot Samosas with Mint & Tamarind Chutney; Irani Cafe Bun Maska & Chai,https://images.unsplash.com/photo-1576092768241-dec231879fc3?auto=format&fit=crop&w=800&q=80
TEA-IN-0762,Malty Breakfast Kadak CTC Lot #534 '26,Assam (Dibrugarh),Assam,100% High-Grade Assam Whole Leaf & Golden Buds (Camellia Sinensis var. Assamica),Honey; Bold Body; Molasses; Caramel,7.2,3.1,3.7,2.7,7.7,57,1,4,97,2.5g per 200ml (or 1:1 milk-water for Chai),Digestive Power; Immune Strength; Metabolic Fire,Focused; Motivated; Cozy,First Flush Spring,838.0,4.61,403,"An exquisite handcrafted assam harvest from the famed terroirs of Assam (Dibrugarh). Imbued with prominent sensory notes of Honey, Bold Body, Molasses, this blend exhibits an aroma rating of 7.7/10. Specially curated for focused, motivated rituals, it offers potent digestive power, immune strength.",Spicy Bhakarwadi & Mathri; Crisp Onion & Paneer Pakoras; Traditional Osmania Butter Biscuits,https://images.unsplash.com/photo-1514733670139-4d87a1941d55?auto=format&fit=crop&w=800&q=80
TEA-IN-0763,Rose Petal & Green Cardamom Sweet Chai '25,Assam & Kerala Spice Hills,Masala Chai,"Assam CTC Black Tea, Green Cardamom Pods, Crushed Dry Ginger, Ceylon Cinnamon, Cloves, Black Pepper, Star Anise, Saffron",Peppery; Cinnamon (Dalchini); Sweet Heat; Clove (Laung); Spicy,4.5,7.0,4.0,7.8,9.6,61,39,6,97,2.5g per 200ml (or 1:1 milk-water for Chai),Cold & Cough Relief; Digestive Comfort; Immunity Shield; Instant Warming,Energetic; Comforting,Autumnal Harvest,308.0,4.54,415,"An exquisite handcrafted masala chai harvest from the famed terroirs of Assam & Kerala Spice Hills. Imbued with prominent sensory notes of Peppery, Cinnamon (Dalchini), Sweet Heat, this blend exhibits an aroma rating of 9.6/10. Specially curated for energetic, comforting rituals, it offers potent cold & cough relief, digestive comfort.",Crisp Hot Samosas with Mint & Tamarind Chutney; Kolkata Style Kathi Rolls,https://images.unsplash.com/photo-1544787219-7f47ccb76574?auto=format&fit=crop&w=800&q=80
TEA-IN-0764,Pampore Golden Saffron Green Infusion Lot #353,Kashmir (Pampore Saffron Fields),Kashmir Kahwa,"Kashmiri Green Tea Leaves, Pampore Pure Saffron Strands, Green Cardamom, Cinnamon, Crushed Almond Slivers, Dried Rose Petals",Delicate Green; Cinnamon; Cardamom; Sweet Almond; Floral Honey,1.5,7.8,8.7,5.2,9.2,19,2,3,83,2.5g per 200ml (or 1:1 milk-water for Chai),Skin Glow & Radiance; Immunity Boost,Calm; Relaxed; Meditative; Refreshed,Winter Warmth,802.0,4.35,148,"An exquisite handcrafted kashmir kahwa harvest from the famed terroirs of Kashmir (Pampore Saffron Fields). Imbued with prominent sensory notes of Delicate Green, Cinnamon, Cardamom, this blend exhibits an aroma rating of 9.2/10. Specially curated for calm, relaxed rituals, it offers potent skin glow & radiance, immunity boost.",Gulab Jamun with Rosewater Syrup; Spicy Bhakarwadi & Mathri,https://images.unsplash.com/photo-1576092768241-dec231879fc3?auto=format&fit=crop&w=800&q=80
TEA-IN-0765,Blue Mountain Aromatic Orthdox,Nilgiri (Kotagiri),Nilgiri,100% High-Elevation Nilgiri Camellia Sinensis,Floral; Light Malt; Honey; Bright Citrus; Plum,2.6,7.5,8.0,2.0,8.1,41,1,3,87,2.5g per 200ml (or 1:1 milk-water for Chai),Daily Refreshment; Heart Health; Antioxidant Rich; Gentle Alertness,Calm; Focused,Winter Warmth,1335.0,4.94,174,"An exquisite handcrafted nilgiri harvest from the famed terroirs of Nilgiri (Kotagiri). Imbued with prominent sensory notes of Floral, Light Malt, Honey, this blend exhibits an aroma rating of 8.1/10. Specially curated for calm, focused rituals, it offers potent daily refreshment, heart health.",Traditional Osmania Butter Biscuits; Warm Cardamom Nankhatai,https://images.unsplash.com/photo-1546852199-2d8e8c4aa477?auto=format&fit=crop&w=800&q=80
TEA-IN-0766,Turmeric Ginger Curcumin Immunity Guard,Kerala (Western Ghats),Ayurvedic Tisane,"Organic Tulsi (Holy Basil), Ashwagandha Root, Wild Himalayan Turmeric, Brahmi Leaves, Licorice (Mulethi), Fennel Seeds (Saunf), Lemongrass",Warm Ginger; Herbal; Fennel Sweetness; Cooling; Tulsi Mint,1.6,6.8,6.3,4.7,8.5,0,4,5,96,2.5g per 200ml (or 1:1 milk-water for Chai),Cortisol / Stress Reduction; Gut Health & Detox,Calm; Cozy,Second Flush Summer,902.0,4.86,89,"An exquisite handcrafted ayurvedic tisane harvest from the famed terroirs of Kerala (Western Ghats). Imbued with prominent sensory notes of Warm Ginger, Herbal, Fennel Sweetness, this blend exhibits an aroma rating of 8.5/10. Specially curated for calm, cozy rituals, it offers potent cortisol / stress reduction, gut health & detox.",Dhokla with Green Chilies; Poha with Roasted Peanuts,https://images.unsplash.com/photo-1544787219-7f47ccb76574?auto=format&fit=crop&w=800&q=80
TEA-IN-0767,Himalayan Cedar Scented Kangra Lot #266 '26,Himachal Pradesh (Palampur),Kangra Valley,100% Certified GI Tagged Kangra Valley Whole Leaf Tea,Floral; Sweet Vegetal; Nutty,2.4,7.1,6.0,0.7,8.7,34,5,3,80,2.5g per 200ml (or 1:1 milk-water for Chai),Digestive Ease; Metabolic Balance; Peaceful Focus,Refreshed; Focused; Calm,Monsoon Special,431.0,4.73,174,"An exquisite handcrafted kangra valley harvest from the famed terroirs of Himachal Pradesh (Palampur). Imbued with prominent sensory notes of Floral, Sweet Vegetal, Nutty, this blend exhibits an aroma rating of 8.7/10. Specially curated for refreshed, focused rituals, it offers potent digestive ease, metabolic balance.",Shrewsbury Butter Biscuits; Traditional Osmania Butter Biscuits,https://images.unsplash.com/photo-1576092768241-dec231879fc3?auto=format&fit=crop&w=800&q=80
TEA-IN-0768,High Altitude Cloud Pluck Temi Red Lot #394,"Sikkim (Temi Tea Estate, South Sikkim)",Sikkim Temi,100% Organic Single Estate Temi Leaves,Gentle Spice; Peach; Caramel,2.8,6.3,7.2,1.1,9.1,31,2,3,87,2.5g per 200ml (or 1:1 milk-water for Chai),Pure Organic Nutrition; L-Theanine Serenity; Cardiovascular Support; Skin Vitality,Refreshed; Focused; Serene; Calm,All Season,824.0,4.35,91,"An exquisite handcrafted sikkim temi harvest from the famed terroirs of Sikkim (Temi Tea Estate, South Sikkim). Imbued with prominent sensory notes of Gentle Spice, Peach, Caramel, this blend exhibits an aroma rating of 9.1/10. Specially curated for refreshed, focused rituals, it offers potent pure organic nutrition, l-theanine serenity.",Poha with Roasted Peanuts; Gulab Jamun with Rosewater Syrup; Irani Cafe Bun Maska & Chai,https://images.unsplash.com/photo-1576092768241-dec231879fc3?auto=format&fit=crop&w=800&q=80
TEA-IN-0769,Moonlight Imperial Pluck Lot #167 '25,Darjeeling (Jungpana),Darjeeling,100% Hand-Picked Camellia Sinensis Single Estate Darjeeling Leaves,Citrus Zest; Apricot; Pine Wood; Green Apple; Muscatel,3.0,7.4,8.8,1.3,9.8,38,3,4,88,2.5g per 200ml (or 1:1 milk-water for Chai),Mental Clarity; Cellular Protection; Gentle Vitality; Heart Wellness,Refreshed; Uplifted; Meditative; Focused,All Season,1890.0,4.61,219,"An exquisite handcrafted darjeeling harvest from the famed terroirs of Darjeeling (Jungpana). Imbued with prominent sensory notes of Citrus Zest, Apricot, Pine Wood, this blend exhibits an aroma rating of 9.8/10. Specially curated for refreshed, uplifted rituals, it offers potent mental clarity, cellular protection.",Gulab Jamun with Rosewater Syrup; Kashmiri Girda Flatbread with Butter; Irani Cafe Bun Maska & Chai,https://images.unsplash.com/photo-1594631252845-29fc4cc8cde9?auto=format&fit=crop&w=800&q=80
TEA-IN-0770,Imperial Halmari Single Estate,Assam (Mangaldai),Assam,100% High-Grade Assam Whole Leaf & Golden Buds (Camellia Sinensis var. Assamica),Honey; Malty; Toasted Grain,4.9,6.1,2.4,3.5,7.2,80,5,5,95,2.5g per 200ml (or 1:1 milk-water for Chai),Digestive Power; Cardiovascular Support; High Sustained Energy; Metabolic Fire,Energetic; Motivated; Cozy; Uplifted,Autumnal Harvest,787.0,4.34,159,"An exquisite handcrafted assam harvest from the famed terroirs of Assam (Mangaldai). Imbued with prominent sensory notes of Honey, Malty, Toasted Grain, this blend exhibits an aroma rating of 7.2/10. Specially curated for energetic, motivated rituals, it offers potent digestive power, cardiovascular support.",Poha with Roasted Peanuts; Spicy Bhakarwadi & Mathri,https://images.unsplash.com/photo-1544787219-7f47ccb76574?auto=format&fit=crop&w=800&q=80
TEA-IN-0771,Caramelized Jaggery (Gur) Spiced Chai Lot #108,Mumbai Heritage,Masala Chai,"Assam CTC Black Tea, Green Cardamom Pods, Crushed Dry Ginger, Ceylon Cinnamon, Cloves, Black Pepper, Star Anise, Saffron",Clove (Laung); Cardamom (Elaichi); Ginger (Adrak),3.5,6.3,1.3,8.4,9.8,44,29,4,99,2.5g per 200ml (or 1:1 milk-water for Chai),Digestive Comfort; Immunity Shield,Energetic; Uplifted; Cozy; Comforting,Winter Warmth,577.0,4.32,159,"An exquisite handcrafted masala chai harvest from the famed terroirs of Mumbai Heritage. Imbued with prominent sensory notes of Clove (Laung), Cardamom (Elaichi), Ginger (Adrak), this blend exhibits an aroma rating of 9.8/10. Specially curated for energetic, uplifted rituals, it offers potent digestive comfort, immunity shield.",Dhokla with Green Chilies; Crisp Onion & Paneer Pakoras,https://images.unsplash.com/photo-1544787219-7f47ccb76574?auto=format&fit=crop&w=800&q=80
TEA-IN-0772,Royal Kashmiri Saffron Almond Kahwa Lot #375,Kashmir (Gulmarg Hills),Kashmir Kahwa,"Kashmiri Green Tea Leaves, Pampore Pure Saffron Strands, Green Cardamom, Cinnamon, Crushed Almond Slivers, Dried Rose Petals",Cardamom; Cinnamon; Sweet Almond,2.6,6.7,9.1,5.3,9.1,18,5,3,82,2.5g per 200ml (or 1:1 milk-water for Chai),Calming Warmth; Stress Relief,Refreshed; Meditative,Second Flush Summer,1838.0,4.68,40,"An exquisite handcrafted kashmir kahwa harvest from the famed terroirs of Kashmir (Gulmarg Hills). Imbued with prominent sensory notes of Cardamom, Cinnamon, Sweet Almond, this blend exhibits an aroma rating of 9.1/10. Specially curated for refreshed, meditative rituals, it offers potent calming warmth, stress relief.",Poha with Roasted Peanuts; Kashmiri Girda Flatbread with Butter,https://images.unsplash.com/photo-1563822249548-9a72b6353cd1?auto=format&fit=crop&w=800&q=80
TEA-IN-0773,High Altitude Floral White Nilgiri,Nilgiri (Blue Mountains),Nilgiri,100% High-Elevation Nilgiri Camellia Sinensis,Floral; Crisp Fruit; Light Malt,3.1,6.1,6.9,1.7,9.4,49,2,3,89,2.5g per 200ml (or 1:1 milk-water for Chai),Weight Balance; Heart Health; Antioxidant Rich; Daily Refreshment,Refreshed; Creative; Uplifted; Focused,All Season,910.0,4.68,332,"An exquisite handcrafted nilgiri harvest from the famed terroirs of Nilgiri (Blue Mountains). Imbued with prominent sensory notes of Floral, Crisp Fruit, Light Malt, this blend exhibits an aroma rating of 9.4/10. Specially curated for refreshed, creative rituals, it offers potent weight balance, heart health.",Kolkata Style Kathi Rolls; Irani Cafe Bun Maska & Chai,https://images.unsplash.com/photo-1597481499750-3e6b22637e12?auto=format&fit=crop&w=800&q=80
TEA-IN-0774,"Sacred Tulsi Trio (Rama, Krishna, Vana)",Uttarakhand Sacred Valleys,Ayurvedic Tisane,"Organic Tulsi (Holy Basil), Ashwagandha Root, Wild Himalayan Turmeric, Brahmi Leaves, Licorice (Mulethi), Fennel Seeds (Saunf), Lemongrass",Cooling; Sweet Earthy; Botanical,3.0,6.2,6.8,2.1,9.5,0,4,5,100,2.5g per 200ml (or 1:1 milk-water for Chai),Cortisol / Stress Reduction; Gut Health & Detox; Immunity Fortification; Deep Restful Sleep,Calm; Soothing; Relaxed; Cozy,Winter Warmth,671.0,4.77,30,"An exquisite handcrafted ayurvedic tisane harvest from the famed terroirs of Uttarakhand Sacred Valleys. Imbued with prominent sensory notes of Cooling, Sweet Earthy, Botanical, this blend exhibits an aroma rating of 9.5/10. Specially curated for calm, soothing rituals, it offers potent cortisol / stress reduction, gut health & detox.",Gulab Jamun with Rosewater Syrup; Kashmiri Girda Flatbread with Butter; Crisp Onion & Paneer Pakoras,https://images.unsplash.com/photo-1544787219-7f47ccb76574?auto=format&fit=crop&w=800&q=80
TEA-IN-0775,Palampur Orthodox Spring Gold Lot #101 '26,Himachal Pradesh (Palampur),Kangra Valley,100% Certified GI Tagged Kangra Valley Whole Leaf Tea,Mellow Green; Floral; Sweet Vegetal; Nutty,3.4,6.9,5.2,0.9,8.8,35,4,3,75,2.5g per 200ml (or 1:1 milk-water for Chai),Digestive Ease; High Polyphenols; Peaceful Focus,Refreshed; Uplifted; Meditative,Second Flush Summer,521.0,4.58,134,"An exquisite handcrafted kangra valley harvest from the famed terroirs of Himachal Pradesh (Palampur). Imbued with prominent sensory notes of Mellow Green, Floral, Sweet Vegetal, this blend exhibits an aroma rating of 8.8/10. Specially curated for refreshed, uplifted rituals, it offers potent digestive ease, high polyphenols.",Spicy Bhakarwadi & Mathri; Kolkata Style Kathi Rolls,https://images.unsplash.com/photo-1563822249548-9a72b6353cd1?auto=format&fit=crop&w=800&q=80
TEA-IN-0776,Sikkim Green Dragon Spring Leaf '24,"Sikkim (Temi Tea Estate, South Sikkim)",Sikkim Temi,100% Organic Single Estate Temi Leaves,Honeyed Wood; Peach; Caramel; Muscatel; Gentle Spice,1.8,6.5,6.6,1.6,8.7,37,4,3,90,2.5g per 200ml (or 1:1 milk-water for Chai),Pure Organic Nutrition; Cardiovascular Support; Skin Vitality,Refreshed; Focused; Serene; Calm,Winter Warmth,456.0,4.32,60,"An exquisite handcrafted sikkim temi harvest from the famed terroirs of Sikkim (Temi Tea Estate, South Sikkim). Imbued with prominent sensory notes of Honeyed Wood, Peach, Caramel, this blend exhibits an aroma rating of 8.7/10. Specially curated for refreshed, focused rituals, it offers potent pure organic nutrition, cardiovascular support.",Traditional Osmania Butter Biscuits; Warm Cardamom Nankhatai; Irani Cafe Bun Maska & Chai,https://images.unsplash.com/photo-1576092768241-dec231879fc3?auto=format&fit=crop&w=800&q=80
TEA-IN-0777,Silver Needle White Darjeeling,Darjeeling (Margaret's Hope),Darjeeling,100% Hand-Picked Camellia Sinensis Single Estate Darjeeling Leaves,Honey; Honeysuckle; Apricot,2.1,8.5,8.8,1.0,8.7,41,4,3,86,2.5g per 200ml (or 1:1 milk-water for Chai),Mental Clarity; Heart Wellness,Refreshed; Meditative,First Flush Spring,1766.0,4.72,193,"An exquisite handcrafted darjeeling harvest from the famed terroirs of Darjeeling (Margaret's Hope). Imbued with prominent sensory notes of Honey, Honeysuckle, Apricot, this blend exhibits an aroma rating of 8.7/10. Specially curated for refreshed, meditative rituals, it offers potent mental clarity, heart wellness.",Kashmiri Girda Flatbread with Butter; Traditional Osmania Butter Biscuits,https://images.unsplash.com/photo-1546852199-2d8e8c4aa477?auto=format&fit=crop&w=800&q=80
TEA-IN-0778,Smoked Wild Bamboo Assam,Assam (Dibrugarh),Assam,100% High-Grade Assam Whole Leaf & Golden Buds (Camellia Sinensis var. Assamica),Dark Cocoa; Molasses; Woody; Toasted Grain,4.3,5.2,3.8,1.9,8.0,51,0,4,99,2.5g per 200ml (or 1:1 milk-water for Chai),Digestive Power; Cardiovascular Support; High Sustained Energy; Immune Strength,Uplifted; Cozy; Focused,Second Flush Summer,377.0,4.62,413,"An exquisite handcrafted assam harvest from the famed terroirs of Assam (Dibrugarh). Imbued with prominent sensory notes of Dark Cocoa, Molasses, Woody, this blend exhibits an aroma rating of 8.0/10. Specially curated for uplifted, cozy rituals, it offers potent digestive power, cardiovascular support.",Crisp Hot Samosas with Mint & Tamarind Chutney; Irani Cafe Bun Maska & Chai,https://images.unsplash.com/photo-1544787219-7f47ccb76574?auto=format&fit=crop&w=800&q=80
TEA-IN-0779,Royal Elaichi & Kesar Rich Chai Lot #705,Kolkata Street Estate,Masala Chai,"Assam CTC Black Tea, Green Cardamom Pods, Crushed Dry Ginger, Ceylon Cinnamon, Cloves, Black Pepper, Star Anise, Saffron",Cardamom (Elaichi); Sweet Heat; Creamy,4.2,6.7,2.4,10.0,9.0,46,23,5,95,2.5g per 200ml (or 1:1 milk-water for Chai),Digestive Comfort; Cold & Cough Relief; Anti-inflammatory; Immunity Shield,Refreshed; Comforting,All Season,571.0,4.37,142,"An exquisite handcrafted masala chai harvest from the famed terroirs of Kolkata Street Estate. Imbued with prominent sensory notes of Cardamom (Elaichi), Sweet Heat, Creamy, this blend exhibits an aroma rating of 9.0/10. Specially curated for refreshed, comforting rituals, it offers potent digestive comfort, cold & cough relief.",Spicy Bhakarwadi & Mathri; Kolkata Style Kathi Rolls,https://images.unsplash.com/photo-1544787219-7f47ccb76574?auto=format&fit=crop&w=800&q=80
TEA-IN-0780,Rose Petal & Kashmiri Cardamom Kahwa Lot #602 '24,Kashmir (Pampore Saffron Fields),Kashmir Kahwa,"Kashmiri Green Tea Leaves, Pampore Pure Saffron Strands, Green Cardamom, Cinnamon, Crushed Almond Slivers, Dried Rose Petals",Delicate Green; Cinnamon; Sweet Almond,2.2,6.0,8.3,5.6,9.6,20,0,4,81,2.5g per 200ml (or 1:1 milk-water for Chai),Stress Relief; Digestive Fire; Skin Glow & Radiance; Immunity Boost,Calm; Relaxed; Meditative,First Flush Spring,500.0,4.84,196,"An exquisite handcrafted kashmir kahwa harvest from the famed terroirs of Kashmir (Pampore Saffron Fields). Imbued with prominent sensory notes of Delicate Green, Cinnamon, Sweet Almond, this blend exhibits an aroma rating of 9.6/10. Specially curated for calm, relaxed rituals, it offers potent stress relief, digestive fire.",Dhokla with Green Chilies; Kashmiri Girda Flatbread with Butter; Irani Cafe Bun Maska & Chai,https://images.unsplash.com/photo-1576092768241-dec231879fc3?auto=format&fit=crop&w=800&q=80
TEA-IN-0781,Nilgiri Golden Needle Rare Estate,Nilgiri (Coonoor),Nilgiri,100% High-Elevation Nilgiri Camellia Sinensis,Bright Citrus; Crisp Fruit; Sweet Melon; Plum,2.6,7.2,8.3,2.0,8.4,42,3,4,88,2.5g per 200ml (or 1:1 milk-water for Chai),Weight Balance; Heart Health; Antioxidant Rich,Calm; Creative; Uplifted; Focused,First Flush Spring,1074.0,4.74,408,"An exquisite handcrafted nilgiri harvest from the famed terroirs of Nilgiri (Coonoor). Imbued with prominent sensory notes of Bright Citrus, Crisp Fruit, Sweet Melon, this blend exhibits an aroma rating of 8.4/10. Specially curated for calm, creative rituals, it offers potent weight balance, heart health.",Kashmiri Girda Flatbread with Butter; Crisp Hot Samosas with Mint & Tamarind Chutney; Crisp Onion & Paneer Pakoras,https://images.unsplash.com/photo-1546852199-2d8e8c4aa477?auto=format&fit=crop&w=800&q=80
TEA-IN-0782,Ashwagandha Stress Relief Golden Elixir,Himalayan Foothills,Ayurvedic Tisane,"Organic Tulsi (Holy Basil), Ashwagandha Root, Wild Himalayan Turmeric, Brahmi Leaves, Licorice (Mulethi), Fennel Seeds (Saunf), Lemongrass",Sweet Earthy; Tulsi Mint; Herbal,1.9,7.3,6.6,3.9,7.6,0,5,7,95,2.5g per 200ml (or 1:1 milk-water for Chai),Cortisol / Stress Reduction; Gut Health & Detox; Immunity Fortification; Deep Restful Sleep,Meditative; Cozy,First Flush Spring,397.0,4.77,83,"An exquisite handcrafted ayurvedic tisane harvest from the famed terroirs of Himalayan Foothills. Imbued with prominent sensory notes of Sweet Earthy, Tulsi Mint, Herbal, this blend exhibits an aroma rating of 7.6/10. Specially curated for meditative, cozy rituals, it offers potent cortisol / stress reduction, gut health & detox.",Kashmiri Girda Flatbread with Butter; Crisp Onion & Paneer Pakoras; Traditional Osmania Butter Biscuits,https://images.unsplash.com/photo-1544787219-7f47ccb76574?auto=format&fit=crop&w=800&q=80
TEA-IN-0783,Snow Mist Kangra First Flush,Himachal Pradesh (Kangra Valley),Kangra Valley,100% Certified GI Tagged Kangra Valley Whole Leaf Tea,Sweet Vegetal; Roasted Corn; Pine Mist,3.0,6.8,6.0,1.3,7.8,43,0,2,79,2.5g per 200ml (or 1:1 milk-water for Chai),High Polyphenols; Antioxidant Shield,Calm; Meditative; Focused; Uplifted,First Flush Spring,521.0,4.6,326,"An exquisite handcrafted kangra valley harvest from the famed terroirs of Himachal Pradesh (Kangra Valley). Imbued with prominent sensory notes of Sweet Vegetal, Roasted Corn, Pine Mist, this blend exhibits an aroma rating of 7.8/10. Specially curated for calm, meditative rituals, it offers potent high polyphenols, antioxidant shield.",Kolkata Style Kathi Rolls; Traditional Osmania Butter Biscuits,https://images.unsplash.com/photo-1563822249548-9a72b6353cd1?auto=format&fit=crop&w=800&q=80
TEA-IN-0784,High Altitude Cloud Pluck Temi Red,"Sikkim (Temi Tea Estate, South Sikkim)",Sikkim Temi,100% Organic Single Estate Temi Leaves,Honeyed Wood; Gentle Spice; Muscatel,3.4,7.8,6.8,2.3,8.3,43,3,4,89,2.5g per 200ml (or 1:1 milk-water for Chai),Pure Organic Nutrition; Skin Vitality,Calm; Meditative; Focused,Autumnal Harvest,801.0,4.59,426,"An exquisite handcrafted sikkim temi harvest from the famed terroirs of Sikkim (Temi Tea Estate, South Sikkim). Imbued with prominent sensory notes of Honeyed Wood, Gentle Spice, Muscatel, this blend exhibits an aroma rating of 8.3/10. Specially curated for calm, meditative rituals, it offers potent pure organic nutrition, skin vitality.",Kashmiri Girda Flatbread with Butter; Spicy Bhakarwadi & Mathri,https://images.unsplash.com/photo-1546852199-2d8e8c4aa477?auto=format&fit=crop&w=800&q=80
TEA-IN-0785,Vintage Muscatel Wonder Lot #600,Darjeeling (Makaibari),Darjeeling,100% Hand-Picked Camellia Sinensis Single Estate Darjeeling Leaves,Honey; Honeysuckle; Apricot; Green Apple,2.2,8.8,7.7,1.7,8.5,53,2,4,85,2.5g per 200ml (or 1:1 milk-water for Chai),Mental Clarity; Cellular Protection; Gentle Vitality,Focused; Meditative; Uplifted,Monsoon Special,1118.0,4.73,181,"An exquisite handcrafted darjeeling harvest from the famed terroirs of Darjeeling (Makaibari). Imbued with prominent sensory notes of Honey, Honeysuckle, Apricot, this blend exhibits an aroma rating of 8.5/10. Specially curated for focused, meditative rituals, it offers potent mental clarity, cellular protection.",Kashmiri Girda Flatbread with Butter; Crisp Onion & Paneer Pakoras; Kolkata Style Kathi Rolls,https://images.unsplash.com/photo-1576092768241-dec231879fc3?auto=format&fit=crop&w=800&q=80
TEA-IN-0786,Robust Morning Chai Blend,Assam (Sibsagar),Assam,100% High-Grade Assam Whole Leaf & Golden Buds (Camellia Sinensis var. Assamica),Dark Cocoa; Bold Body; Molasses; Toasted Grain,5.1,4.9,2.0,1.8,9.0,51,3,4,98,2.5g per 200ml (or 1:1 milk-water for Chai),Metabolic Fire; Cardiovascular Support; High Sustained Energy; Immune Strength,Focused; Motivated; Cozy; Uplifted,Winter Warmth,398.0,4.6,420,"An exquisite handcrafted assam harvest from the famed terroirs of Assam (Sibsagar). Imbued with prominent sensory notes of Dark Cocoa, Bold Body, Molasses, this blend exhibits an aroma rating of 9.0/10. Specially curated for focused, motivated rituals, it offers potent metabolic fire, cardiovascular support.",Kolkata Style Kathi Rolls; Irani Cafe Bun Maska & Chai,https://images.unsplash.com/photo-1514733670139-4d87a1941d55?auto=format&fit=crop&w=800&q=80
TEA-IN-0787,Cinnamon Bark & Clove Monsoon Chai '25,Assam & Kerala Spice Hills,Masala Chai,"Assam CTC Black Tea, Green Cardamom Pods, Crushed Dry Ginger, Ceylon Cinnamon, Cloves, Black Pepper, Star Anise, Saffron",Clove (Laung); Cinnamon (Dalchini); Sweet Heat; Peppery,5.7,6.1,4.0,9.2,9.9,60,59,4,97,2.5g per 200ml (or 1:1 milk-water for Chai),Digestive Comfort; Immunity Shield,Energetic; Uplifted; Comforting; Cozy,Winter Warmth,540.0,4.36,251,"An exquisite handcrafted masala chai harvest from the famed terroirs of Assam & Kerala Spice Hills. Imbued with prominent sensory notes of Clove (Laung), Cinnamon (Dalchini), Sweet Heat, this blend exhibits an aroma rating of 9.9/10. Specially curated for energetic, uplifted rituals, it offers potent digestive comfort, immunity shield.",Poha with Roasted Peanuts; Traditional Osmania Butter Biscuits,https://images.unsplash.com/photo-1544787219-7f47ccb76574?auto=format&fit=crop&w=800&q=80
TEA-IN-0788,Rose Petal & Kashmiri Cardamom Kahwa Lot #849 '26,Kashmir (Srinagar Valley),Kashmir Kahwa,"Kashmiri Green Tea Leaves, Pampore Pure Saffron Strands, Green Cardamom, Cinnamon, Crushed Almond Slivers, Dried Rose Petals",Cardamom; Sweet Almond; Delicate Green,1.1,7.7,8.5,5.9,9.7,20,3,5,83,2.5g per 200ml (or 1:1 milk-water for Chai),Calming Warmth; Stress Relief; Digestive Fire; Immunity Boost,Calm; Relaxed,Monsoon Special,1649.0,4.87,388,"An exquisite handcrafted kashmir kahwa harvest from the famed terroirs of Kashmir (Srinagar Valley). Imbued with prominent sensory notes of Cardamom, Sweet Almond, Delicate Green, this blend exhibits an aroma rating of 9.7/10. Specially curated for calm, relaxed rituals, it offers potent calming warmth, stress relief.",Kashmiri Girda Flatbread with Butter; Irani Cafe Bun Maska & Chai,https://images.unsplash.com/photo-1563822249548-9a72b6353cd1?auto=format&fit=crop&w=800&q=80
TEA-IN-0789,Emerald Dew Nilgiri Green,Nilgiri (Coonoor),Nilgiri,100% High-Elevation Nilgiri Camellia Sinensis,Floral; Light Malt; Honey; Sweet Melon; Plum,3.4,7.4,6.6,2.0,8.6,44,4,4,85,2.5g per 200ml (or 1:1 milk-water for Chai),Weight Balance; Heart Health; Antioxidant Rich; Gentle Alertness,Calm; Creative; Focused,Second Flush Summer,1359.0,4.49,386,"An exquisite handcrafted nilgiri harvest from the famed terroirs of Nilgiri (Coonoor). Imbued with prominent sensory notes of Floral, Light Malt, Honey, this blend exhibits an aroma rating of 8.6/10. Specially curated for calm, creative rituals, it offers potent weight balance, heart health.",Shrewsbury Butter Biscuits; Crisp Hot Samosas with Mint & Tamarind Chutney,https://images.unsplash.com/photo-1597481499750-3e6b22637e12?auto=format&fit=crop&w=800&q=80
TEA-IN-0790,Ashwagandha Stress Relief Golden Elixir '24,Himalayan Foothills,Ayurvedic Tisane,"Organic Tulsi (Holy Basil), Ashwagandha Root, Wild Himalayan Turmeric, Brahmi Leaves, Licorice (Mulethi), Fennel Seeds (Saunf), Lemongrass",Warm Ginger; Herbal; Tulsi Mint; Fennel Sweetness,2.8,7.7,5.5,5.3,9.4,0,0,5,97,2.5g per 200ml (or 1:1 milk-water for Chai),Cortisol / Stress Reduction; Gut Health & Detox; Immunity Fortification; Joint & Anti-inflammatory,Soothing; Relaxed; Meditative,Monsoon Special,526.0,4.56,280,"An exquisite handcrafted ayurvedic tisane harvest from the famed terroirs of Himalayan Foothills. Imbued with prominent sensory notes of Warm Ginger, Herbal, Tulsi Mint, this blend exhibits an aroma rating of 9.4/10. Specially curated for soothing, relaxed rituals, it offers potent cortisol / stress reduction, gut health & detox.",Crisp Hot Samosas with Mint & Tamarind Chutney; Traditional Osmania Butter Biscuits; Warm Cardamom Nankhatai,https://images.unsplash.com/photo-1544787219-7f47ccb76574?auto=format&fit=crop&w=800&q=80
TEA-IN-0791,Kangra Imperial Green Dragon,Himachal Pradesh (Palampur),Kangra Valley,100% Certified GI Tagged Kangra Valley Whole Leaf Tea,Mellow Green; Roasted Corn; Nutty,2.3,7.1,6.0,1.5,8.0,34,2,4,75,2.5g per 200ml (or 1:1 milk-water for Chai),Metabolic Balance; Peaceful Focus,Refreshed; Focused; Calm,Monsoon Special,477.0,4.93,39,"An exquisite handcrafted kangra valley harvest from the famed terroirs of Himachal Pradesh (Palampur). Imbued with prominent sensory notes of Mellow Green, Roasted Corn, Nutty, this blend exhibits an aroma rating of 8.0/10. Specially curated for refreshed, focused rituals, it offers potent metabolic balance, peaceful focus.",Shrewsbury Butter Biscuits; Gulab Jamun with Rosewater Syrup; Warm Cardamom Nankhatai,https://images.unsplash.com/photo-1576092768241-dec231879fc3?auto=format&fit=crop&w=800&q=80
TEA-IN-0792,High Altitude Cloud Pluck Temi Red Lot #721,"Sikkim (Temi Tea Estate, South Sikkim)",Sikkim Temi,100% Organic Single Estate Temi Leaves,Sweet Floral; Muscatel; Peach; Caramel,2.6,7.8,7.7,1.2,8.1,37,3,4,89,2.5g per 200ml (or 1:1 milk-water for Chai),Pure Organic Nutrition; L-Theanine Serenity; Skin Vitality,Calm; Meditative; Focused; Serene,Second Flush Summer,1614.0,4.66,211,"An exquisite handcrafted sikkim temi harvest from the famed terroirs of Sikkim (Temi Tea Estate, South Sikkim). Imbued with prominent sensory notes of Sweet Floral, Muscatel, Peach, this blend exhibits an aroma rating of 8.1/10. Specially curated for calm, meditative rituals, it offers potent pure organic nutrition, l-theanine serenity.",Kashmiri Girda Flatbread with Butter; Crisp Hot Samosas with Mint & Tamarind Chutney; Crisp Onion & Paneer Pakoras,https://images.unsplash.com/photo-1546852199-2d8e8c4aa477?auto=format&fit=crop&w=800&q=80
TEA-IN-0793,Moonlight Imperial Pluck Lot #169,Darjeeling (Margaret's Hope),Darjeeling,100% Hand-Picked Camellia Sinensis Single Estate Darjeeling Leaves,Citrus Zest; Apricot; Pine Wood,2.6,6.8,7.4,1.1,8.7,35,1,3,84,2.5g per 200ml (or 1:1 milk-water for Chai),High Antioxidants; Gentle Vitality,Refreshed; Calm; Meditative; Uplifted,Winter Warmth,2057.0,4.93,239,"An exquisite handcrafted darjeeling harvest from the famed terroirs of Darjeeling (Margaret's Hope). Imbued with prominent sensory notes of Citrus Zest, Apricot, Pine Wood, this blend exhibits an aroma rating of 8.7/10. Specially curated for refreshed, calm rituals, it offers potent high antioxidants, gentle vitality.",Poha with Roasted Peanuts; Crisp Onion & Paneer Pakoras,https://images.unsplash.com/photo-1546852199-2d8e8c4aa477?auto=format&fit=crop&w=800&q=80
TEA-IN-0794,Dark Mahogany Malt Reserve Lot #105 '24,Assam (Sibsagar),Assam,100% High-Grade Assam Whole Leaf & Golden Buds (Camellia Sinensis var. Assamica),Honey; Toasted Grain; Caramel; Woody; Malty,4.0,5.8,2.0,2.0,9.1,56,3,5,99,2.5g per 200ml (or 1:1 milk-water for Chai),Digestive Power; Cardiovascular Support; High Sustained Energy; Metabolic Fire,Energetic; Uplifted; Cozy; Focused,Autumnal Harvest,1036.0,4.94,23,"An exquisite handcrafted assam harvest from the famed terroirs of Assam (Sibsagar). Imbued with prominent sensory notes of Honey, Toasted Grain, Caramel, this blend exhibits an aroma rating of 9.1/10. Specially curated for energetic, uplifted rituals, it offers potent digestive power, cardiovascular support.",Shrewsbury Butter Biscuits; Crisp Hot Samosas with Mint & Tamarind Chutney,https://images.unsplash.com/photo-1514733670139-4d87a1941d55?auto=format&fit=crop&w=800&q=80
TEA-IN-0795,Caramelized Jaggery (Gur) Spiced Chai Lot #963,Mumbai Heritage,Masala Chai,"Assam CTC Black Tea, Green Cardamom Pods, Crushed Dry Ginger, Ceylon Cinnamon, Cloves, Black Pepper, Star Anise, Saffron",Cardamom (Elaichi); Ginger (Adrak); Sweet Heat; Clove (Laung); Spicy,4.4,7.7,2.7,9.3,9.2,54,45,5,98,2.5g per 200ml (or 1:1 milk-water for Chai),Digestive Comfort; Anti-inflammatory; Instant Warming,Energetic; Uplifted; Cozy; Comforting,First Flush Spring,289.0,4.86,386,"An exquisite handcrafted masala chai harvest from the famed terroirs of Mumbai Heritage. Imbued with prominent sensory notes of Cardamom (Elaichi), Ginger (Adrak), Sweet Heat, this blend exhibits an aroma rating of 9.2/10. Specially curated for energetic, uplifted rituals, it offers potent digestive comfort, anti-inflammatory.",Gulab Jamun with Rosewater Syrup; Kolkata Style Kathi Rolls,https://images.unsplash.com/photo-1571934811356-5cc061b6821f?auto=format&fit=crop&w=800&q=80
TEA-IN-0796,Traditional Samovar Cinnamon Kahwa,Kashmir (Srinagar Valley),Kashmir Kahwa,"Kashmiri Green Tea Leaves, Pampore Pure Saffron Strands, Green Cardamom, Cinnamon, Crushed Almond Slivers, Dried Rose Petals",Delicate Green; Sweet Almond; Nutty,1.4,8.0,6.2,7.2,9.5,27,5,4,83,2.5g per 200ml (or 1:1 milk-water for Chai),Calming Warmth; Digestive Fire,Refreshed; Meditative,Autumnal Harvest,1068.0,4.33,332,"An exquisite handcrafted kashmir kahwa harvest from the famed terroirs of Kashmir (Srinagar Valley). Imbued with prominent sensory notes of Delicate Green, Sweet Almond, Nutty, this blend exhibits an aroma rating of 9.5/10. Specially curated for refreshed, meditative rituals, it offers potent calming warmth, digestive fire.",Poha with Roasted Peanuts; Spicy Bhakarwadi & Mathri; Crisp Onion & Paneer Pakoras,https://images.unsplash.com/photo-1563822249548-9a72b6353cd1?auto=format&fit=crop&w=800&q=80
TEA-IN-0797,High Altitude Floral White Nilgiri,Nilgiri (Coonoor),Nilgiri,100% High-Elevation Nilgiri Camellia Sinensis,Floral; Honey; Sweet Melon; Crisp Fruit; Plum,1.0,7.8,6.5,2.4,9.3,53,5,4,95,2.5g per 200ml (or 1:1 milk-water for Chai),Weight Balance; Antioxidant Rich,Refreshed; Creative; Uplifted; Calm,Autumnal Harvest,1089.0,4.59,410,"An exquisite handcrafted nilgiri harvest from the famed terroirs of Nilgiri (Coonoor). Imbued with prominent sensory notes of Floral, Honey, Sweet Melon, this blend exhibits an aroma rating of 9.3/10. Specially curated for refreshed, creative rituals, it offers potent weight balance, antioxidant rich.",Crisp Hot Samosas with Mint & Tamarind Chutney; Crisp Onion & Paneer Pakoras; Warm Cardamom Nankhatai,https://images.unsplash.com/photo-1597481499750-3e6b22637e12?auto=format&fit=crop&w=800&q=80
TEA-IN-0798,Triphala & Fennel Digestive Nectar Lot #701,Uttarakhand Sacred Valleys,Ayurvedic Tisane,"Organic Tulsi (Holy Basil), Ashwagandha Root, Wild Himalayan Turmeric, Brahmi Leaves, Licorice (Mulethi), Fennel Seeds (Saunf), Lemongrass",Warm Ginger; Sweet Earthy; Herbal,2.8,5.3,7.0,2.4,7.6,0,1,6,95,2.5g per 200ml (or 1:1 milk-water for Chai),Immunity Fortification; Joint & Anti-inflammatory; Deep Restful Sleep,Soothing; Meditative; Cozy,Second Flush Summer,487.0,4.64,125,"An exquisite handcrafted ayurvedic tisane harvest from the famed terroirs of Uttarakhand Sacred Valleys. Imbued with prominent sensory notes of Warm Ginger, Sweet Earthy, Herbal, this blend exhibits an aroma rating of 7.6/10. Specially curated for soothing, meditative rituals, it offers potent immunity fortification, joint & anti-inflammatory.",Poha with Roasted Peanuts; Shrewsbury Butter Biscuits; Traditional Osmania Butter Biscuits,https://images.unsplash.com/photo-1544787219-7f47ccb76574?auto=format&fit=crop&w=800&q=80
TEA-IN-0799,Himalayan Cedar Scented Kangra Lot #211,Himachal Pradesh (Kangra Valley),Kangra Valley,100% Certified GI Tagged Kangra Valley Whole Leaf Tea,Mellow Green; Roasted Corn; Sweet Vegetal; Nutty,2.0,6.9,7.9,1.1,8.9,39,3,4,81,2.5g per 200ml (or 1:1 milk-water for Chai),High Polyphenols; Peaceful Focus,Calm; Refreshed; Meditative; Uplifted,Second Flush Summer,733.0,4.53,323,"An exquisite handcrafted kangra valley harvest from the famed terroirs of Himachal Pradesh (Kangra Valley). Imbued with prominent sensory notes of Mellow Green, Roasted Corn, Sweet Vegetal, this blend exhibits an aroma rating of 8.9/10. Specially curated for calm, refreshed rituals, it offers potent high polyphenols, peaceful focus.",Shrewsbury Butter Biscuits; Irani Cafe Bun Maska & Chai,https://images.unsplash.com/photo-1576092768241-dec231879fc3?auto=format&fit=crop&w=800&q=80
TEA-IN-0800,High Altitude Cloud Pluck Temi Red,"Sikkim (Temi Tea Estate, South Sikkim)",Sikkim Temi,100% Organic Single Estate Temi Leaves,Sweet Floral; Honeyed Wood; Peach; Caramel; Gentle Spice,1.6,8.2,8.2,1.3,8.8,43,0,4,90,2.5g per 200ml (or 1:1 milk-water for Chai),Cardiovascular Support; Pure Organic Nutrition; L-Theanine Serenity; Skin Vitality,Calm; Refreshed; Meditative,All Season,1285.0,4.43,140,"An exquisite handcrafted sikkim temi harvest from the famed terroirs of Sikkim (Temi Tea Estate, South Sikkim). Imbued with prominent sensory notes of Sweet Floral, Honeyed Wood, Peach, this blend exhibits an aroma rating of 8.8/10. Specially curated for calm, refreshed rituals, it offers potent cardiovascular support, pure organic nutrition.",Kashmiri Girda Flatbread with Butter; Crisp Hot Samosas with Mint & Tamarind Chutney,https://images.unsplash.com/photo-1576092768241-dec231879fc3?auto=format&fit=crop&w=800&q=80
TEA-IN-0801,Misty Mountain Bio-Dynamic First Flush Lot #323,Darjeeling (Singbulli),Darjeeling,100% Hand-Picked Camellia Sinensis Single Estate Darjeeling Leaves,Honey; Honeysuckle; Apricot; Pine Wood; Muscatel,3.3,8.3,7.6,0.5,9.8,31,0,3,88,2.5g per 200ml (or 1:1 milk-water for Chai),Mental Clarity; High Antioxidants; Cellular Protection; Gentle Vitality,Uplifted; Focused,Second Flush Summer,1556.0,4.94,407,"An exquisite handcrafted darjeeling harvest from the famed terroirs of Darjeeling (Singbulli). Imbued with prominent sensory notes of Honey, Honeysuckle, Apricot, this blend exhibits an aroma rating of 9.8/10. Specially curated for uplifted, focused rituals, it offers potent mental clarity, high antioxidants.",Kashmiri Girda Flatbread with Butter; Kolkata Style Kathi Rolls; Warm Cardamom Nankhatai,https://images.unsplash.com/photo-1576092768241-dec231879fc3?auto=format&fit=crop&w=800&q=80
TEA-IN-0802,Golden Tips Extra Special Orthodox Lot #151 '26,Assam (Sibsagar),Assam,100% High-Grade Assam Whole Leaf & Golden Buds (Camellia Sinensis var. Assamica),Dark Cocoa; Woody; Caramel,4.8,4.6,2.3,2.2,8.0,55,5,4,99,2.5g per 200ml (or 1:1 milk-water for Chai),Digestive Power; Immune Strength; High Sustained Energy; Metabolic Fire,Energetic; Uplifted; Motivated,Monsoon Special,332.0,4.54,300,"An exquisite handcrafted assam harvest from the famed terroirs of Assam (Sibsagar). Imbued with prominent sensory notes of Dark Cocoa, Woody, Caramel, this blend exhibits an aroma rating of 8.0/10. Specially curated for energetic, uplifted rituals, it offers potent digestive power, immune strength.",Kashmiri Girda Flatbread with Butter; Kolkata Style Kathi Rolls; Traditional Osmania Butter Biscuits,https://images.unsplash.com/photo-1544787219-7f47ccb76574?auto=format&fit=crop&w=800&q=80
TEA-IN-0803,Five-Spice Maharaja Special Chai Lot #544,Assam & Kerala Spice Hills,Masala Chai,"Assam CTC Black Tea, Green Cardamom Pods, Crushed Dry Ginger, Ceylon Cinnamon, Cloves, Black Pepper, Star Anise, Saffron",Clove (Laung); Creamy; Cardamom (Elaichi),3.6,6.0,2.5,9.9,9.1,57,22,6,97,2.5g per 200ml (or 1:1 milk-water for Chai),Digestive Comfort; Cold & Cough Relief; Instant Warming,Uplifted; Cozy,Winter Warmth,521.0,4.57,84,"An exquisite handcrafted masala chai harvest from the famed terroirs of Assam & Kerala Spice Hills. Imbued with prominent sensory notes of Clove (Laung), Creamy, Cardamom (Elaichi), this blend exhibits an aroma rating of 9.1/10. Specially curated for uplifted, cozy rituals, it offers potent digestive comfort, cold & cough relief.",Gulab Jamun with Rosewater Syrup; Spicy Bhakarwadi & Mathri; Kolkata Style Kathi Rolls,https://images.unsplash.com/photo-1544787219-7f47ccb76574?auto=format&fit=crop&w=800&q=80
TEA-IN-0804,Pink Salted Noon Chai (Sheer Chai) Lot #639 '26,Kashmir (Srinagar Valley),Kashmir Kahwa,"Kashmiri Green Tea Leaves, Pampore Pure Saffron Strands, Green Cardamom, Cinnamon, Crushed Almond Slivers, Dried Rose Petals",Cardamom; Sweet Almond; Floral Honey,1.7,6.3,8.3,7.6,9.8,17,3,3,84,2.5g per 200ml (or 1:1 milk-water for Chai),Digestive Fire; Skin Glow & Radiance; Immunity Boost,Refreshed; Meditative; Cozy; Calm,First Flush Spring,761.0,4.92,328,"An exquisite handcrafted kashmir kahwa harvest from the famed terroirs of Kashmir (Srinagar Valley). Imbued with prominent sensory notes of Cardamom, Sweet Almond, Floral Honey, this blend exhibits an aroma rating of 9.8/10. Specially curated for refreshed, meditative rituals, it offers potent digestive fire, skin glow & radiance.",Spicy Bhakarwadi & Mathri; Crisp Onion & Paneer Pakoras,https://images.unsplash.com/photo-1576092768241-dec231879fc3?auto=format&fit=crop&w=800&q=80
TEA-IN-0805,Tiger Hill Single Cultivar Nilgiri Lot #348 '26,Nilgiri (Ooty Highlands),Nilgiri,100% High-Elevation Nilgiri Camellia Sinensis,Bright Citrus; Crisp Fruit; Floral; Light Malt,2.3,6.3,7.0,1.5,8.7,43,4,4,91,2.5g per 200ml (or 1:1 milk-water for Chai),Weight Balance; Heart Health; Antioxidant Rich; Gentle Alertness,Calm; Refreshed,Autumnal Harvest,956.0,4.43,55,"An exquisite handcrafted nilgiri harvest from the famed terroirs of Nilgiri (Ooty Highlands). Imbued with prominent sensory notes of Bright Citrus, Crisp Fruit, Floral, this blend exhibits an aroma rating of 8.7/10. Specially curated for calm, refreshed rituals, it offers potent weight balance, heart health.",Spicy Bhakarwadi & Mathri; Kolkata Style Kathi Rolls; Crisp Onion & Paneer Pakoras,https://images.unsplash.com/photo-1597481499750-3e6b22637e12?auto=format&fit=crop&w=800&q=80
TEA-IN-0806,Triphala & Fennel Digestive Nectar,Uttarakhand Sacred Valleys,Ayurvedic Tisane,"Organic Tulsi (Holy Basil), Ashwagandha Root, Wild Himalayan Turmeric, Brahmi Leaves, Licorice (Mulethi), Fennel Seeds (Saunf), Lemongrass",Cooling; Tulsi Mint; Fennel Sweetness,1.8,4.3,4.5,5.9,8.6,0,5,6,95,2.5g per 200ml (or 1:1 milk-water for Chai),Joint & Anti-inflammatory; Gut Health & Detox; Immunity Fortification; Deep Restful Sleep,Soothing; Relaxed; Meditative,First Flush Spring,683.0,4.31,72,"An exquisite handcrafted ayurvedic tisane harvest from the famed terroirs of Uttarakhand Sacred Valleys. Imbued with prominent sensory notes of Cooling, Tulsi Mint, Fennel Sweetness, this blend exhibits an aroma rating of 8.6/10. Specially curated for soothing, relaxed rituals, it offers potent joint & anti-inflammatory, gut health & detox.",Poha with Roasted Peanuts; Crisp Hot Samosas with Mint & Tamarind Chutney,https://images.unsplash.com/photo-1597481499750-3e6b22637e12?auto=format&fit=crop&w=800&q=80
TEA-IN-0807,Dharamshala Mountain Dew Green '25,Himachal Pradesh (Palampur),Kangra Valley,100% Certified GI Tagged Kangra Valley Whole Leaf Tea,Mellow Green; Roasted Corn; Sweet Vegetal,3.1,5.6,6.0,1.4,8.9,33,5,4,80,2.5g per 200ml (or 1:1 milk-water for Chai),Digestive Ease; Peaceful Focus,Uplifted; Focused,Autumnal Harvest,943.0,4.31,89,"An exquisite handcrafted kangra valley harvest from the famed terroirs of Himachal Pradesh (Palampur). Imbued with prominent sensory notes of Mellow Green, Roasted Corn, Sweet Vegetal, this blend exhibits an aroma rating of 8.9/10. Specially curated for uplifted, focused rituals, it offers potent digestive ease, peaceful focus.",Poha with Roasted Peanuts; Crisp Hot Samosas with Mint & Tamarind Chutney; Irani Cafe Bun Maska & Chai,https://images.unsplash.com/photo-1563822249548-9a72b6353cd1?auto=format&fit=crop&w=800&q=80
TEA-IN-0808,Kanchenjunga Mist Golden Tips Lot #534,Sikkim (Ravangla Highlands),Sikkim Temi,100% Organic Single Estate Temi Leaves,Sweet Floral; Honeyed Wood; Peach; Muscatel; Gentle Spice,2.9,7.4,7.4,1.9,9.2,42,0,4,88,2.5g per 200ml (or 1:1 milk-water for Chai),Pure Organic Nutrition; Cardiovascular Support; Skin Vitality,Calm; Meditative; Serene; Focused,Second Flush Summer,846.0,4.34,214,"An exquisite handcrafted sikkim temi harvest from the famed terroirs of Sikkim (Ravangla Highlands). Imbued with prominent sensory notes of Sweet Floral, Honeyed Wood, Peach, this blend exhibits an aroma rating of 9.2/10. Specially curated for calm, meditative rituals, it offers potent pure organic nutrition, cardiovascular support.",Crisp Onion & Paneer Pakoras; Traditional Osmania Butter Biscuits; Warm Cardamom Nankhatai,https://images.unsplash.com/photo-1576092768241-dec231879fc3?auto=format&fit=crop&w=800&q=80
TEA-IN-0809,High Elevation Queen of Teas Lot #529,Darjeeling (Okayti),Darjeeling,100% Hand-Picked Camellia Sinensis Single Estate Darjeeling Leaves,Citrus Zest; Apricot; Floral; Pine Wood,3.7,5.8,9.2,0.9,8.4,37,5,3,90,2.5g per 200ml (or 1:1 milk-water for Chai),Cellular Protection; Gentle Vitality; Heart Wellness,Refreshed; Uplifted; Calm,Autumnal Harvest,1425.0,4.66,22,"An exquisite handcrafted darjeeling harvest from the famed terroirs of Darjeeling (Okayti). Imbued with prominent sensory notes of Citrus Zest, Apricot, Floral, this blend exhibits an aroma rating of 8.4/10. Specially curated for refreshed, uplifted rituals, it offers potent cellular protection, gentle vitality.",Poha with Roasted Peanuts; Crisp Hot Samosas with Mint & Tamarind Chutney,https://images.unsplash.com/photo-1546852199-2d8e8c4aa477?auto=format&fit=crop&w=800&q=80
TEA-IN-0810,Smoked Wild Bamboo Assam '25,Assam (Jorhat),Assam,100% High-Grade Assam Whole Leaf & Golden Buds (Camellia Sinensis var. Assamica),Caramel; Toasted Grain; Malty; Woody; Molasses,6.7,5.1,1.7,4.0,7.6,58,5,5,99,2.5g per 200ml (or 1:1 milk-water for Chai),Cardiovascular Support; Immune Strength,Energetic; Uplifted,Autumnal Harvest,717.0,4.8,24,"An exquisite handcrafted assam harvest from the famed terroirs of Assam (Jorhat). Imbued with prominent sensory notes of Caramel, Toasted Grain, Malty, this blend exhibits an aroma rating of 7.6/10. Specially curated for energetic, uplifted rituals, it offers potent cardiovascular support, immune strength.",Shrewsbury Butter Biscuits; Warm Cardamom Nankhatai,https://images.unsplash.com/photo-1544787219-7f47ccb76574?auto=format&fit=crop&w=800&q=80
TEA-IN-0811,Caramelized Jaggery (Gur) Spiced Chai '26,Mumbai Heritage,Masala Chai,"Assam CTC Black Tea, Green Cardamom Pods, Crushed Dry Ginger, Ceylon Cinnamon, Cloves, Black Pepper, Star Anise, Saffron",Spicy; Creamy; Peppery; Sweet Heat,5.3,6.6,3.1,8.6,9.9,54,24,6,97,2.5g per 200ml (or 1:1 milk-water for Chai),Immunity Shield; Cold & Cough Relief,Uplifted; Comforting,Second Flush Summer,270.0,4.39,376,"An exquisite handcrafted masala chai harvest from the famed terroirs of Mumbai Heritage. Imbued with prominent sensory notes of Spicy, Creamy, Peppery, this blend exhibits an aroma rating of 9.9/10. Specially curated for uplifted, comforting rituals, it offers potent immunity shield, cold & cough relief.",Shrewsbury Butter Biscuits; Crisp Onion & Paneer Pakoras; Kolkata Style Kathi Rolls,https://images.unsplash.com/photo-1544787219-7f47ccb76574?auto=format&fit=crop&w=800&q=80
TEA-IN-0812,Himalayan Crushed Walnut & Kahwa Blend,Kashmir (Pampore Saffron Fields),Kashmir Kahwa,"Kashmiri Green Tea Leaves, Pampore Pure Saffron Strands, Green Cardamom, Cinnamon, Crushed Almond Slivers, Dried Rose Petals",Delicate Green; Cinnamon; Cardamom; Sweet Almond; Floral Honey,2.1,6.9,7.2,7.7,9.1,21,2,5,85,2.5g per 200ml (or 1:1 milk-water for Chai),Stress Relief; Skin Glow & Radiance; Immunity Boost,Calm; Relaxed; Refreshed; Meditative,First Flush Spring,1061.0,4.43,255,"An exquisite handcrafted kashmir kahwa harvest from the famed terroirs of Kashmir (Pampore Saffron Fields). Imbued with prominent sensory notes of Delicate Green, Cinnamon, Cardamom, this blend exhibits an aroma rating of 9.1/10. Specially curated for calm, relaxed rituals, it offers potent stress relief, skin glow & radiance.",Dhokla with Green Chilies; Crisp Hot Samosas with Mint & Tamarind Chutney; Warm Cardamom Nankhatai,https://images.unsplash.com/photo-1563822249548-9a72b6353cd1?auto=format&fit=crop&w=800&q=80
TEA-IN-0813,Nilgiri Golden Needle Rare Estate Lot #490 '26,Nilgiri (Kotagiri),Nilgiri,100% High-Elevation Nilgiri Camellia Sinensis,Bright Citrus; Honey; Crisp Fruit; Sweet Melon,1.9,7.7,7.6,1.5,8.8,46,5,4,90,2.5g per 200ml (or 1:1 milk-water for Chai),Antioxidant Rich; Gentle Alertness,Calm; Refreshed; Focused; Uplifted,Second Flush Summer,693.0,4.77,372,"An exquisite handcrafted nilgiri harvest from the famed terroirs of Nilgiri (Kotagiri). Imbued with prominent sensory notes of Bright Citrus, Honey, Crisp Fruit, this blend exhibits an aroma rating of 8.8/10. Specially curated for calm, refreshed rituals, it offers potent antioxidant rich, gentle alertness.",Poha with Roasted Peanuts; Crisp Onion & Paneer Pakoras; Warm Cardamom Nankhatai,https://images.unsplash.com/photo-1546852199-2d8e8c4aa477?auto=format&fit=crop&w=800&q=80
TEA-IN-0814,"Sacred Tulsi Trio (Rama, Krishna, Vana)",Uttarakhand Sacred Valleys,Ayurvedic Tisane,"Organic Tulsi (Holy Basil), Ashwagandha Root, Wild Himalayan Turmeric, Brahmi Leaves, Licorice (Mulethi), Fennel Seeds (Saunf), Lemongrass",Warm Ginger; Cooling; Sweet Earthy; Tulsi Mint,2.6,5.7,4.8,3.8,8.3,0,1,5,100,2.5g per 200ml (or 1:1 milk-water for Chai),Cortisol / Stress Reduction; Gut Health & Detox; Immunity Fortification,Soothing; Relaxed; Meditative,Autumnal Harvest,554.0,4.31,338,"An exquisite handcrafted ayurvedic tisane harvest from the famed terroirs of Uttarakhand Sacred Valleys. Imbued with prominent sensory notes of Warm Ginger, Cooling, Sweet Earthy, this blend exhibits an aroma rating of 8.3/10. Specially curated for soothing, relaxed rituals, it offers potent cortisol / stress reduction, gut health & detox.",Poha with Roasted Peanuts; Shrewsbury Butter Biscuits,https://images.unsplash.com/photo-1597481499750-3e6b22637e12?auto=format&fit=crop&w=800&q=80
TEA-IN-0815,Himalayan Cedar Scented Kangra '25,Himachal Pradesh (Palampur),Kangra Valley,100% Certified GI Tagged Kangra Valley Whole Leaf Tea,Mellow Green; Floral; Pine Mist; Nutty,1.6,7.5,5.8,1.4,7.7,26,5,3,75,2.5g per 200ml (or 1:1 milk-water for Chai),Peaceful Focus; Digestive Ease; High Polyphenols; Antioxidant Shield,Calm; Meditative; Focused,Winter Warmth,1182.0,4.66,39,"An exquisite handcrafted kangra valley harvest from the famed terroirs of Himachal Pradesh (Palampur). Imbued with prominent sensory notes of Mellow Green, Floral, Pine Mist, this blend exhibits an aroma rating of 7.7/10. Specially curated for calm, meditative rituals, it offers potent peaceful focus, digestive ease.",Traditional Osmania Butter Biscuits; Warm Cardamom Nankhatai,https://images.unsplash.com/photo-1563822249548-9a72b6353cd1?auto=format&fit=crop&w=800&q=80
TEA-IN-0816,Sikkim Green Dragon Spring Leaf Lot #193 '26,Sikkim (Ravangla Highlands),Sikkim Temi,100% Organic Single Estate Temi Leaves,Muscatel; Sweet Floral; Caramel,1.8,6.4,8.0,1.5,8.4,30,5,3,89,2.5g per 200ml (or 1:1 milk-water for Chai),Pure Organic Nutrition; L-Theanine Serenity,Refreshed; Focused; Serene,Winter Warmth,527.0,4.79,169,"An exquisite handcrafted sikkim temi harvest from the famed terroirs of Sikkim (Ravangla Highlands). Imbued with prominent sensory notes of Muscatel, Sweet Floral, Caramel, this blend exhibits an aroma rating of 8.4/10. Specially curated for refreshed, focused rituals, it offers potent pure organic nutrition, l-theanine serenity.",Dhokla with Green Chilies; Gulab Jamun with Rosewater Syrup; Irani Cafe Bun Maska & Chai,https://images.unsplash.com/photo-1546852199-2d8e8c4aa477?auto=format&fit=crop&w=800&q=80
TEA-IN-0817,Moonlight Imperial Pluck '26,Darjeeling (Goomtee),Darjeeling,100% Hand-Picked Camellia Sinensis Single Estate Darjeeling Leaves,Citrus Zest; Honey; Apricot; Pine Wood; Green Apple,3.6,5.8,7.9,1.2,9.2,35,0,3,90,2.5g per 200ml (or 1:1 milk-water for Chai),Mental Clarity; High Antioxidants,Meditative; Focused,Winter Warmth,784.0,4.91,193,"An exquisite handcrafted darjeeling harvest from the famed terroirs of Darjeeling (Goomtee). Imbued with prominent sensory notes of Citrus Zest, Honey, Apricot, this blend exhibits an aroma rating of 9.2/10. Specially curated for meditative, focused rituals, it offers potent mental clarity, high antioxidants.",Poha with Roasted Peanuts; Gulab Jamun with Rosewater Syrup,https://images.unsplash.com/photo-1576092768241-dec231879fc3?auto=format&fit=crop&w=800&q=80
TEA-IN-0818,Dark Mahogany Malt Reserve Lot #622,Assam (Jorhat),Assam,100% High-Grade Assam Whole Leaf & Golden Buds (Camellia Sinensis var. Assamica),Honey; Bold Body; Molasses,5.5,5.4,1.3,1.7,8.3,58,4,4,96,2.5g per 200ml (or 1:1 milk-water for Chai),Digestive Power; Immune Strength,Motivated; Cozy,First Flush Spring,808.0,4.76,269,"An exquisite handcrafted assam harvest from the famed terroirs of Assam (Jorhat). Imbued with prominent sensory notes of Honey, Bold Body, Molasses, this blend exhibits an aroma rating of 8.3/10. Specially curated for motivated, cozy rituals, it offers potent digestive power, immune strength.",Crisp Hot Samosas with Mint & Tamarind Chutney; Kolkata Style Kathi Rolls; Crisp Onion & Paneer Pakoras,https://images.unsplash.com/photo-1544787219-7f47ccb76574?auto=format&fit=crop&w=800&q=80
TEA-IN-0819,Caramelized Jaggery (Gur) Spiced Chai,Kolkata Street Estate,Masala Chai,"Assam CTC Black Tea, Green Cardamom Pods, Crushed Dry Ginger, Ceylon Cinnamon, Cloves, Black Pepper, Star Anise, Saffron",Clove (Laung); Creamy; Peppery,4.9,7.3,2.1,8.0,9.3,49,15,4,95,2.5g per 200ml (or 1:1 milk-water for Chai),Cold & Cough Relief; Instant Warming,Refreshed; Uplifted; Comforting; Cozy,Second Flush Summer,526.0,4.61,223,"An exquisite handcrafted masala chai harvest from the famed terroirs of Kolkata Street Estate. Imbued with prominent sensory notes of Clove (Laung), Creamy, Peppery, this blend exhibits an aroma rating of 9.3/10. Specially curated for refreshed, uplifted rituals, it offers potent cold & cough relief, instant warming.",Dhokla with Green Chilies; Crisp Hot Samosas with Mint & Tamarind Chutney; Irani Cafe Bun Maska & Chai,https://images.unsplash.com/photo-1544787219-7f47ccb76574?auto=format&fit=crop&w=800&q=80
TEA-IN-0820,Rose Petal & Kashmiri Cardamom Kahwa Lot #379,Kashmir (Gulmarg Hills),Kashmir Kahwa,"Kashmiri Green Tea Leaves, Pampore Pure Saffron Strands, Green Cardamom, Cinnamon, Crushed Almond Slivers, Dried Rose Petals",Delicate Green; Cinnamon; Cardamom; Sweet Almond; Floral Honey,2.6,8.4,7.0,7.1,9.5,20,5,3,84,2.5g per 200ml (or 1:1 milk-water for Chai),Calming Warmth; Digestive Fire; Skin Glow & Radiance; Immunity Boost,Refreshed; Relaxed; Meditative; Cozy,First Flush Spring,841.0,4.56,71,"An exquisite handcrafted kashmir kahwa harvest from the famed terroirs of Kashmir (Gulmarg Hills). Imbued with prominent sensory notes of Delicate Green, Cinnamon, Cardamom, this blend exhibits an aroma rating of 9.5/10. Specially curated for refreshed, relaxed rituals, it offers potent calming warmth, digestive fire.",Crisp Onion & Paneer Pakoras; Kolkata Style Kathi Rolls,https://images.unsplash.com/photo-1563822249548-9a72b6353cd1?auto=format&fit=crop&w=800&q=80
TEA-IN-0821,Nilgiri Golden Needle Rare Estate,Nilgiri (Coonoor),Nilgiri,100% High-Elevation Nilgiri Camellia Sinensis,Bright Citrus; Honey; Floral; Light Malt,2.6,6.4,8.4,0.8,9.2,49,5,3,95,2.5g per 200ml (or 1:1 milk-water for Chai),Weight Balance; Antioxidant Rich; Daily Refreshment,Refreshed; Creative; Uplifted; Focused,Winter Warmth,1127.0,4.74,239,"An exquisite handcrafted nilgiri harvest from the famed terroirs of Nilgiri (Coonoor). Imbued with prominent sensory notes of Bright Citrus, Honey, Floral, this blend exhibits an aroma rating of 9.2/10. Specially curated for refreshed, creative rituals, it offers potent weight balance, antioxidant rich.",Shrewsbury Butter Biscuits; Gulab Jamun with Rosewater Syrup,https://images.unsplash.com/photo-1546852199-2d8e8c4aa477?auto=format&fit=crop&w=800&q=80
TEA-IN-0822,Turmeric Ginger Curcumin Immunity Guard,Kerala (Western Ghats),Ayurvedic Tisane,"Organic Tulsi (Holy Basil), Ashwagandha Root, Wild Himalayan Turmeric, Brahmi Leaves, Licorice (Mulethi), Fennel Seeds (Saunf), Lemongrass",Woody; Herbal; Fennel Sweetness; Botanical,0.7,6.8,4.4,2.2,8.4,0,0,6,96,2.5g per 200ml (or 1:1 milk-water for Chai),Cortisol / Stress Reduction; Gut Health & Detox; Immunity Fortification; Joint & Anti-inflammatory,Soothing; Relaxed; Cozy,Winter Warmth,471.0,4.74,205,"An exquisite handcrafted ayurvedic tisane harvest from the famed terroirs of Kerala (Western Ghats). Imbued with prominent sensory notes of Woody, Herbal, Fennel Sweetness, this blend exhibits an aroma rating of 8.4/10. Specially curated for soothing, relaxed rituals, it offers potent cortisol / stress reduction, gut health & detox.",Dhokla with Green Chilies; Kolkata Style Kathi Rolls,https://images.unsplash.com/photo-1544787219-7f47ccb76574?auto=format&fit=crop&w=800&q=80
TEA-IN-0823,Dharamshala Mountain Dew Green Lot #246 '25,Himachal Pradesh (Dharamshala),Kangra Valley,100% Certified GI Tagged Kangra Valley Whole Leaf Tea,Mellow Green; Floral; Roasted Corn,1.8,7.6,7.1,1.2,8.0,29,3,4,85,2.5g per 200ml (or 1:1 milk-water for Chai),Digestive Ease; Peaceful Focus,Refreshed; Uplifted; Focused; Calm,First Flush Spring,1199.0,4.55,273,"An exquisite handcrafted kangra valley harvest from the famed terroirs of Himachal Pradesh (Dharamshala). Imbued with prominent sensory notes of Mellow Green, Floral, Roasted Corn, this blend exhibits an aroma rating of 8.0/10. Specially curated for refreshed, uplifted rituals, it offers potent digestive ease, peaceful focus.",Shrewsbury Butter Biscuits; Gulab Jamun with Rosewater Syrup; Spicy Bhakarwadi & Mathri,https://images.unsplash.com/photo-1576092768241-dec231879fc3?auto=format&fit=crop&w=800&q=80
TEA-IN-0824,High Altitude Cloud Pluck Temi Red '26,"Sikkim (Temi Tea Estate, South Sikkim)",Sikkim Temi,100% Organic Single Estate Temi Leaves,Sweet Floral; Muscatel; Honeyed Wood; Gentle Spice,2.5,6.7,9.0,1.3,8.2,43,5,4,90,2.5g per 200ml (or 1:1 milk-water for Chai),L-Theanine Serenity; Cardiovascular Support; Skin Vitality,Calm; Focused,Autumnal Harvest,949.0,4.37,172,"An exquisite handcrafted sikkim temi harvest from the famed terroirs of Sikkim (Temi Tea Estate, South Sikkim). Imbued with prominent sensory notes of Sweet Floral, Muscatel, Honeyed Wood, this blend exhibits an aroma rating of 8.2/10. Specially curated for calm, focused rituals, it offers potent l-theanine serenity, cardiovascular support.",Poha with Roasted Peanuts; Kashmiri Girda Flatbread with Butter; Kolkata Style Kathi Rolls,https://images.unsplash.com/photo-1546852199-2d8e8c4aa477?auto=format&fit=crop&w=800&q=80
TEA-IN-0825,Margaret's Hope Golden Tips,Darjeeling (Goomtee),Darjeeling,100% Hand-Picked Camellia Sinensis Single Estate Darjeeling Leaves,Honey; Apricot; Green Apple,2.8,5.5,8.2,1.3,8.8,52,3,4,87,2.5g per 200ml (or 1:1 milk-water for Chai),Mental Clarity; Cellular Protection; Gentle Vitality,Calm; Meditative; Focused; Uplifted,Second Flush Summer,1551.0,4.63,328,"An exquisite handcrafted darjeeling harvest from the famed terroirs of Darjeeling (Goomtee). Imbued with prominent sensory notes of Honey, Apricot, Green Apple, this blend exhibits an aroma rating of 8.8/10. Specially curated for calm, meditative rituals, it offers potent mental clarity, cellular protection.",Kashmiri Girda Flatbread with Butter; Crisp Hot Samosas with Mint & Tamarind Chutney,https://images.unsplash.com/photo-1546852199-2d8e8c4aa477?auto=format&fit=crop&w=800&q=80
TEA-IN-0826,Brahmaputra Valley Bold Red Lot #807 '25,Assam (Golaghat),Assam,100% High-Grade Assam Whole Leaf & Golden Buds (Camellia Sinensis var. Assamica),Molasses; Caramel; Toasted Grain,6.0,3.6,3.9,3.8,8.8,83,0,4,98,2.5g per 200ml (or 1:1 milk-water for Chai),High Sustained Energy; Immune Strength,Energetic; Uplifted,Winter Warmth,384.0,4.67,107,"An exquisite handcrafted assam harvest from the famed terroirs of Assam (Golaghat). Imbued with prominent sensory notes of Molasses, Caramel, Toasted Grain, this blend exhibits an aroma rating of 8.8/10. Specially curated for energetic, uplifted rituals, it offers potent high sustained energy, immune strength.",Poha with Roasted Peanuts; Kashmiri Girda Flatbread with Butter; Irani Cafe Bun Maska & Chai,https://images.unsplash.com/photo-1544787219-7f47ccb76574?auto=format&fit=crop&w=800&q=80
TEA-IN-0827,Star Anise & Nutmeg Winter Chai,Mumbai Heritage,Masala Chai,"Assam CTC Black Tea, Green Cardamom Pods, Crushed Dry Ginger, Ceylon Cinnamon, Cloves, Black Pepper, Star Anise, Saffron",Clove (Laung); Creamy; Sweet Heat; Peppery,3.6,4.4,1.3,9.2,9.8,68,56,4,98,2.5g per 200ml (or 1:1 milk-water for Chai),Digestive Comfort; Cold & Cough Relief; Anti-inflammatory; Instant Warming,Refreshed; Uplifted; Comforting; Cozy,Monsoon Special,310.0,4.67,229,"An exquisite handcrafted masala chai harvest from the famed terroirs of Mumbai Heritage. Imbued with prominent sensory notes of Clove (Laung), Creamy, Sweet Heat, this blend exhibits an aroma rating of 9.8/10. Specially curated for refreshed, uplifted rituals, it offers potent digestive comfort, cold & cough relief.",Gulab Jamun with Rosewater Syrup; Kolkata Style Kathi Rolls,https://images.unsplash.com/photo-1571934811356-5cc061b6821f?auto=format&fit=crop&w=800&q=80
TEA-IN-0828,Pink Salted Noon Chai (Sheer Chai) Lot #198,Kashmir (Pampore Saffron Fields),Kashmir Kahwa,"Kashmiri Green Tea Leaves, Pampore Pure Saffron Strands, Green Cardamom, Cinnamon, Crushed Almond Slivers, Dried Rose Petals",Cardamom; Sweet Almond; Delicate Green; Saffron (Kesar),2.1,6.3,9.3,7.9,9.4,22,5,5,85,2.5g per 200ml (or 1:1 milk-water for Chai),Stress Relief; Skin Glow & Radiance,Refreshed; Meditative; Cozy; Calm,Monsoon Special,1085.0,4.51,230,"An exquisite handcrafted kashmir kahwa harvest from the famed terroirs of Kashmir (Pampore Saffron Fields). Imbued with prominent sensory notes of Cardamom, Sweet Almond, Delicate Green, this blend exhibits an aroma rating of 9.4/10. Specially curated for refreshed, meditative rituals, it offers potent stress relief, skin glow & radiance.",Kashmiri Girda Flatbread with Butter; Spicy Bhakarwadi & Mathri,https://images.unsplash.com/photo-1576092768241-dec231879fc3?auto=format&fit=crop&w=800&q=80
TEA-IN-0829,Tiger Hill Single Cultivar Nilgiri '24,Nilgiri (Blue Mountains),Nilgiri,100% High-Elevation Nilgiri Camellia Sinensis,Bright Citrus; Honey; Plum,2.3,7.7,7.8,1.7,8.9,42,1,3,86,2.5g per 200ml (or 1:1 milk-water for Chai),Heart Health; Gentle Alertness,Refreshed; Creative; Focused,Monsoon Special,1232.0,4.46,260,"An exquisite handcrafted nilgiri harvest from the famed terroirs of Nilgiri (Blue Mountains). Imbued with prominent sensory notes of Bright Citrus, Honey, Plum, this blend exhibits an aroma rating of 8.9/10. Specially curated for refreshed, creative rituals, it offers potent heart health, gentle alertness.",Kashmiri Girda Flatbread with Butter; Spicy Bhakarwadi & Mathri; Traditional Osmania Butter Biscuits,https://images.unsplash.com/photo-1546852199-2d8e8c4aa477?auto=format&fit=crop&w=800&q=80
TEA-IN-0830,Moringa & Lemongrass Detox Flush Lot #147,Kerala (Western Ghats),Ayurvedic Tisane,"Organic Tulsi (Holy Basil), Ashwagandha Root, Wild Himalayan Turmeric, Brahmi Leaves, Licorice (Mulethi), Fennel Seeds (Saunf), Lemongrass",Warm Ginger; Cooling; Botanical,2.0,4.2,5.9,2.7,8.2,0,4,6,99,2.5g per 200ml (or 1:1 milk-water for Chai),Cortisol / Stress Reduction; Joint & Anti-inflammatory,Soothing; Meditative,First Flush Spring,394.0,4.52,195,"An exquisite handcrafted ayurvedic tisane harvest from the famed terroirs of Kerala (Western Ghats). Imbued with prominent sensory notes of Warm Ginger, Cooling, Botanical, this blend exhibits an aroma rating of 8.2/10. Specially curated for soothing, meditative rituals, it offers potent cortisol / stress reduction, joint & anti-inflammatory.",Dhokla with Green Chilies; Poha with Roasted Peanuts,https://images.unsplash.com/photo-1597481499750-3e6b22637e12?auto=format&fit=crop&w=800&q=80
TEA-IN-0831,Himalayan Cedar Scented Kangra '26,Himachal Pradesh (Dharamshala),Kangra Valley,100% Certified GI Tagged Kangra Valley Whole Leaf Tea,Roasted Corn; Sweet Vegetal; Nutty,1.5,6.9,8.1,1.4,8.7,43,2,3,81,2.5g per 200ml (or 1:1 milk-water for Chai),High Polyphenols; Metabolic Balance; Antioxidant Shield,Calm; Refreshed; Meditative; Uplifted,All Season,1056.0,4.47,139,"An exquisite handcrafted kangra valley harvest from the famed terroirs of Himachal Pradesh (Dharamshala). Imbued with prominent sensory notes of Roasted Corn, Sweet Vegetal, Nutty, this blend exhibits an aroma rating of 8.7/10. Specially curated for calm, refreshed rituals, it offers potent high polyphenols, metabolic balance.",Kolkata Style Kathi Rolls; Traditional Osmania Butter Biscuits; Warm Cardamom Nankhatai,https://images.unsplash.com/photo-1576092768241-dec231879fc3?auto=format&fit=crop&w=800&q=80
TEA-IN-0832,Sikkim Royal Orthodox Muscatel,Sikkim (Ravangla Highlands),Sikkim Temi,100% Organic Single Estate Temi Leaves,Honeyed Wood; Peach; Caramel; Muscatel; Gentle Spice,2.0,8.2,8.5,2.2,8.8,44,4,3,90,2.5g per 200ml (or 1:1 milk-water for Chai),L-Theanine Serenity; Skin Vitality,Focused; Serene,All Season,1382.0,4.43,353,"An exquisite handcrafted sikkim temi harvest from the famed terroirs of Sikkim (Ravangla Highlands). Imbued with prominent sensory notes of Honeyed Wood, Peach, Caramel, this blend exhibits an aroma rating of 8.8/10. Specially curated for focused, serene rituals, it offers potent l-theanine serenity, skin vitality.",Gulab Jamun with Rosewater Syrup; Kashmiri Girda Flatbread with Butter,https://images.unsplash.com/photo-1546852199-2d8e8c4aa477?auto=format&fit=crop&w=800&q=80
TEA-IN-0833,Misty Mountain Bio-Dynamic First Flush Lot #169 '24,Darjeeling (Jungpana),Darjeeling,100% Hand-Picked Camellia Sinensis Single Estate Darjeeling Leaves,Honeysuckle; Floral; Green Apple,3.9,6.9,9.8,1.2,9.0,33,3,3,84,2.5g per 200ml (or 1:1 milk-water for Chai),Mental Clarity; Cellular Protection; Gentle Vitality; Heart Wellness,Uplifted; Focused,First Flush Spring,892.0,4.46,180,"An exquisite handcrafted darjeeling harvest from the famed terroirs of Darjeeling (Jungpana). Imbued with prominent sensory notes of Honeysuckle, Floral, Green Apple, this blend exhibits an aroma rating of 9.0/10. Specially curated for uplifted, focused rituals, it offers potent mental clarity, cellular protection.",Poha with Roasted Peanuts; Spicy Bhakarwadi & Mathri,https://images.unsplash.com/photo-1594631252845-29fc4cc8cde9?auto=format&fit=crop&w=800&q=80
TEA-IN-0834,Golden Tips Extra Special Orthodox Lot #203 '25,Assam (Upper Brahmaputra Valley),Assam,100% High-Grade Assam Whole Leaf & Golden Buds (Camellia Sinensis var. Assamica),Caramel; Woody; Malty; Dark Cocoa; Molasses,5.0,3.6,3.3,3.2,9.1,55,5,4,96,2.5g per 200ml (or 1:1 milk-water for Chai),Digestive Power; Cardiovascular Support; Immune Strength,Energetic; Motivated,Second Flush Summer,306.0,4.85,165,"An exquisite handcrafted assam harvest from the famed terroirs of Assam (Upper Brahmaputra Valley). Imbued with prominent sensory notes of Caramel, Woody, Malty, this blend exhibits an aroma rating of 9.1/10. Specially curated for energetic, motivated rituals, it offers potent digestive power, cardiovascular support.",Spicy Bhakarwadi & Mathri; Crisp Onion & Paneer Pakoras,https://images.unsplash.com/photo-1544787219-7f47ccb76574?auto=format&fit=crop&w=800&q=80
TEA-IN-0835,Rose Petal & Green Cardamom Sweet Chai '26,Rajasthan Royal Palace,Masala Chai,"Assam CTC Black Tea, Green Cardamom Pods, Crushed Dry Ginger, Ceylon Cinnamon, Cloves, Black Pepper, Star Anise, Saffron",Cardamom (Elaichi); Cinnamon (Dalchini); Sweet Heat; Clove (Laung); Spicy,5.1,8.0,2.4,8.3,9.8,44,35,4,100,2.5g per 200ml (or 1:1 milk-water for Chai),Cold & Cough Relief; Digestive Comfort; Immunity Shield; Instant Warming,Refreshed; Energetic; Uplifted,First Flush Spring,268.0,4.95,143,"An exquisite handcrafted masala chai harvest from the famed terroirs of Rajasthan Royal Palace. Imbued with prominent sensory notes of Cardamom (Elaichi), Cinnamon (Dalchini), Sweet Heat, this blend exhibits an aroma rating of 9.8/10. Specially curated for refreshed, energetic rituals, it offers potent cold & cough relief, digestive comfort.",Dhokla with Green Chilies; Poha with Roasted Peanuts; Irani Cafe Bun Maska & Chai,https://images.unsplash.com/photo-1571934811356-5cc061b6821f?auto=format&fit=crop&w=800&q=80
TEA-IN-0836,Pink Salted Noon Chai (Sheer Chai),Kashmir (Gulmarg Hills),Kashmir Kahwa,"Kashmiri Green Tea Leaves, Pampore Pure Saffron Strands, Green Cardamom, Cinnamon, Crushed Almond Slivers, Dried Rose Petals",Delicate Green; Cardamom; Nutty; Saffron (Kesar),2.9,7.3,6.6,5.5,9.3,18,3,3,84,2.5g per 200ml (or 1:1 milk-water for Chai),Calming Warmth; Digestive Fire; Stress Relief; Skin Glow & Radiance,Relaxed; Meditative; Cozy,Winter Warmth,1542.0,4.48,117,"An exquisite handcrafted kashmir kahwa harvest from the famed terroirs of Kashmir (Gulmarg Hills). Imbued with prominent sensory notes of Delicate Green, Cardamom, Nutty, this blend exhibits an aroma rating of 9.3/10. Specially curated for relaxed, meditative rituals, it offers potent calming warmth, digestive fire.",Poha with Roasted Peanuts; Spicy Bhakarwadi & Mathri; Irani Cafe Bun Maska & Chai,https://images.unsplash.com/photo-1576092768241-dec231879fc3?auto=format&fit=crop&w=800&q=80
TEA-IN-0837,Emerald Dew Nilgiri Green Lot #364,Nilgiri (Coonoor),Nilgiri,100% High-Elevation Nilgiri Camellia Sinensis,Crisp Fruit; Floral; Sweet Melon; Light Malt,1.9,8.3,8.2,1.3,9.4,40,0,4,90,2.5g per 200ml (or 1:1 milk-water for Chai),Weight Balance; Daily Refreshment; Gentle Alertness,Calm; Refreshed; Focused,Winter Warmth,1298.0,4.41,408,"An exquisite handcrafted nilgiri harvest from the famed terroirs of Nilgiri (Coonoor). Imbued with prominent sensory notes of Crisp Fruit, Floral, Sweet Melon, this blend exhibits an aroma rating of 9.4/10. Specially curated for calm, refreshed rituals, it offers potent weight balance, daily refreshment.",Crisp Hot Samosas with Mint & Tamarind Chutney; Crisp Onion & Paneer Pakoras; Traditional Osmania Butter Biscuits,https://images.unsplash.com/photo-1546852199-2d8e8c4aa477?auto=format&fit=crop&w=800&q=80
TEA-IN-0838,Moringa & Lemongrass Detox Flush Lot #987,Uttarakhand Sacred Valleys,Ayurvedic Tisane,"Organic Tulsi (Holy Basil), Ashwagandha Root, Wild Himalayan Turmeric, Brahmi Leaves, Licorice (Mulethi), Fennel Seeds (Saunf), Lemongrass",Warm Ginger; Herbal; Tulsi Mint; Botanical,1.9,7.2,6.4,5.8,8.1,0,4,5,98,2.5g per 200ml (or 1:1 milk-water for Chai),Joint & Anti-inflammatory; Deep Restful Sleep,Soothing; Relaxed,Autumnal Harvest,437.0,4.49,165,"An exquisite handcrafted ayurvedic tisane harvest from the famed terroirs of Uttarakhand Sacred Valleys. Imbued with prominent sensory notes of Warm Ginger, Herbal, Tulsi Mint, this blend exhibits an aroma rating of 8.1/10. Specially curated for soothing, relaxed rituals, it offers potent joint & anti-inflammatory, deep restful sleep.",Poha with Roasted Peanuts; Shrewsbury Butter Biscuits; Irani Cafe Bun Maska & Chai,https://images.unsplash.com/photo-1544787219-7f47ccb76574?auto=format&fit=crop&w=800&q=80
TEA-IN-0839,Wild Herb Infused Kangra Tea Lot #545,Himachal Pradesh (Dharamshala),Kangra Valley,100% Certified GI Tagged Kangra Valley Whole Leaf Tea,Floral; Sweet Vegetal; Pine Mist; Nutty; Mellow Green,2.5,7.0,5.9,0.5,8.4,34,5,2,81,2.5g per 200ml (or 1:1 milk-water for Chai),High Polyphenols; Antioxidant Shield,Refreshed; Uplifted,Autumnal Harvest,1105.0,4.58,392,"An exquisite handcrafted kangra valley harvest from the famed terroirs of Himachal Pradesh (Dharamshala). Imbued with prominent sensory notes of Floral, Sweet Vegetal, Pine Mist, this blend exhibits an aroma rating of 8.4/10. Specially curated for refreshed, uplifted rituals, it offers potent high polyphenols, antioxidant shield.",Crisp Onion & Paneer Pakoras; Kolkata Style Kathi Rolls; Spicy Bhakarwadi & Mathri,https://images.unsplash.com/photo-1563822249548-9a72b6353cd1?auto=format&fit=crop&w=800&q=80
TEA-IN-0840,Temi Estate 100% Organic First Flush '25,Sikkim (Ravangla Highlands),Sikkim Temi,100% Organic Single Estate Temi Leaves,Muscatel; Honeyed Wood; Peach; Caramel,3.4,7.7,7.5,2.3,8.4,47,5,3,86,2.5g per 200ml (or 1:1 milk-water for Chai),Cardiovascular Support; Pure Organic Nutrition; L-Theanine Serenity; Skin Vitality,Refreshed; Serene; Calm,First Flush Spring,1031.0,4.51,89,"An exquisite handcrafted sikkim temi harvest from the famed terroirs of Sikkim (Ravangla Highlands). Imbued with prominent sensory notes of Muscatel, Honeyed Wood, Peach, this blend exhibits an aroma rating of 8.4/10. Specially curated for refreshed, serene rituals, it offers potent cardiovascular support, pure organic nutrition.",Dhokla with Green Chilies; Kashmiri Girda Flatbread with Butter; Spicy Bhakarwadi & Mathri,https://images.unsplash.com/photo-1576092768241-dec231879fc3?auto=format&fit=crop&w=800&q=80
TEA-IN-0841,Silver Needle White Darjeeling Lot #174,Darjeeling (Singbulli),Darjeeling,100% Hand-Picked Camellia Sinensis Single Estate Darjeeling Leaves,Honey; Honeysuckle; Apricot; Pine Wood; Green Apple,3.3,7.4,9.7,1.7,8.2,53,1,4,80,2.5g per 200ml (or 1:1 milk-water for Chai),High Antioxidants; Cellular Protection; Gentle Vitality; Heart Wellness,Refreshed; Uplifted; Meditative; Focused,Winter Warmth,2156.0,4.76,120,"An exquisite handcrafted darjeeling harvest from the famed terroirs of Darjeeling (Singbulli). Imbued with prominent sensory notes of Honey, Honeysuckle, Apricot, this blend exhibits an aroma rating of 8.2/10. Specially curated for refreshed, uplifted rituals, it offers potent high antioxidants, cellular protection.",Kashmiri Girda Flatbread with Butter; Spicy Bhakarwadi & Mathri,https://images.unsplash.com/photo-1594631252845-29fc4cc8cde9?auto=format&fit=crop&w=800&q=80
TEA-IN-0842,Assam Tippy Golden Flowery Orange Pekoe '24,Assam (Dibrugarh),Assam,100% High-Grade Assam Whole Leaf & Golden Buds (Camellia Sinensis var. Assamica),Dark Cocoa; Bold Body; Woody; Honey,4.1,3.3,3.3,2.8,8.4,71,0,4,95,2.5g per 200ml (or 1:1 milk-water for Chai),Metabolic Fire; Digestive Power; Immune Strength,Focused; Motivated,First Flush Spring,972.0,4.45,175,"An exquisite handcrafted assam harvest from the famed terroirs of Assam (Dibrugarh). Imbued with prominent sensory notes of Dark Cocoa, Bold Body, Woody, this blend exhibits an aroma rating of 8.4/10. Specially curated for focused, motivated rituals, it offers potent metabolic fire, digestive power.",Spicy Bhakarwadi & Mathri; Crisp Hot Samosas with Mint & Tamarind Chutney; Irani Cafe Bun Maska & Chai,https://images.unsplash.com/photo-1514733670139-4d87a1941d55?auto=format&fit=crop&w=800&q=80
TEA-IN-0843,Rose Petal & Green Cardamom Sweet Chai Lot #365,Mumbai Heritage,Masala Chai,"Assam CTC Black Tea, Green Cardamom Pods, Crushed Dry Ginger, Ceylon Cinnamon, Cloves, Black Pepper, Star Anise, Saffron",Cinnamon (Dalchini); Sweet Heat; Spicy; Peppery,5.3,5.7,3.2,8.1,9.1,42,24,4,96,2.5g per 200ml (or 1:1 milk-water for Chai),Cold & Cough Relief; Immunity Shield; Instant Warming,Energetic; Uplifted,Autumnal Harvest,344.0,4.58,89,"An exquisite handcrafted masala chai harvest from the famed terroirs of Mumbai Heritage. Imbued with prominent sensory notes of Cinnamon (Dalchini), Sweet Heat, Spicy, this blend exhibits an aroma rating of 9.1/10. Specially curated for energetic, uplifted rituals, it offers potent cold & cough relief, immunity shield.",Poha with Roasted Peanuts; Gulab Jamun with Rosewater Syrup; Crisp Onion & Paneer Pakoras,https://images.unsplash.com/photo-1571934811356-5cc061b6821f?auto=format&fit=crop&w=800&q=80
TEA-IN-0844,Rose Petal & Kashmiri Cardamom Kahwa Lot #421 '26,Kashmir (Pampore Saffron Fields),Kashmir Kahwa,"Kashmiri Green Tea Leaves, Pampore Pure Saffron Strands, Green Cardamom, Cinnamon, Crushed Almond Slivers, Dried Rose Petals",Cardamom; Cinnamon; Delicate Green; Floral Honey,2.2,8.7,9.2,6.8,9.8,18,3,4,84,2.5g per 200ml (or 1:1 milk-water for Chai),Calming Warmth; Stress Relief; Digestive Fire; Immunity Boost,Refreshed; Calm,Autumnal Harvest,1151.0,4.68,164,"An exquisite handcrafted kashmir kahwa harvest from the famed terroirs of Kashmir (Pampore Saffron Fields). Imbued with prominent sensory notes of Cardamom, Cinnamon, Delicate Green, this blend exhibits an aroma rating of 9.8/10. Specially curated for refreshed, calm rituals, it offers potent calming warmth, stress relief.",Gulab Jamun with Rosewater Syrup; Crisp Hot Samosas with Mint & Tamarind Chutney; Traditional Osmania Butter Biscuits,https://images.unsplash.com/photo-1576092768241-dec231879fc3?auto=format&fit=crop&w=800&q=80
TEA-IN-0845,Emerald Dew Nilgiri Green '25,Nilgiri (Coonoor),Nilgiri,100% High-Elevation Nilgiri Camellia Sinensis,Bright Citrus; Light Malt; Plum,2.2,6.2,7.8,1.2,8.4,36,3,3,95,2.5g per 200ml (or 1:1 milk-water for Chai),Antioxidant Rich; Gentle Alertness,Calm; Creative; Refreshed; Focused,First Flush Spring,1169.0,4.79,195,"An exquisite handcrafted nilgiri harvest from the famed terroirs of Nilgiri (Coonoor). Imbued with prominent sensory notes of Bright Citrus, Light Malt, Plum, this blend exhibits an aroma rating of 8.4/10. Specially curated for calm, creative rituals, it offers potent antioxidant rich, gentle alertness.",Shrewsbury Butter Biscuits; Crisp Onion & Paneer Pakoras; Irani Cafe Bun Maska & Chai,https://images.unsplash.com/photo-1597481499750-3e6b22637e12?auto=format&fit=crop&w=800&q=80
TEA-IN-0846,Triphala & Fennel Digestive Nectar,Uttarakhand Sacred Valleys,Ayurvedic Tisane,"Organic Tulsi (Holy Basil), Ashwagandha Root, Wild Himalayan Turmeric, Brahmi Leaves, Licorice (Mulethi), Fennel Seeds (Saunf), Lemongrass",Warm Ginger; Herbal; Woody,1.0,4.8,6.7,5.8,8.4,0,5,7,95,2.5g per 200ml (or 1:1 milk-water for Chai),Cortisol / Stress Reduction; Gut Health & Detox; Immunity Fortification; Joint & Anti-inflammatory,Calm; Soothing; Cozy,All Season,797.0,4.64,322,"An exquisite handcrafted ayurvedic tisane harvest from the famed terroirs of Uttarakhand Sacred Valleys. Imbued with prominent sensory notes of Warm Ginger, Herbal, Woody, this blend exhibits an aroma rating of 8.4/10. Specially curated for calm, soothing rituals, it offers potent cortisol / stress reduction, gut health & detox.",Dhokla with Green Chilies; Kolkata Style Kathi Rolls,https://images.unsplash.com/photo-1544787219-7f47ccb76574?auto=format&fit=crop&w=800&q=80
TEA-IN-0847,Dharamshala Mountain Dew Green,Himachal Pradesh (Kangra Valley),Kangra Valley,100% Certified GI Tagged Kangra Valley Whole Leaf Tea,Mellow Green; Floral; Pine Mist; Nutty,3.2,6.8,7.6,1.2,8.9,33,0,3,79,2.5g per 200ml (or 1:1 milk-water for Chai),Antioxidant Shield; High Polyphenols; Metabolic Balance; Peaceful Focus,Calm; Uplifted; Meditative,Monsoon Special,1029.0,4.78,208,"An exquisite handcrafted kangra valley harvest from the famed terroirs of Himachal Pradesh (Kangra Valley). Imbued with prominent sensory notes of Mellow Green, Floral, Pine Mist, this blend exhibits an aroma rating of 8.9/10. Specially curated for calm, uplifted rituals, it offers potent antioxidant shield, high polyphenols.",Dhokla with Green Chilies; Shrewsbury Butter Biscuits; Irani Cafe Bun Maska & Chai,https://images.unsplash.com/photo-1563822249548-9a72b6353cd1?auto=format&fit=crop&w=800&q=80
TEA-IN-0848,Sikkim Royal Orthodox Muscatel '24,Sikkim (Ravangla Highlands),Sikkim Temi,100% Organic Single Estate Temi Leaves,Sweet Floral; Muscatel; Honeyed Wood; Gentle Spice,2.1,6.4,7.1,1.5,9.1,41,1,4,88,2.5g per 200ml (or 1:1 milk-water for Chai),Pure Organic Nutrition; L-Theanine Serenity; Cardiovascular Support; Skin Vitality,Calm; Refreshed,First Flush Spring,1501.0,4.66,212,"An exquisite handcrafted sikkim temi harvest from the famed terroirs of Sikkim (Ravangla Highlands). Imbued with prominent sensory notes of Sweet Floral, Muscatel, Honeyed Wood, this blend exhibits an aroma rating of 9.1/10. Specially curated for calm, refreshed rituals, it offers potent pure organic nutrition, l-theanine serenity.",Crisp Onion & Paneer Pakoras; Kolkata Style Kathi Rolls,https://images.unsplash.com/photo-1546852199-2d8e8c4aa477?auto=format&fit=crop&w=800&q=80
TEA-IN-0849,Moonlight Imperial Pluck '24,Darjeeling (Jungpana),Darjeeling,100% Hand-Picked Camellia Sinensis Single Estate Darjeeling Leaves,Muscatel; Floral; Green Apple,2.9,8.4,7.8,1.6,9.0,34,3,4,84,2.5g per 200ml (or 1:1 milk-water for Chai),Mental Clarity; High Antioxidants; Cellular Protection; Gentle Vitality,Refreshed; Focused; Meditative; Uplifted,Winter Warmth,2244.0,4.76,406,"An exquisite handcrafted darjeeling harvest from the famed terroirs of Darjeeling (Jungpana). Imbued with prominent sensory notes of Muscatel, Floral, Green Apple, this blend exhibits an aroma rating of 9.0/10. Specially curated for refreshed, focused rituals, it offers potent mental clarity, high antioxidants.",Crisp Onion & Paneer Pakoras; Kolkata Style Kathi Rolls,https://images.unsplash.com/photo-1594631252845-29fc4cc8cde9?auto=format&fit=crop&w=800&q=80
TEA-IN-0850,Robust Morning Chai Blend Lot #986,Assam (Dibrugarh),Assam,100% High-Grade Assam Whole Leaf & Golden Buds (Camellia Sinensis var. Assamica),Honey; Bold Body; Caramel; Woody; Dark Cocoa,5.1,3.7,3.9,4.3,7.2,73,0,4,97,2.5g per 200ml (or 1:1 milk-water for Chai),Metabolic Fire; Cardiovascular Support; High Sustained Energy; Immune Strength,Energetic; Focused; Cozy; Uplifted,Winter Warmth,770.0,4.78,366,"An exquisite handcrafted assam harvest from the famed terroirs of Assam (Dibrugarh). Imbued with prominent sensory notes of Honey, Bold Body, Caramel, this blend exhibits an aroma rating of 7.2/10. Specially curated for energetic, focused rituals, it offers potent metabolic fire, cardiovascular support.",Dhokla with Green Chilies; Kashmiri Girda Flatbread with Butter; Crisp Hot Samosas with Mint & Tamarind Chutney,https://images.unsplash.com/photo-1544787219-7f47ccb76574?auto=format&fit=crop&w=800&q=80
TEA-IN-0851,Fiery Adrak & Kali Mirch Kadak Chai Lot #439,Delhi Old Quarter,Masala Chai,"Assam CTC Black Tea, Green Cardamom Pods, Crushed Dry Ginger, Ceylon Cinnamon, Cloves, Black Pepper, Star Anise, Saffron",Cinnamon (Dalchini); Clove (Laung); Ginger (Adrak),4.6,8.0,3.6,8.4,9.3,58,28,6,96,2.5g per 200ml (or 1:1 milk-water for Chai),Cold & Cough Relief; Digestive Comfort; Immunity Shield; Instant Warming,Refreshed; Cozy,First Flush Spring,636.0,4.97,108,"An exquisite handcrafted masala chai harvest from the famed terroirs of Delhi Old Quarter. Imbued with prominent sensory notes of Cinnamon (Dalchini), Clove (Laung), Ginger (Adrak), this blend exhibits an aroma rating of 9.3/10. Specially curated for refreshed, cozy rituals, it offers potent cold & cough relief, digestive comfort.",Spicy Bhakarwadi & Mathri; Traditional Osmania Butter Biscuits; Warm Cardamom Nankhatai,https://images.unsplash.com/photo-1571934811356-5cc061b6821f?auto=format&fit=crop&w=800&q=80
TEA-IN-0852,Traditional Samovar Cinnamon Kahwa Lot #998,Kashmir (Srinagar Valley),Kashmir Kahwa,"Kashmiri Green Tea Leaves, Pampore Pure Saffron Strands, Green Cardamom, Cinnamon, Crushed Almond Slivers, Dried Rose Petals",Cinnamon; Cardamom; Sweet Almond; Floral Honey; Nutty,1.9,8.5,9.4,7.5,9.8,26,0,3,80,2.5g per 200ml (or 1:1 milk-water for Chai),Skin Glow & Radiance; Immunity Boost,Refreshed; Relaxed; Meditative; Calm,Second Flush Summer,1006.0,4.88,52,"An exquisite handcrafted kashmir kahwa harvest from the famed terroirs of Kashmir (Srinagar Valley). Imbued with prominent sensory notes of Cinnamon, Cardamom, Sweet Almond, this blend exhibits an aroma rating of 9.8/10. Specially curated for refreshed, relaxed rituals, it offers potent skin glow & radiance, immunity boost.",Poha with Roasted Peanuts; Crisp Onion & Paneer Pakoras,https://images.unsplash.com/photo-1563822249548-9a72b6353cd1?auto=format&fit=crop&w=800&q=80
TEA-IN-0853,High Altitude Floral White Nilgiri '25,Nilgiri (Blue Mountains),Nilgiri,100% High-Elevation Nilgiri Camellia Sinensis,Floral; Light Malt; Sweet Melon; Crisp Fruit; Plum,1.0,7.1,6.3,1.9,9.3,47,5,4,90,2.5g per 200ml (or 1:1 milk-water for Chai),Weight Balance; Heart Health; Daily Refreshment,Calm; Creative; Refreshed,Monsoon Special,505.0,4.94,326,"An exquisite handcrafted nilgiri harvest from the famed terroirs of Nilgiri (Blue Mountains). Imbued with prominent sensory notes of Floral, Light Malt, Sweet Melon, this blend exhibits an aroma rating of 9.3/10. Specially curated for calm, creative rituals, it offers potent weight balance, heart health.",Dhokla with Green Chilies; Kashmiri Girda Flatbread with Butter,https://images.unsplash.com/photo-1546852199-2d8e8c4aa477?auto=format&fit=crop&w=800&q=80
TEA-IN-0854,Triphala & Fennel Digestive Nectar,Himalayan Foothills,Ayurvedic Tisane,"Organic Tulsi (Holy Basil), Ashwagandha Root, Wild Himalayan Turmeric, Brahmi Leaves, Licorice (Mulethi), Fennel Seeds (Saunf), Lemongrass",Herbal; Fennel Sweetness; Cooling; Woody; Botanical,0.7,6.5,6.9,2.4,8.3,0,5,7,98,2.5g per 200ml (or 1:1 milk-water for Chai),Joint & Anti-inflammatory; Deep Restful Sleep,Calm; Soothing,First Flush Spring,571.0,4.64,84,"An exquisite handcrafted ayurvedic tisane harvest from the famed terroirs of Himalayan Foothills. Imbued with prominent sensory notes of Herbal, Fennel Sweetness, Cooling, this blend exhibits an aroma rating of 8.3/10. Specially curated for calm, soothing rituals, it offers potent joint & anti-inflammatory, deep restful sleep.",Shrewsbury Butter Biscuits; Spicy Bhakarwadi & Mathri,https://images.unsplash.com/photo-1597481499750-3e6b22637e12?auto=format&fit=crop&w=800&q=80
TEA-IN-0855,Wild Herb Infused Kangra Tea Lot #612,Himachal Pradesh (Kangra Valley),Kangra Valley,100% Certified GI Tagged Kangra Valley Whole Leaf Tea,Mellow Green; Floral; Pine Mist,2.6,5.9,7.7,1.8,8.1,32,1,2,83,2.5g per 200ml (or 1:1 milk-water for Chai),Digestive Ease; Peaceful Focus; High Polyphenols; Antioxidant Shield,Refreshed; Calm; Meditative; Uplifted,All Season,787.0,4.78,100,"An exquisite handcrafted kangra valley harvest from the famed terroirs of Himachal Pradesh (Kangra Valley). Imbued with prominent sensory notes of Mellow Green, Floral, Pine Mist, this blend exhibits an aroma rating of 8.1/10. Specially curated for refreshed, calm rituals, it offers potent digestive ease, peaceful focus.",Shrewsbury Butter Biscuits; Kashmiri Girda Flatbread with Butter; Irani Cafe Bun Maska & Chai,https://images.unsplash.com/photo-1576092768241-dec231879fc3?auto=format&fit=crop&w=800&q=80
TEA-IN-0856,Temi Estate 100% Organic First Flush Lot #777,"Sikkim (Temi Tea Estate, South Sikkim)",Sikkim Temi,100% Organic Single Estate Temi Leaves,Honeyed Wood; Sweet Floral; Caramel; Muscatel; Gentle Spice,3.2,7.4,8.0,2.5,8.4,33,3,3,86,2.5g per 200ml (or 1:1 milk-water for Chai),Pure Organic Nutrition; L-Theanine Serenity; Cardiovascular Support; Skin Vitality,Calm; Meditative; Serene; Focused,Monsoon Special,658.0,4.94,113,"An exquisite handcrafted sikkim temi harvest from the famed terroirs of Sikkim (Temi Tea Estate, South Sikkim). Imbued with prominent sensory notes of Honeyed Wood, Sweet Floral, Caramel, this blend exhibits an aroma rating of 8.4/10. Specially curated for calm, meditative rituals, it offers potent pure organic nutrition, l-theanine serenity.",Shrewsbury Butter Biscuits; Warm Cardamom Nankhatai,https://images.unsplash.com/photo-1576092768241-dec231879fc3?auto=format&fit=crop&w=800&q=80
TEA-IN-0857,First Flush Spring Champagne Lot #968,Darjeeling (Jungpana),Darjeeling,100% Hand-Picked Camellia Sinensis Single Estate Darjeeling Leaves,Citrus Zest; Apricot; Pine Wood,2.7,6.8,9.4,1.5,9.2,38,5,3,84,2.5g per 200ml (or 1:1 milk-water for Chai),Mental Clarity; High Antioxidants; Cellular Protection; Heart Wellness,Refreshed; Uplifted; Focused,Winter Warmth,1460.0,4.65,281,"An exquisite handcrafted darjeeling harvest from the famed terroirs of Darjeeling (Jungpana). Imbued with prominent sensory notes of Citrus Zest, Apricot, Pine Wood, this blend exhibits an aroma rating of 9.2/10. Specially curated for refreshed, uplifted rituals, it offers potent mental clarity, high antioxidants.",Shrewsbury Butter Biscuits; Traditional Osmania Butter Biscuits,https://images.unsplash.com/photo-1594631252845-29fc4cc8cde9?auto=format&fit=crop&w=800&q=80
TEA-IN-0858,Robust Morning Chai Blend Lot #729 '24,Assam (Dibrugarh),Assam,100% High-Grade Assam Whole Leaf & Golden Buds (Camellia Sinensis var. Assamica),Honey; Bold Body; Molasses,4.3,4.4,3.9,2.8,7.3,82,4,4,95,2.5g per 200ml (or 1:1 milk-water for Chai),Digestive Power; Immune Strength,Energetic; Uplifted; Motivated; Cozy,First Flush Spring,596.0,4.82,393,"An exquisite handcrafted assam harvest from the famed terroirs of Assam (Dibrugarh). Imbued with prominent sensory notes of Honey, Bold Body, Molasses, this blend exhibits an aroma rating of 7.3/10. Specially curated for energetic, uplifted rituals, it offers potent digestive power, immune strength.",Shrewsbury Butter Biscuits; Crisp Hot Samosas with Mint & Tamarind Chutney,https://images.unsplash.com/photo-1571934811356-5cc061b6821f?auto=format&fit=crop&w=800&q=80
TEA-IN-0859,Star Anise & Nutmeg Winter Chai Lot #884,Delhi Old Quarter,Masala Chai,"Assam CTC Black Tea, Green Cardamom Pods, Crushed Dry Ginger, Ceylon Cinnamon, Cloves, Black Pepper, Star Anise, Saffron",Cardamom (Elaichi); Ginger (Adrak); Cinnamon (Dalchini); Creamy; Spicy,3.7,4.8,3.2,8.2,9.1,61,22,5,98,2.5g per 200ml (or 1:1 milk-water for Chai),Anti-inflammatory; Cold & Cough Relief,Refreshed; Energetic; Comforting; Cozy,Winter Warmth,431.0,4.45,356,"An exquisite handcrafted masala chai harvest from the famed terroirs of Delhi Old Quarter. Imbued with prominent sensory notes of Cardamom (Elaichi), Ginger (Adrak), Cinnamon (Dalchini), this blend exhibits an aroma rating of 9.1/10. Specially curated for refreshed, energetic rituals, it offers potent anti-inflammatory, cold & cough relief.",Poha with Roasted Peanuts; Crisp Hot Samosas with Mint & Tamarind Chutney; Traditional Osmania Butter Biscuits,https://images.unsplash.com/photo-1571934811356-5cc061b6821f?auto=format&fit=crop&w=800&q=80
TEA-IN-0860,Zaffran Emerald Heritage Brew Lot #362 '26,Kashmir (Srinagar Valley),Kashmir Kahwa,"Kashmiri Green Tea Leaves, Pampore Pure Saffron Strands, Green Cardamom, Cinnamon, Crushed Almond Slivers, Dried Rose Petals",Cinnamon; Floral Honey; Nutty,1.8,7.9,8.6,6.2,9.8,20,5,3,84,2.5g per 200ml (or 1:1 milk-water for Chai),Calming Warmth; Stress Relief; Skin Glow & Radiance; Immunity Boost,Calm; Relaxed; Refreshed; Meditative,First Flush Spring,557.0,4.91,283,"An exquisite handcrafted kashmir kahwa harvest from the famed terroirs of Kashmir (Srinagar Valley). Imbued with prominent sensory notes of Cinnamon, Floral Honey, Nutty, this blend exhibits an aroma rating of 9.8/10. Specially curated for calm, relaxed rituals, it offers potent calming warmth, stress relief.",Crisp Onion & Paneer Pakoras; Traditional Osmania Butter Biscuits,https://images.unsplash.com/photo-1563822249548-9a72b6353cd1?auto=format&fit=crop&w=800&q=80
TEA-IN-0861,Coonoor Highland Fragrant Amber Lot #952,Nilgiri (Ooty Highlands),Nilgiri,100% High-Elevation Nilgiri Camellia Sinensis,Sweet Melon; Crisp Fruit; Light Malt; Plum,3.3,7.6,7.5,1.7,8.6,41,4,3,92,2.5g per 200ml (or 1:1 milk-water for Chai),Antioxidant Rich; Heart Health; Daily Refreshment; Gentle Alertness,Calm; Focused,Second Flush Summer,1102.0,4.78,327,"An exquisite handcrafted nilgiri harvest from the famed terroirs of Nilgiri (Ooty Highlands). Imbued with prominent sensory notes of Sweet Melon, Crisp Fruit, Light Malt, this blend exhibits an aroma rating of 8.6/10. Specially curated for calm, focused rituals, it offers potent antioxidant rich, heart health.",Gulab Jamun with Rosewater Syrup; Crisp Onion & Paneer Pakoras,https://images.unsplash.com/photo-1597481499750-3e6b22637e12?auto=format&fit=crop&w=800&q=80
TEA-IN-0862,Giloy & Tulsi Monsoon Kadha Herbal Lot #569 '24,Madhya Pradesh Herbal Forests,Ayurvedic Tisane,"Organic Tulsi (Holy Basil), Ashwagandha Root, Wild Himalayan Turmeric, Brahmi Leaves, Licorice (Mulethi), Fennel Seeds (Saunf), Lemongrass",Herbal; Sweet Earthy; Botanical; Fennel Sweetness,2.9,4.3,6.5,5.9,8.3,0,1,6,98,2.5g per 200ml (or 1:1 milk-water for Chai),Gut Health & Detox; Immunity Fortification; Joint & Anti-inflammatory; Deep Restful Sleep,Calm; Soothing; Meditative,Second Flush Summer,806.0,4.6,77,"An exquisite handcrafted ayurvedic tisane harvest from the famed terroirs of Madhya Pradesh Herbal Forests. Imbued with prominent sensory notes of Herbal, Sweet Earthy, Botanical, this blend exhibits an aroma rating of 8.3/10. Specially curated for calm, soothing rituals, it offers potent gut health & detox, immunity fortification.",Kashmiri Girda Flatbread with Butter; Crisp Onion & Paneer Pakoras; Kolkata Style Kathi Rolls,https://images.unsplash.com/photo-1544787219-7f47ccb76574?auto=format&fit=crop&w=800&q=80
TEA-IN-0863,Himalayan Cedar Scented Kangra Lot #344 '24,Himachal Pradesh (Palampur),Kangra Valley,100% Certified GI Tagged Kangra Valley Whole Leaf Tea,Floral; Pine Mist; Nutty,3.3,5.6,8.3,1.0,8.0,28,0,3,78,2.5g per 200ml (or 1:1 milk-water for Chai),Peaceful Focus; Digestive Ease; High Polyphenols; Antioxidant Shield,Refreshed; Uplifted,Winter Warmth,541.0,4.56,303,"An exquisite handcrafted kangra valley harvest from the famed terroirs of Himachal Pradesh (Palampur). Imbued with prominent sensory notes of Floral, Pine Mist, Nutty, this blend exhibits an aroma rating of 8.0/10. Specially curated for refreshed, uplifted rituals, it offers potent peaceful focus, digestive ease.",Poha with Roasted Peanuts; Warm Cardamom Nankhatai,https://images.unsplash.com/photo-1576092768241-dec231879fc3?auto=format&fit=crop&w=800&q=80
TEA-IN-0864,Sikkim Green Dragon Spring Leaf Lot #811,Sikkim (Ravangla Highlands),Sikkim Temi,100% Organic Single Estate Temi Leaves,Muscatel; Gentle Spice; Peach; Caramel,1.7,7.6,7.8,1.1,8.0,34,2,3,85,2.5g per 200ml (or 1:1 milk-water for Chai),Pure Organic Nutrition; L-Theanine Serenity; Cardiovascular Support; Skin Vitality,Refreshed; Focused; Serene,Winter Warmth,635.0,4.57,334,"An exquisite handcrafted sikkim temi harvest from the famed terroirs of Sikkim (Ravangla Highlands). Imbued with prominent sensory notes of Muscatel, Gentle Spice, Peach, this blend exhibits an aroma rating of 8.0/10. Specially curated for refreshed, focused rituals, it offers potent pure organic nutrition, l-theanine serenity.",Crisp Hot Samosas with Mint & Tamarind Chutney; Crisp Onion & Paneer Pakoras; Traditional Osmania Butter Biscuits,https://images.unsplash.com/photo-1576092768241-dec231879fc3?auto=format&fit=crop&w=800&q=80
TEA-IN-0865,Single Estate Royal Amber Darjeeling '25,Darjeeling (Singbulli),Darjeeling,100% Hand-Picked Camellia Sinensis Single Estate Darjeeling Leaves,Floral; Honey; Honeysuckle; Green Apple; Muscatel,3.1,5.6,7.4,1.4,9.5,39,5,4,89,2.5g per 200ml (or 1:1 milk-water for Chai),Mental Clarity; Gentle Vitality; Heart Wellness,Calm; Focused; Uplifted,Winter Warmth,1005.0,4.31,274,"An exquisite handcrafted darjeeling harvest from the famed terroirs of Darjeeling (Singbulli). Imbued with prominent sensory notes of Floral, Honey, Honeysuckle, this blend exhibits an aroma rating of 9.5/10. Specially curated for calm, focused rituals, it offers potent mental clarity, gentle vitality.",Poha with Roasted Peanuts; Crisp Onion & Paneer Pakoras; Traditional Osmania Butter Biscuits,https://images.unsplash.com/photo-1594631252845-29fc4cc8cde9?auto=format&fit=crop&w=800&q=80
TEA-IN-0866,Royal Mangalam Golden Needle Lot #192 '25,Assam (Dibrugarh),Assam,100% High-Grade Assam Whole Leaf & Golden Buds (Camellia Sinensis var. Assamica),Honey; Caramel; Malty; Toasted Grain,4.6,3.9,3.8,2.6,8.2,67,2,5,95,2.5g per 200ml (or 1:1 milk-water for Chai),Cardiovascular Support; High Sustained Energy,Energetic; Focused; Cozy; Uplifted,Winter Warmth,910.0,4.49,69,"An exquisite handcrafted assam harvest from the famed terroirs of Assam (Dibrugarh). Imbued with prominent sensory notes of Honey, Caramel, Malty, this blend exhibits an aroma rating of 8.2/10. Specially curated for energetic, focused rituals, it offers potent cardiovascular support, high sustained energy.",Crisp Onion & Paneer Pakoras; Kolkata Style Kathi Rolls; Irani Cafe Bun Maska & Chai,https://images.unsplash.com/photo-1571934811356-5cc061b6821f?auto=format&fit=crop&w=800&q=80
TEA-IN-0867,Fiery Adrak & Kali Mirch Kadak Chai,Kolkata Street Estate,Masala Chai,"Assam CTC Black Tea, Green Cardamom Pods, Crushed Dry Ginger, Ceylon Cinnamon, Cloves, Black Pepper, Star Anise, Saffron",Ginger (Adrak); Peppery; Cinnamon (Dalchini); Sweet Heat; Clove (Laung),5.8,6.8,1.5,9.4,9.8,55,56,5,100,2.5g per 200ml (or 1:1 milk-water for Chai),Digestive Comfort; Cold & Cough Relief; Instant Warming,Uplifted; Cozy,Second Flush Summer,606.0,4.78,346,"An exquisite handcrafted masala chai harvest from the famed terroirs of Kolkata Street Estate. Imbued with prominent sensory notes of Ginger (Adrak), Peppery, Cinnamon (Dalchini), this blend exhibits an aroma rating of 9.8/10. Specially curated for uplifted, cozy rituals, it offers potent digestive comfort, cold & cough relief.",Dhokla with Green Chilies; Crisp Onion & Paneer Pakoras; Warm Cardamom Nankhatai,https://images.unsplash.com/photo-1571934811356-5cc061b6821f?auto=format&fit=crop&w=800&q=80
TEA-IN-0868,Rose Petal & Kashmiri Cardamom Kahwa Lot #774,Kashmir (Pampore Saffron Fields),Kashmir Kahwa,"Kashmiri Green Tea Leaves, Pampore Pure Saffron Strands, Green Cardamom, Cinnamon, Crushed Almond Slivers, Dried Rose Petals",Cardamom; Sweet Almond; Cinnamon; Floral Honey,1.7,7.2,8.0,7.9,9.7,27,2,5,80,2.5g per 200ml (or 1:1 milk-water for Chai),Stress Relief; Immunity Boost,Calm; Refreshed; Cozy,Monsoon Special,653.0,4.95,349,"An exquisite handcrafted kashmir kahwa harvest from the famed terroirs of Kashmir (Pampore Saffron Fields). Imbued with prominent sensory notes of Cardamom, Sweet Almond, Cinnamon, this blend exhibits an aroma rating of 9.7/10. Specially curated for calm, refreshed rituals, it offers potent stress relief, immunity boost.",Poha with Roasted Peanuts; Crisp Hot Samosas with Mint & Tamarind Chutney,https://images.unsplash.com/photo-1563822249548-9a72b6353cd1?auto=format&fit=crop&w=800&q=80
TEA-IN-0869,Tiger Hill Single Cultivar Nilgiri Lot #885,Nilgiri (Kotagiri),Nilgiri,100% High-Elevation Nilgiri Camellia Sinensis,Honey; Sweet Melon; Crisp Fruit; Light Malt,3.4,6.6,6.2,2.3,8.4,45,1,3,90,2.5g per 200ml (or 1:1 milk-water for Chai),Weight Balance; Heart Health; Antioxidant Rich,Calm; Refreshed; Uplifted,Autumnal Harvest,585.0,4.75,97,"An exquisite handcrafted nilgiri harvest from the famed terroirs of Nilgiri (Kotagiri). Imbued with prominent sensory notes of Honey, Sweet Melon, Crisp Fruit, this blend exhibits an aroma rating of 8.4/10. Specially curated for calm, refreshed rituals, it offers potent weight balance, heart health.",Poha with Roasted Peanuts; Shrewsbury Butter Biscuits; Crisp Onion & Paneer Pakoras,https://images.unsplash.com/photo-1597481499750-3e6b22637e12?auto=format&fit=crop&w=800&q=80
TEA-IN-0870,Turmeric Ginger Curcumin Immunity Guard Lot #458,Madhya Pradesh Herbal Forests,Ayurvedic Tisane,"Organic Tulsi (Holy Basil), Ashwagandha Root, Wild Himalayan Turmeric, Brahmi Leaves, Licorice (Mulethi), Fennel Seeds (Saunf), Lemongrass",Warm Ginger; Herbal; Sweet Earthy; Fennel Sweetness; Botanical,2.6,6.7,6.3,5.9,8.2,0,2,6,97,2.5g per 200ml (or 1:1 milk-water for Chai),Immunity Fortification; Joint & Anti-inflammatory,Calm; Relaxed; Meditative; Cozy,All Season,496.0,4.3,29,"An exquisite handcrafted ayurvedic tisane harvest from the famed terroirs of Madhya Pradesh Herbal Forests. Imbued with prominent sensory notes of Warm Ginger, Herbal, Sweet Earthy, this blend exhibits an aroma rating of 8.2/10. Specially curated for calm, relaxed rituals, it offers potent immunity fortification, joint & anti-inflammatory.",Poha with Roasted Peanuts; Traditional Osmania Butter Biscuits,https://images.unsplash.com/photo-1544787219-7f47ccb76574?auto=format&fit=crop&w=800&q=80
TEA-IN-0871,Kangra Imperial Green Dragon Lot #708 '25,Himachal Pradesh (Dharamshala),Kangra Valley,100% Certified GI Tagged Kangra Valley Whole Leaf Tea,Mellow Green; Roasted Corn; Pine Mist,2.6,5.7,7.6,1.2,8.2,39,5,2,79,2.5g per 200ml (or 1:1 milk-water for Chai),High Polyphenols; Peaceful Focus; Metabolic Balance; Antioxidant Shield,Refreshed; Uplifted; Calm,Monsoon Special,562.0,4.86,71,"An exquisite handcrafted kangra valley harvest from the famed terroirs of Himachal Pradesh (Dharamshala). Imbued with prominent sensory notes of Mellow Green, Roasted Corn, Pine Mist, this blend exhibits an aroma rating of 8.2/10. Specially curated for refreshed, uplifted rituals, it offers potent high polyphenols, peaceful focus.",Gulab Jamun with Rosewater Syrup; Crisp Hot Samosas with Mint & Tamarind Chutney; Kolkata Style Kathi Rolls,https://images.unsplash.com/photo-1576092768241-dec231879fc3?auto=format&fit=crop&w=800&q=80
TEA-IN-0872,Temi Estate 100% Organic First Flush '26,Sikkim (Ravangla Highlands),Sikkim Temi,100% Organic Single Estate Temi Leaves,Gentle Spice; Peach; Caramel,3.2,7.9,7.6,1.1,8.6,41,5,4,89,2.5g per 200ml (or 1:1 milk-water for Chai),Pure Organic Nutrition; L-Theanine Serenity; Cardiovascular Support; Skin Vitality,Calm; Refreshed; Meditative; Serene,Winter Warmth,1423.0,4.46,301,"An exquisite handcrafted sikkim temi harvest from the famed terroirs of Sikkim (Ravangla Highlands). Imbued with prominent sensory notes of Gentle Spice, Peach, Caramel, this blend exhibits an aroma rating of 8.6/10. Specially curated for calm, refreshed rituals, it offers potent pure organic nutrition, l-theanine serenity.",Kashmiri Girda Flatbread with Butter; Crisp Onion & Paneer Pakoras,https://images.unsplash.com/photo-1576092768241-dec231879fc3?auto=format&fit=crop&w=800&q=80
TEA-IN-0873,Single Estate Royal Amber Darjeeling Lot #462 '25,Darjeeling (Jungpana),Darjeeling,100% Hand-Picked Camellia Sinensis Single Estate Darjeeling Leaves,Honey; Floral; Green Apple; Citrus Zest,2.7,6.0,9.6,1.7,9.4,44,0,4,80,2.5g per 200ml (or 1:1 milk-water for Chai),Mental Clarity; High Antioxidants,Refreshed; Focused,Monsoon Special,688.0,4.43,329,"An exquisite handcrafted darjeeling harvest from the famed terroirs of Darjeeling (Jungpana). Imbued with prominent sensory notes of Honey, Floral, Green Apple, this blend exhibits an aroma rating of 9.4/10. Specially curated for refreshed, focused rituals, it offers potent mental clarity, high antioxidants.",Dhokla with Green Chilies; Traditional Osmania Butter Biscuits,https://images.unsplash.com/photo-1594631252845-29fc4cc8cde9?auto=format&fit=crop&w=800&q=80
TEA-IN-0874,Smoked Wild Bamboo Assam Lot #418 '24,Assam (Jorhat),Assam,100% High-Grade Assam Whole Leaf & Golden Buds (Camellia Sinensis var. Assamica),Bold Body; Woody; Malty; Dark Cocoa; Molasses,5.5,6.0,3.8,2.4,8.8,75,3,5,95,2.5g per 200ml (or 1:1 milk-water for Chai),Digestive Power; Cardiovascular Support; High Sustained Energy; Immune Strength,Motivated; Cozy; Uplifted,Winter Warmth,456.0,4.88,112,"An exquisite handcrafted assam harvest from the famed terroirs of Assam (Jorhat). Imbued with prominent sensory notes of Bold Body, Woody, Malty, this blend exhibits an aroma rating of 8.8/10. Specially curated for motivated, cozy rituals, it offers potent digestive power, cardiovascular support.",Spicy Bhakarwadi & Mathri; Crisp Hot Samosas with Mint & Tamarind Chutney,https://images.unsplash.com/photo-1514733670139-4d87a1941d55?auto=format&fit=crop&w=800&q=80
TEA-IN-0875,Dhaba Style Kulhad Strong Chai Lot #583 '25,Mumbai Heritage,Masala Chai,"Assam CTC Black Tea, Green Cardamom Pods, Crushed Dry Ginger, Ceylon Cinnamon, Cloves, Black Pepper, Star Anise, Saffron",Cardamom (Elaichi); Ginger (Adrak); Creamy,5.1,7.6,1.4,8.8,9.8,51,52,4,95,2.5g per 200ml (or 1:1 milk-water for Chai),Digestive Comfort; Anti-inflammatory,Uplifted; Cozy; Comforting,All Season,550.0,4.85,95,"An exquisite handcrafted masala chai harvest from the famed terroirs of Mumbai Heritage. Imbued with prominent sensory notes of Cardamom (Elaichi), Ginger (Adrak), Creamy, this blend exhibits an aroma rating of 9.8/10. Specially curated for uplifted, cozy rituals, it offers potent digestive comfort, anti-inflammatory.",Dhokla with Green Chilies; Gulab Jamun with Rosewater Syrup,https://images.unsplash.com/photo-1571934811356-5cc061b6821f?auto=format&fit=crop&w=800&q=80
TEA-IN-0876,Himalayan Crushed Walnut & Kahwa Blend Lot #877,Kashmir (Pampore Saffron Fields),Kashmir Kahwa,"Kashmiri Green Tea Leaves, Pampore Pure Saffron Strands, Green Cardamom, Cinnamon, Crushed Almond Slivers, Dried Rose Petals",Delicate Green; Nutty; Floral Honey; Saffron (Kesar),2.9,7.9,7.0,7.7,9.7,17,5,4,82,2.5g per 200ml (or 1:1 milk-water for Chai),Calming Warmth; Digestive Fire; Skin Glow & Radiance; Immunity Boost,Refreshed; Meditative; Cozy,First Flush Spring,580.0,4.68,351,"An exquisite handcrafted kashmir kahwa harvest from the famed terroirs of Kashmir (Pampore Saffron Fields). Imbued with prominent sensory notes of Delicate Green, Nutty, Floral Honey, this blend exhibits an aroma rating of 9.7/10. Specially curated for refreshed, meditative rituals, it offers potent calming warmth, digestive fire.",Poha with Roasted Peanuts; Crisp Onion & Paneer Pakoras,https://images.unsplash.com/photo-1576092768241-dec231879fc3?auto=format&fit=crop&w=800&q=80
TEA-IN-0877,High Altitude Floral White Nilgiri Lot #840,Nilgiri (Kotagiri),Nilgiri,100% High-Elevation Nilgiri Camellia Sinensis,Bright Citrus; Crisp Fruit; Light Malt,1.8,6.2,8.3,1.1,8.7,36,3,3,87,2.5g per 200ml (or 1:1 milk-water for Chai),Weight Balance; Gentle Alertness,Calm; Refreshed; Uplifted,First Flush Spring,945.0,4.92,25,"An exquisite handcrafted nilgiri harvest from the famed terroirs of Nilgiri (Kotagiri). Imbued with prominent sensory notes of Bright Citrus, Crisp Fruit, Light Malt, this blend exhibits an aroma rating of 8.7/10. Specially curated for calm, refreshed rituals, it offers potent weight balance, gentle alertness.",Gulab Jamun with Rosewater Syrup; Irani Cafe Bun Maska & Chai,https://images.unsplash.com/photo-1597481499750-3e6b22637e12?auto=format&fit=crop&w=800&q=80
TEA-IN-0878,"Sacred Tulsi Trio (Rama, Krishna, Vana) Lot #505 '25",Uttarakhand Sacred Valleys,Ayurvedic Tisane,"Organic Tulsi (Holy Basil), Ashwagandha Root, Wild Himalayan Turmeric, Brahmi Leaves, Licorice (Mulethi), Fennel Seeds (Saunf), Lemongrass",Woody; Sweet Earthy; Botanical; Fennel Sweetness,2.8,4.2,6.3,6.0,8.8,0,0,7,96,2.5g per 200ml (or 1:1 milk-water for Chai),Cortisol / Stress Reduction; Gut Health & Detox; Deep Restful Sleep,Calm; Soothing; Relaxed; Meditative,First Flush Spring,326.0,4.67,284,"An exquisite handcrafted ayurvedic tisane harvest from the famed terroirs of Uttarakhand Sacred Valleys. Imbued with prominent sensory notes of Woody, Sweet Earthy, Botanical, this blend exhibits an aroma rating of 8.8/10. Specially curated for calm, soothing rituals, it offers potent cortisol / stress reduction, gut health & detox.",Gulab Jamun with Rosewater Syrup; Kolkata Style Kathi Rolls,https://images.unsplash.com/photo-1544787219-7f47ccb76574?auto=format&fit=crop&w=800&q=80
TEA-IN-0879,Snow Mist Kangra First Flush Lot #206,Himachal Pradesh (Kangra Valley),Kangra Valley,100% Certified GI Tagged Kangra Valley Whole Leaf Tea,Mellow Green; Floral; Roasted Corn; Sweet Vegetal,3.0,6.1,5.8,1.7,7.3,41,5,3,81,2.5g per 200ml (or 1:1 milk-water for Chai),High Polyphenols; Antioxidant Shield,Refreshed; Focused; Calm,Monsoon Special,728.0,4.92,427,"An exquisite handcrafted kangra valley harvest from the famed terroirs of Himachal Pradesh (Kangra Valley). Imbued with prominent sensory notes of Mellow Green, Floral, Roasted Corn, this blend exhibits an aroma rating of 7.3/10. Specially curated for refreshed, focused rituals, it offers potent high polyphenols, antioxidant shield.",Dhokla with Green Chilies; Poha with Roasted Peanuts,https://images.unsplash.com/photo-1576092768241-dec231879fc3?auto=format&fit=crop&w=800&q=80
TEA-IN-0880,Sikkim Green Dragon Spring Leaf Lot #335,Sikkim (Ravangla Highlands),Sikkim Temi,100% Organic Single Estate Temi Leaves,Sweet Floral; Gentle Spice; Peach; Caramel,2.2,7.7,6.8,2.9,8.7,31,4,3,90,2.5g per 200ml (or 1:1 milk-water for Chai),L-Theanine Serenity; Cardiovascular Support; Skin Vitality,Calm; Meditative; Focused,First Flush Spring,530.0,4.47,223,"An exquisite handcrafted sikkim temi harvest from the famed terroirs of Sikkim (Ravangla Highlands). Imbued with prominent sensory notes of Sweet Floral, Gentle Spice, Peach, this blend exhibits an aroma rating of 8.7/10. Specially curated for calm, meditative rituals, it offers potent l-theanine serenity, cardiovascular support.",Crisp Onion & Paneer Pakoras; Kolkata Style Kathi Rolls,https://images.unsplash.com/photo-1546852199-2d8e8c4aa477?auto=format&fit=crop&w=800&q=80
TEA-IN-0881,Vintage Muscatel Wonder Lot #104,Darjeeling (Castle Castleton),Darjeeling,100% Hand-Picked Camellia Sinensis Single Estate Darjeeling Leaves,Floral; Honey; Apricot; Pine Wood; Green Apple,1.8,7.3,9.8,0.5,9.4,41,2,3,82,2.5g per 200ml (or 1:1 milk-water for Chai),Mental Clarity; High Antioxidants; Cellular Protection; Heart Wellness,Refreshed; Meditative,Autumnal Harvest,1126.0,4.92,213,"An exquisite handcrafted darjeeling harvest from the famed terroirs of Darjeeling (Castle Castleton). Imbued with prominent sensory notes of Floral, Honey, Apricot, this blend exhibits an aroma rating of 9.4/10. Specially curated for refreshed, meditative rituals, it offers potent mental clarity, high antioxidants.",Crisp Onion & Paneer Pakoras; Traditional Osmania Butter Biscuits; Kolkata Style Kathi Rolls,https://images.unsplash.com/photo-1546852199-2d8e8c4aa477?auto=format&fit=crop&w=800&q=80
TEA-IN-0882,Brahmaputra Valley Bold Red Lot #226,Assam (Mangaldai),Assam,100% High-Grade Assam Whole Leaf & Golden Buds (Camellia Sinensis var. Assamica),Honey; Bold Body; Caramel; Woody; Molasses,4.6,3.3,1.1,3.9,7.2,81,1,4,95,2.5g per 200ml (or 1:1 milk-water for Chai),Digestive Power; Cardiovascular Support; High Sustained Energy; Metabolic Fire,Energetic; Motivated; Uplifted; Focused,First Flush Spring,328.0,4.58,251,"An exquisite handcrafted assam harvest from the famed terroirs of Assam (Mangaldai). Imbued with prominent sensory notes of Honey, Bold Body, Caramel, this blend exhibits an aroma rating of 7.2/10. Specially curated for energetic, motivated rituals, it offers potent digestive power, cardiovascular support.",Gulab Jamun with Rosewater Syrup; Crisp Hot Samosas with Mint & Tamarind Chutney,https://images.unsplash.com/photo-1544787219-7f47ccb76574?auto=format&fit=crop&w=800&q=80
TEA-IN-0883,Rose Petal & Green Cardamom Sweet Chai '26,Assam & Kerala Spice Hills,Masala Chai,"Assam CTC Black Tea, Green Cardamom Pods, Crushed Dry Ginger, Ceylon Cinnamon, Cloves, Black Pepper, Star Anise, Saffron",Cinnamon (Dalchini); Cardamom (Elaichi); Sweet Heat; Peppery,4.1,5.5,3.9,8.1,9.8,62,55,6,99,2.5g per 200ml (or 1:1 milk-water for Chai),Cold & Cough Relief; Digestive Comfort; Immunity Shield; Anti-inflammatory,Refreshed; Energetic; Uplifted,Second Flush Summer,372.0,4.52,355,"An exquisite handcrafted masala chai harvest from the famed terroirs of Assam & Kerala Spice Hills. Imbued with prominent sensory notes of Cinnamon (Dalchini), Cardamom (Elaichi), Sweet Heat, this blend exhibits an aroma rating of 9.8/10. Specially curated for refreshed, energetic rituals, it offers potent cold & cough relief, digestive comfort.",Kashmiri Girda Flatbread with Butter; Crisp Hot Samosas with Mint & Tamarind Chutney; Spicy Bhakarwadi & Mathri,https://images.unsplash.com/photo-1571934811356-5cc061b6821f?auto=format&fit=crop&w=800&q=80
TEA-IN-0884,Rose Petal & Kashmiri Cardamom Kahwa Lot #584 '24,Kashmir (Srinagar Valley),Kashmir Kahwa,"Kashmiri Green Tea Leaves, Pampore Pure Saffron Strands, Green Cardamom, Cinnamon, Crushed Almond Slivers, Dried Rose Petals",Delicate Green; Cinnamon; Nutty; Saffron (Kesar),1.5,6.5,8.0,6.3,9.8,25,2,4,82,2.5g per 200ml (or 1:1 milk-water for Chai),Stress Relief; Digestive Fire; Skin Glow & Radiance; Immunity Boost,Refreshed; Relaxed; Meditative; Cozy,Second Flush Summer,726.0,4.33,324,"An exquisite handcrafted kashmir kahwa harvest from the famed terroirs of Kashmir (Srinagar Valley). Imbued with prominent sensory notes of Delicate Green, Cinnamon, Nutty, this blend exhibits an aroma rating of 9.8/10. Specially curated for refreshed, relaxed rituals, it offers potent stress relief, digestive fire.",Spicy Bhakarwadi & Mathri; Crisp Onion & Paneer Pakoras; Crisp Hot Samosas with Mint & Tamarind Chutney,https://images.unsplash.com/photo-1563822249548-9a72b6353cd1?auto=format&fit=crop&w=800&q=80
TEA-IN-0885,Emerald Dew Nilgiri Green Lot #221,Nilgiri (Kotagiri),Nilgiri,100% High-Elevation Nilgiri Camellia Sinensis,Honey; Sweet Melon; Floral; Light Malt,1.1,8.4,7.7,1.3,9.3,42,5,4,91,2.5g per 200ml (or 1:1 milk-water for Chai),Weight Balance; Heart Health,Calm; Creative; Focused; Uplifted,Winter Warmth,360.0,4.65,370,"An exquisite handcrafted nilgiri harvest from the famed terroirs of Nilgiri (Kotagiri). Imbued with prominent sensory notes of Honey, Sweet Melon, Floral, this blend exhibits an aroma rating of 9.3/10. Specially curated for calm, creative rituals, it offers potent weight balance, heart health.",Poha with Roasted Peanuts; Crisp Hot Samosas with Mint & Tamarind Chutney; Traditional Osmania Butter Biscuits,https://images.unsplash.com/photo-1546852199-2d8e8c4aa477?auto=format&fit=crop&w=800&q=80
TEA-IN-0886,Triphala & Fennel Digestive Nectar,Uttarakhand Sacred Valleys,Ayurvedic Tisane,"Organic Tulsi (Holy Basil), Ashwagandha Root, Wild Himalayan Turmeric, Brahmi Leaves, Licorice (Mulethi), Fennel Seeds (Saunf), Lemongrass",Cooling; Woody; Fennel Sweetness,2.3,6.9,4.7,5.5,8.8,0,0,5,99,2.5g per 200ml (or 1:1 milk-water for Chai),Cortisol / Stress Reduction; Gut Health & Detox; Deep Restful Sleep,Calm; Soothing; Meditative,Winter Warmth,667.0,4.86,93,"An exquisite handcrafted ayurvedic tisane harvest from the famed terroirs of Uttarakhand Sacred Valleys. Imbued with prominent sensory notes of Cooling, Woody, Fennel Sweetness, this blend exhibits an aroma rating of 8.8/10. Specially curated for calm, soothing rituals, it offers potent cortisol / stress reduction, gut health & detox.",Poha with Roasted Peanuts; Traditional Osmania Butter Biscuits,https://images.unsplash.com/photo-1544787219-7f47ccb76574?auto=format&fit=crop&w=800&q=80
TEA-IN-0887,Palampur Orthodox Spring Gold Lot #289 '25,Himachal Pradesh (Dharamshala),Kangra Valley,100% Certified GI Tagged Kangra Valley Whole Leaf Tea,Mellow Green; Roasted Corn; Sweet Vegetal; Nutty,1.2,7.5,5.2,1.2,7.5,32,1,4,84,2.5g per 200ml (or 1:1 milk-water for Chai),High Polyphenols; Digestive Ease; Metabolic Balance; Peaceful Focus,Meditative; Uplifted,Winter Warmth,901.0,4.46,163,"An exquisite handcrafted kangra valley harvest from the famed terroirs of Himachal Pradesh (Dharamshala). Imbued with prominent sensory notes of Mellow Green, Roasted Corn, Sweet Vegetal, this blend exhibits an aroma rating of 7.5/10. Specially curated for meditative, uplifted rituals, it offers potent high polyphenols, digestive ease.",Traditional Osmania Butter Biscuits; Irani Cafe Bun Maska & Chai,https://images.unsplash.com/photo-1563822249548-9a72b6353cd1?auto=format&fit=crop&w=800&q=80
TEA-IN-0888,Temi Estate 100% Organic First Flush Lot #129 '25,Sikkim (Ravangla Highlands),Sikkim Temi,100% Organic Single Estate Temi Leaves,Muscatel; Gentle Spice; Peach; Caramel,2.6,8.4,8.3,2.4,8.0,42,5,3,86,2.5g per 200ml (or 1:1 milk-water for Chai),Pure Organic Nutrition; L-Theanine Serenity,Refreshed; Serene,Monsoon Special,1393.0,4.89,155,"An exquisite handcrafted sikkim temi harvest from the famed terroirs of Sikkim (Ravangla Highlands). Imbued with prominent sensory notes of Muscatel, Gentle Spice, Peach, this blend exhibits an aroma rating of 8.0/10. Specially curated for refreshed, serene rituals, it offers potent pure organic nutrition, l-theanine serenity.",Gulab Jamun with Rosewater Syrup; Crisp Hot Samosas with Mint & Tamarind Chutney,https://images.unsplash.com/photo-1576092768241-dec231879fc3?auto=format&fit=crop&w=800&q=80
TEA-IN-0889,High Elevation Queen of Teas Lot #395,Darjeeling (Singbulli),Darjeeling,100% Hand-Picked Camellia Sinensis Single Estate Darjeeling Leaves,Citrus Zest; Green Apple; Pine Wood,3.4,6.4,7.3,1.9,9.3,49,4,3,84,2.5g per 200ml (or 1:1 milk-water for Chai),High Antioxidants; Cellular Protection,Focused; Meditative; Uplifted,Monsoon Special,1437.0,4.88,237,"An exquisite handcrafted darjeeling harvest from the famed terroirs of Darjeeling (Singbulli). Imbued with prominent sensory notes of Citrus Zest, Green Apple, Pine Wood, this blend exhibits an aroma rating of 9.3/10. Specially curated for focused, meditative rituals, it offers potent high antioxidants, cellular protection.",Poha with Roasted Peanuts; Crisp Onion & Paneer Pakoras; Irani Cafe Bun Maska & Chai,https://images.unsplash.com/photo-1546852199-2d8e8c4aa477?auto=format&fit=crop&w=800&q=80
TEA-IN-0890,Assam Tippy Golden Flowery Orange Pekoe Lot #658,Assam (Mangaldai),Assam,100% High-Grade Assam Whole Leaf & Golden Buds (Camellia Sinensis var. Assamica),Honey; Molasses; Woody,6.4,3.1,3.2,4.4,7.4,58,0,5,95,2.5g per 200ml (or 1:1 milk-water for Chai),Immune Strength; Cardiovascular Support; Metabolic Fire,Energetic; Motivated; Cozy,First Flush Spring,1025.0,4.69,428,"An exquisite handcrafted assam harvest from the famed terroirs of Assam (Mangaldai). Imbued with prominent sensory notes of Honey, Molasses, Woody, this blend exhibits an aroma rating of 7.4/10. Specially curated for energetic, motivated rituals, it offers potent immune strength, cardiovascular support.",Kolkata Style Kathi Rolls; Traditional Osmania Butter Biscuits; Warm Cardamom Nankhatai,https://images.unsplash.com/photo-1571934811356-5cc061b6821f?auto=format&fit=crop&w=800&q=80
TEA-IN-0891,Fiery Adrak & Kali Mirch Kadak Chai Lot #586 '26,Delhi Old Quarter,Masala Chai,"Assam CTC Black Tea, Green Cardamom Pods, Crushed Dry Ginger, Ceylon Cinnamon, Cloves, Black Pepper, Star Anise, Saffron",Spicy; Sweet Heat; Ginger (Adrak),4.2,5.4,2.3,8.1,9.8,56,47,4,98,2.5g per 200ml (or 1:1 milk-water for Chai),Digestive Comfort; Anti-inflammatory; Immunity Shield; Instant Warming,Energetic; Uplifted; Cozy,First Flush Spring,651.0,4.75,21,"An exquisite handcrafted masala chai harvest from the famed terroirs of Delhi Old Quarter. Imbued with prominent sensory notes of Spicy, Sweet Heat, Ginger (Adrak), this blend exhibits an aroma rating of 9.8/10. Specially curated for energetic, uplifted rituals, it offers potent digestive comfort, anti-inflammatory.",Poha with Roasted Peanuts; Irani Cafe Bun Maska & Chai,https://images.unsplash.com/photo-1544787219-7f47ccb76574?auto=format&fit=crop&w=800&q=80
TEA-IN-0892,Zaffran Emerald Heritage Brew '24,Kashmir (Pampore Saffron Fields),Kashmir Kahwa,"Kashmiri Green Tea Leaves, Pampore Pure Saffron Strands, Green Cardamom, Cinnamon, Crushed Almond Slivers, Dried Rose Petals",Delicate Green; Sweet Almond; Cinnamon,1.8,7.6,8.2,7.0,9.7,15,2,4,83,2.5g per 200ml (or 1:1 milk-water for Chai),Calming Warmth; Digestive Fire; Stress Relief; Skin Glow & Radiance,Calm; Refreshed; Cozy,All Season,1057.0,4.63,412,"An exquisite handcrafted kashmir kahwa harvest from the famed terroirs of Kashmir (Pampore Saffron Fields). Imbued with prominent sensory notes of Delicate Green, Sweet Almond, Cinnamon, this blend exhibits an aroma rating of 9.7/10. Specially curated for calm, refreshed rituals, it offers potent calming warmth, digestive fire.",Crisp Hot Samosas with Mint & Tamarind Chutney; Traditional Osmania Butter Biscuits; Irani Cafe Bun Maska & Chai,https://images.unsplash.com/photo-1563822249548-9a72b6353cd1?auto=format&fit=crop&w=800&q=80
TEA-IN-0893,Emerald Dew Nilgiri Green,Nilgiri (Coonoor),Nilgiri,100% High-Elevation Nilgiri Camellia Sinensis,Bright Citrus; Crisp Fruit; Sweet Melon,1.9,8.4,6.4,1.0,8.8,42,5,3,91,2.5g per 200ml (or 1:1 milk-water for Chai),Weight Balance; Heart Health; Antioxidant Rich,Creative; Uplifted,Winter Warmth,726.0,4.78,337,"An exquisite handcrafted nilgiri harvest from the famed terroirs of Nilgiri (Coonoor). Imbued with prominent sensory notes of Bright Citrus, Crisp Fruit, Sweet Melon, this blend exhibits an aroma rating of 8.8/10. Specially curated for creative, uplifted rituals, it offers potent weight balance, heart health.",Poha with Roasted Peanuts; Warm Cardamom Nankhatai,https://images.unsplash.com/photo-1546852199-2d8e8c4aa477?auto=format&fit=crop&w=800&q=80
TEA-IN-0894,"Sacred Tulsi Trio (Rama, Krishna, Vana) '26",Kerala (Western Ghats),Ayurvedic Tisane,"Organic Tulsi (Holy Basil), Ashwagandha Root, Wild Himalayan Turmeric, Brahmi Leaves, Licorice (Mulethi), Fennel Seeds (Saunf), Lemongrass",Cooling; Herbal; Woody,1.6,6.4,7.4,3.9,7.8,0,2,5,99,2.5g per 200ml (or 1:1 milk-water for Chai),Immunity Fortification; Joint & Anti-inflammatory,Calm; Cozy,Monsoon Special,840.0,4.69,121,"An exquisite handcrafted ayurvedic tisane harvest from the famed terroirs of Kerala (Western Ghats). Imbued with prominent sensory notes of Cooling, Herbal, Woody, this blend exhibits an aroma rating of 7.8/10. Specially curated for calm, cozy rituals, it offers potent immunity fortification, joint & anti-inflammatory.",Dhokla with Green Chilies; Gulab Jamun with Rosewater Syrup,https://images.unsplash.com/photo-1544787219-7f47ccb76574?auto=format&fit=crop&w=800&q=80
TEA-IN-0895,Snow Mist Kangra First Flush Lot #708 '25,Himachal Pradesh (Dharamshala),Kangra Valley,100% Certified GI Tagged Kangra Valley Whole Leaf Tea,Mellow Green; Sweet Vegetal; Pine Mist; Nutty,2.3,7.8,8.2,1.9,8.6,26,1,4,85,2.5g per 200ml (or 1:1 milk-water for Chai),Digestive Ease; Metabolic Balance; Peaceful Focus,Refreshed; Focused; Meditative; Uplifted,First Flush Spring,727.0,4.54,60,"An exquisite handcrafted kangra valley harvest from the famed terroirs of Himachal Pradesh (Dharamshala). Imbued with prominent sensory notes of Mellow Green, Sweet Vegetal, Pine Mist, this blend exhibits an aroma rating of 8.6/10. Specially curated for refreshed, focused rituals, it offers potent digestive ease, metabolic balance.",Dhokla with Green Chilies; Spicy Bhakarwadi & Mathri; Traditional Osmania Butter Biscuits,https://images.unsplash.com/photo-1576092768241-dec231879fc3?auto=format&fit=crop&w=800&q=80
TEA-IN-0896,Temi Estate 100% Organic First Flush,"Sikkim (Temi Tea Estate, South Sikkim)",Sikkim Temi,100% Organic Single Estate Temi Leaves,Honeyed Wood; Muscatel; Caramel,3.5,8.0,7.7,1.9,9.1,42,5,4,88,2.5g per 200ml (or 1:1 milk-water for Chai),Cardiovascular Support; Pure Organic Nutrition; L-Theanine Serenity; Skin Vitality,Calm; Meditative; Serene; Focused,Autumnal Harvest,1353.0,4.88,134,"An exquisite handcrafted sikkim temi harvest from the famed terroirs of Sikkim (Temi Tea Estate, South Sikkim). Imbued with prominent sensory notes of Honeyed Wood, Muscatel, Caramel, this blend exhibits an aroma rating of 9.1/10. Specially curated for calm, meditative rituals, it offers potent cardiovascular support, pure organic nutrition.",Gulab Jamun with Rosewater Syrup; Crisp Onion & Paneer Pakoras; Kolkata Style Kathi Rolls,https://images.unsplash.com/photo-1546852199-2d8e8c4aa477?auto=format&fit=crop&w=800&q=80
TEA-IN-0897,Silver Needle White Darjeeling Lot #149 '24,Darjeeling (Okayti),Darjeeling,100% Hand-Picked Camellia Sinensis Single Estate Darjeeling Leaves,Muscatel; Honey; Green Apple,2.2,7.1,7.1,0.9,8.6,44,3,3,90,2.5g per 200ml (or 1:1 milk-water for Chai),High Antioxidants; Cellular Protection,Refreshed; Meditative; Calm,First Flush Spring,1300.0,4.77,375,"An exquisite handcrafted darjeeling harvest from the famed terroirs of Darjeeling (Okayti). Imbued with prominent sensory notes of Muscatel, Honey, Green Apple, this blend exhibits an aroma rating of 8.6/10. Specially curated for refreshed, meditative rituals, it offers potent high antioxidants, cellular protection.",Spicy Bhakarwadi & Mathri; Warm Cardamom Nankhatai; Irani Cafe Bun Maska & Chai,https://images.unsplash.com/photo-1576092768241-dec231879fc3?auto=format&fit=crop&w=800&q=80
TEA-IN-0898,Imperial Halmari Single Estate,Assam (Dibrugarh),Assam,100% High-Grade Assam Whole Leaf & Golden Buds (Camellia Sinensis var. Assamica),Honey; Toasted Grain; Malty; Woody; Dark Cocoa,4.1,4.4,2.8,1.7,8.9,75,2,4,95,2.5g per 200ml (or 1:1 milk-water for Chai),Digestive Power; Cardiovascular Support; High Sustained Energy; Immune Strength,Energetic; Uplifted; Focused,Monsoon Special,1091.0,4.73,287,"An exquisite handcrafted assam harvest from the famed terroirs of Assam (Dibrugarh). Imbued with prominent sensory notes of Honey, Toasted Grain, Malty, this blend exhibits an aroma rating of 8.9/10. Specially curated for energetic, uplifted rituals, it offers potent digestive power, cardiovascular support.",Dhokla with Green Chilies; Spicy Bhakarwadi & Mathri; Crisp Onion & Paneer Pakoras,https://images.unsplash.com/photo-1571934811356-5cc061b6821f?auto=format&fit=crop&w=800&q=80
TEA-IN-0899,Fiery Adrak & Kali Mirch Kadak Chai Lot #323 '26,Delhi Old Quarter,Masala Chai,"Assam CTC Black Tea, Green Cardamom Pods, Crushed Dry Ginger, Ceylon Cinnamon, Cloves, Black Pepper, Star Anise, Saffron",Peppery; Cinnamon (Dalchini); Creamy; Sweet Heat; Clove (Laung),4.6,7.3,2.3,8.3,9.2,56,30,6,97,2.5g per 200ml (or 1:1 milk-water for Chai),Digestive Comfort; Anti-inflammatory,Refreshed; Uplifted; Comforting; Cozy,Autumnal Harvest,650.0,4.46,186,"An exquisite handcrafted masala chai harvest from the famed terroirs of Delhi Old Quarter. Imbued with prominent sensory notes of Peppery, Cinnamon (Dalchini), Creamy, this blend exhibits an aroma rating of 9.2/10. Specially curated for refreshed, uplifted rituals, it offers potent digestive comfort, anti-inflammatory.",Kashmiri Girda Flatbread with Butter; Warm Cardamom Nankhatai,https://images.unsplash.com/photo-1544787219-7f47ccb76574?auto=format&fit=crop&w=800&q=80
TEA-IN-0900,Royal Kashmiri Saffron Almond Kahwa '24,Kashmir (Gulmarg Hills),Kashmir Kahwa,"Kashmiri Green Tea Leaves, Pampore Pure Saffron Strands, Green Cardamom, Cinnamon, Crushed Almond Slivers, Dried Rose Petals",Delicate Green; Sweet Almond; Nutty,2.1,8.1,8.2,6.3,9.8,21,5,4,82,2.5g per 200ml (or 1:1 milk-water for Chai),Calming Warmth; Immunity Boost,Calm; Relaxed; Meditative,Winter Warmth,1189.0,4.4,381,"An exquisite handcrafted kashmir kahwa harvest from the famed terroirs of Kashmir (Gulmarg Hills). Imbued with prominent sensory notes of Delicate Green, Sweet Almond, Nutty, this blend exhibits an aroma rating of 9.8/10. Specially curated for calm, relaxed rituals, it offers potent calming warmth, immunity boost.",Spicy Bhakarwadi & Mathri; Kolkata Style Kathi Rolls,https://images.unsplash.com/photo-1576092768241-dec231879fc3?auto=format&fit=crop&w=800&q=80
TEA-IN-0901,Coonoor Highland Fragrant Amber Lot #931 '26,Nilgiri (Kotagiri),Nilgiri,100% High-Elevation Nilgiri Camellia Sinensis,Floral; Light Malt; Sweet Melon; Crisp Fruit; Plum,1.6,6.5,8.9,1.9,8.6,35,2,3,95,2.5g per 200ml (or 1:1 milk-water for Chai),Weight Balance; Heart Health; Gentle Alertness,Calm; Creative; Focused,Monsoon Special,1378.0,4.46,194,"An exquisite handcrafted nilgiri harvest from the famed terroirs of Nilgiri (Kotagiri). Imbued with prominent sensory notes of Floral, Light Malt, Sweet Melon, this blend exhibits an aroma rating of 8.6/10. Specially curated for calm, creative rituals, it offers potent weight balance, heart health.",Kashmiri Girda Flatbread with Butter; Traditional Osmania Butter Biscuits,https://images.unsplash.com/photo-1597481499750-3e6b22637e12?auto=format&fit=crop&w=800&q=80
TEA-IN-0902,Brahmi & Shankhpushpi Memory Tonic,Kerala (Western Ghats),Ayurvedic Tisane,"Organic Tulsi (Holy Basil), Ashwagandha Root, Wild Himalayan Turmeric, Brahmi Leaves, Licorice (Mulethi), Fennel Seeds (Saunf), Lemongrass",Cooling; Sweet Earthy; Herbal,1.3,7.4,4.6,5.0,9.4,0,4,7,97,2.5g per 200ml (or 1:1 milk-water for Chai),Immunity Fortification; Deep Restful Sleep,Soothing; Relaxed,First Flush Spring,512.0,4.86,269,"An exquisite handcrafted ayurvedic tisane harvest from the famed terroirs of Kerala (Western Ghats). Imbued with prominent sensory notes of Cooling, Sweet Earthy, Herbal, this blend exhibits an aroma rating of 9.4/10. Specially curated for soothing, relaxed rituals, it offers potent immunity fortification, deep restful sleep.",Crisp Hot Samosas with Mint & Tamarind Chutney; Traditional Osmania Butter Biscuits; Irani Cafe Bun Maska & Chai,https://images.unsplash.com/photo-1597481499750-3e6b22637e12?auto=format&fit=crop&w=800&q=80
TEA-IN-0903,Dharamshala Mountain Dew Green '24,Himachal Pradesh (Dharamshala),Kangra Valley,100% Certified GI Tagged Kangra Valley Whole Leaf Tea,Mellow Green; Floral; Pine Mist; Nutty,3.0,7.9,5.9,2.0,7.1,28,5,4,85,2.5g per 200ml (or 1:1 milk-water for Chai),Digestive Ease; Antioxidant Shield,Refreshed; Focused; Calm,Autumnal Harvest,1055.0,4.35,66,"An exquisite handcrafted kangra valley harvest from the famed terroirs of Himachal Pradesh (Dharamshala). Imbued with prominent sensory notes of Mellow Green, Floral, Pine Mist, this blend exhibits an aroma rating of 7.1/10. Specially curated for refreshed, focused rituals, it offers potent digestive ease, antioxidant shield.",Shrewsbury Butter Biscuits; Crisp Hot Samosas with Mint & Tamarind Chutney; Traditional Osmania Butter Biscuits,https://images.unsplash.com/photo-1576092768241-dec231879fc3?auto=format&fit=crop&w=800&q=80
TEA-IN-0904,Sikkim Royal Orthodox Muscatel '26,"Sikkim (Temi Tea Estate, South Sikkim)",Sikkim Temi,100% Organic Single Estate Temi Leaves,Honeyed Wood; Sweet Floral; Peach; Muscatel; Gentle Spice,2.9,7.5,7.1,2.5,8.1,44,3,3,87,2.5g per 200ml (or 1:1 milk-water for Chai),Pure Organic Nutrition; L-Theanine Serenity; Skin Vitality,Refreshed; Focused; Serene; Calm,All Season,943.0,4.87,58,"An exquisite handcrafted sikkim temi harvest from the famed terroirs of Sikkim (Temi Tea Estate, South Sikkim). Imbued with prominent sensory notes of Honeyed Wood, Sweet Floral, Peach, this blend exhibits an aroma rating of 8.1/10. Specially curated for refreshed, focused rituals, it offers potent pure organic nutrition, l-theanine serenity.",Spicy Bhakarwadi & Mathri; Kolkata Style Kathi Rolls,https://images.unsplash.com/photo-1576092768241-dec231879fc3?auto=format&fit=crop&w=800&q=80
TEA-IN-0905,Misty Mountain Bio-Dynamic First Flush,Darjeeling (Castle Castleton),Darjeeling,100% Hand-Picked Camellia Sinensis Single Estate Darjeeling Leaves,Honey; Apricot; Citrus Zest; Pine Wood,3.4,6.8,9.8,1.0,8.6,31,4,4,88,2.5g per 200ml (or 1:1 milk-water for Chai),Mental Clarity; Heart Wellness,Calm; Refreshed; Focused; Meditative,Monsoon Special,2245.0,4.82,233,"An exquisite handcrafted darjeeling harvest from the famed terroirs of Darjeeling (Castle Castleton). Imbued with prominent sensory notes of Honey, Apricot, Citrus Zest, this blend exhibits an aroma rating of 8.6/10. Specially curated for calm, refreshed rituals, it offers potent mental clarity, heart wellness.",Crisp Hot Samosas with Mint & Tamarind Chutney; Kolkata Style Kathi Rolls,https://images.unsplash.com/photo-1546852199-2d8e8c4aa477?auto=format&fit=crop&w=800&q=80
TEA-IN-0906,Malty Breakfast Kadak CTC Lot #715,Assam (Upper Brahmaputra Valley),Assam,100% High-Grade Assam Whole Leaf & Golden Buds (Camellia Sinensis var. Assamica),Dark Cocoa; Honey; Molasses,6.9,4.8,2.7,3.1,7.5,59,3,4,98,2.5g per 200ml (or 1:1 milk-water for Chai),Cardiovascular Support; High Sustained Energy; Immune Strength,Energetic; Uplifted; Motivated; Cozy,Autumnal Harvest,600.0,4.57,305,"An exquisite handcrafted assam harvest from the famed terroirs of Assam (Upper Brahmaputra Valley). Imbued with prominent sensory notes of Dark Cocoa, Honey, Molasses, this blend exhibits an aroma rating of 7.5/10. Specially curated for energetic, uplifted rituals, it offers potent cardiovascular support, high sustained energy.",Poha with Roasted Peanuts; Dhokla with Green Chilies; Crisp Hot Samosas with Mint & Tamarind Chutney,https://images.unsplash.com/photo-1514733670139-4d87a1941d55?auto=format&fit=crop&w=800&q=80
TEA-IN-0907,Fiery Adrak & Kali Mirch Kadak Chai Lot #637,Rajasthan Royal Palace,Masala Chai,"Assam CTC Black Tea, Green Cardamom Pods, Crushed Dry Ginger, Ceylon Cinnamon, Cloves, Black Pepper, Star Anise, Saffron",Cardamom (Elaichi); Sweet Heat; Creamy; Peppery,4.4,4.7,2.5,9.6,9.7,69,22,6,100,2.5g per 200ml (or 1:1 milk-water for Chai),Digestive Comfort; Anti-inflammatory; Cold & Cough Relief,Energetic; Uplifted; Cozy,Winter Warmth,371.0,4.82,329,"An exquisite handcrafted masala chai harvest from the famed terroirs of Rajasthan Royal Palace. Imbued with prominent sensory notes of Cardamom (Elaichi), Sweet Heat, Creamy, this blend exhibits an aroma rating of 9.7/10. Specially curated for energetic, uplifted rituals, it offers potent digestive comfort, anti-inflammatory.",Kashmiri Girda Flatbread with Butter; Crisp Hot Samosas with Mint & Tamarind Chutney,https://images.unsplash.com/photo-1571934811356-5cc061b6821f?auto=format&fit=crop&w=800&q=80
TEA-IN-0908,Gulmarg Winter Spice Kahwa Lot #455 '26,Kashmir (Srinagar Valley),Kashmir Kahwa,"Kashmiri Green Tea Leaves, Pampore Pure Saffron Strands, Green Cardamom, Cinnamon, Crushed Almond Slivers, Dried Rose Petals",Delicate Green; Saffron (Kesar); Cinnamon; Sweet Almond; Floral Honey,2.1,7.2,9.1,5.8,9.5,23,3,4,84,2.5g per 200ml (or 1:1 milk-water for Chai),Calming Warmth; Digestive Fire; Skin Glow & Radiance; Immunity Boost,Calm; Meditative; Cozy,Winter Warmth,1613.0,4.86,126,"An exquisite handcrafted kashmir kahwa harvest from the famed terroirs of Kashmir (Srinagar Valley). Imbued with prominent sensory notes of Delicate Green, Saffron (Kesar), Cinnamon, this blend exhibits an aroma rating of 9.5/10. Specially curated for calm, meditative rituals, it offers potent calming warmth, digestive fire.",Poha with Roasted Peanuts; Crisp Onion & Paneer Pakoras,https://images.unsplash.com/photo-1563822249548-9a72b6353cd1?auto=format&fit=crop&w=800&q=80
TEA-IN-0909,High Altitude Floral White Nilgiri Lot #741 '24,Nilgiri (Blue Mountains),Nilgiri,100% High-Elevation Nilgiri Camellia Sinensis,Honey; Sweet Melon; Plum,2.5,6.4,8.2,0.8,8.8,54,3,4,88,2.5g per 200ml (or 1:1 milk-water for Chai),Weight Balance; Antioxidant Rich; Daily Refreshment,Refreshed; Uplifted,Monsoon Special,1001.0,4.41,232,"An exquisite handcrafted nilgiri harvest from the famed terroirs of Nilgiri (Blue Mountains). Imbued with prominent sensory notes of Honey, Sweet Melon, Plum, this blend exhibits an aroma rating of 8.8/10. Specially curated for refreshed, uplifted rituals, it offers potent weight balance, antioxidant rich.",Shrewsbury Butter Biscuits; Kashmiri Girda Flatbread with Butter; Gulab Jamun with Rosewater Syrup,https://images.unsplash.com/photo-1597481499750-3e6b22637e12?auto=format&fit=crop&w=800&q=80
TEA-IN-0910,Triphala & Fennel Digestive Nectar Lot #790,Madhya Pradesh Herbal Forests,Ayurvedic Tisane,"Organic Tulsi (Holy Basil), Ashwagandha Root, Wild Himalayan Turmeric, Brahmi Leaves, Licorice (Mulethi), Fennel Seeds (Saunf), Lemongrass",Herbal; Fennel Sweetness; Cooling; Woody; Tulsi Mint,2.6,4.6,6.7,2.6,8.2,0,2,6,95,2.5g per 200ml (or 1:1 milk-water for Chai),Cortisol / Stress Reduction; Gut Health & Detox; Immunity Fortification; Deep Restful Sleep,Calm; Soothing; Meditative,Monsoon Special,554.0,4.31,428,"An exquisite handcrafted ayurvedic tisane harvest from the famed terroirs of Madhya Pradesh Herbal Forests. Imbued with prominent sensory notes of Herbal, Fennel Sweetness, Cooling, this blend exhibits an aroma rating of 8.2/10. Specially curated for calm, soothing rituals, it offers potent cortisol / stress reduction, gut health & detox.",Spicy Bhakarwadi & Mathri; Warm Cardamom Nankhatai; Irani Cafe Bun Maska & Chai,https://images.unsplash.com/photo-1544787219-7f47ccb76574?auto=format&fit=crop&w=800&q=80
TEA-IN-0911,Palampur Orthodox Spring Gold '24,Himachal Pradesh (Palampur),Kangra Valley,100% Certified GI Tagged Kangra Valley Whole Leaf Tea,Mellow Green; Floral; Roasted Corn,1.1,5.7,5.8,0.7,7.6,43,0,3,79,2.5g per 200ml (or 1:1 milk-water for Chai),Digestive Ease; Metabolic Balance; Peaceful Focus,Calm; Uplifted,Winter Warmth,914.0,4.56,94,"An exquisite handcrafted kangra valley harvest from the famed terroirs of Himachal Pradesh (Palampur). Imbued with prominent sensory notes of Mellow Green, Floral, Roasted Corn, this blend exhibits an aroma rating of 7.6/10. Specially curated for calm, uplifted rituals, it offers potent digestive ease, metabolic balance.",Crisp Onion & Paneer Pakoras; Kolkata Style Kathi Rolls,https://images.unsplash.com/photo-1563822249548-9a72b6353cd1?auto=format&fit=crop&w=800&q=80
TEA-IN-0912,Kanchenjunga Mist Golden Tips Lot #748,Sikkim (Ravangla Highlands),Sikkim Temi,100% Organic Single Estate Temi Leaves,Muscatel; Honeyed Wood; Sweet Floral,1.5,6.3,6.6,1.4,9.4,30,3,4,88,2.5g per 200ml (or 1:1 milk-water for Chai),Cardiovascular Support; Pure Organic Nutrition; L-Theanine Serenity; Skin Vitality,Focused; Serene,Autumnal Harvest,933.0,4.33,297,"An exquisite handcrafted sikkim temi harvest from the famed terroirs of Sikkim (Ravangla Highlands). Imbued with prominent sensory notes of Muscatel, Honeyed Wood, Sweet Floral, this blend exhibits an aroma rating of 9.4/10. Specially curated for focused, serene rituals, it offers potent cardiovascular support, pure organic nutrition.",Crisp Onion & Paneer Pakoras; Kolkata Style Kathi Rolls,https://images.unsplash.com/photo-1546852199-2d8e8c4aa477?auto=format&fit=crop&w=800&q=80
TEA-IN-0913,Silver Needle White Darjeeling Lot #600,Darjeeling (Castle Castleton),Darjeeling,100% Hand-Picked Camellia Sinensis Single Estate Darjeeling Leaves,Honey; Honeysuckle; Apricot,2.2,6.1,8.9,0.6,9.1,49,3,3,85,2.5g per 200ml (or 1:1 milk-water for Chai),Mental Clarity; Cellular Protection; Heart Wellness,Calm; Focused; Meditative,First Flush Spring,1014.0,4.67,221,"An exquisite handcrafted darjeeling harvest from the famed terroirs of Darjeeling (Castle Castleton). Imbued with prominent sensory notes of Honey, Honeysuckle, Apricot, this blend exhibits an aroma rating of 9.1/10. Specially curated for calm, focused rituals, it offers potent mental clarity, cellular protection.",Shrewsbury Butter Biscuits; Warm Cardamom Nankhatai,https://images.unsplash.com/photo-1576092768241-dec231879fc3?auto=format&fit=crop&w=800&q=80
TEA-IN-0914,Malty Breakfast Kadak CTC Lot #341,Assam (Jorhat),Assam,100% High-Grade Assam Whole Leaf & Golden Buds (Camellia Sinensis var. Assamica),Caramel; Toasted Grain; Malty; Woody; Molasses,5.1,3.1,3.8,4.0,9.2,81,0,4,98,2.5g per 200ml (or 1:1 milk-water for Chai),Cardiovascular Support; Metabolic Fire,Energetic; Motivated; Cozy; Focused,Autumnal Harvest,1138.0,4.84,276,"An exquisite handcrafted assam harvest from the famed terroirs of Assam (Jorhat). Imbued with prominent sensory notes of Caramel, Toasted Grain, Malty, this blend exhibits an aroma rating of 9.2/10. Specially curated for energetic, motivated rituals, it offers potent cardiovascular support, metabolic fire.",Crisp Hot Samosas with Mint & Tamarind Chutney; Warm Cardamom Nankhatai,https://images.unsplash.com/photo-1514733670139-4d87a1941d55?auto=format&fit=crop&w=800&q=80
TEA-IN-0915,Royal Elaichi & Kesar Rich Chai Lot #924 '24,Assam & Kerala Spice Hills,Masala Chai,"Assam CTC Black Tea, Green Cardamom Pods, Crushed Dry Ginger, Ceylon Cinnamon, Cloves, Black Pepper, Star Anise, Saffron",Cardamom (Elaichi); Peppery; Ginger (Adrak); Cinnamon (Dalchini); Spicy,5.2,7.8,2.1,9.1,9.6,66,46,5,99,2.5g per 200ml (or 1:1 milk-water for Chai),Cold & Cough Relief; Digestive Comfort; Immunity Shield,Refreshed; Cozy,Monsoon Special,421.0,4.95,195,"An exquisite handcrafted masala chai harvest from the famed terroirs of Assam & Kerala Spice Hills. Imbued with prominent sensory notes of Cardamom (Elaichi), Peppery, Ginger (Adrak), this blend exhibits an aroma rating of 9.6/10. Specially curated for refreshed, cozy rituals, it offers potent cold & cough relief, digestive comfort.",Poha with Roasted Peanuts; Shrewsbury Butter Biscuits,https://images.unsplash.com/photo-1544787219-7f47ccb76574?auto=format&fit=crop&w=800&q=80
TEA-IN-0916,Rose Petal & Kashmiri Cardamom Kahwa,Kashmir (Srinagar Valley),Kashmir Kahwa,"Kashmiri Green Tea Leaves, Pampore Pure Saffron Strands, Green Cardamom, Cinnamon, Crushed Almond Slivers, Dried Rose Petals",Delicate Green; Sweet Almond; Floral Honey,2.7,8.0,7.1,6.4,9.5,21,4,5,82,2.5g per 200ml (or 1:1 milk-water for Chai),Digestive Fire; Immunity Boost,Refreshed; Relaxed; Meditative; Cozy,Autumnal Harvest,879.0,4.62,411,"An exquisite handcrafted kashmir kahwa harvest from the famed terroirs of Kashmir (Srinagar Valley). Imbued with prominent sensory notes of Delicate Green, Sweet Almond, Floral Honey, this blend exhibits an aroma rating of 9.5/10. Specially curated for refreshed, relaxed rituals, it offers potent digestive fire, immunity boost.",Crisp Onion & Paneer Pakoras; Warm Cardamom Nankhatai,https://images.unsplash.com/photo-1576092768241-dec231879fc3?auto=format&fit=crop&w=800&q=80
TEA-IN-0917,Tiger Hill Single Cultivar Nilgiri Lot #584,Nilgiri (Ooty Highlands),Nilgiri,100% High-Elevation Nilgiri Camellia Sinensis,Light Malt; Honey; Sweet Melon; Bright Citrus; Plum,3.0,7.1,6.8,0.9,9.3,53,2,4,94,2.5g per 200ml (or 1:1 milk-water for Chai),Weight Balance; Antioxidant Rich; Daily Refreshment; Gentle Alertness,Calm; Creative; Focused; Uplifted,Autumnal Harvest,1410.0,4.35,446,"An exquisite handcrafted nilgiri harvest from the famed terroirs of Nilgiri (Ooty Highlands). Imbued with prominent sensory notes of Light Malt, Honey, Sweet Melon, this blend exhibits an aroma rating of 9.3/10. Specially curated for calm, creative rituals, it offers potent weight balance, antioxidant rich.",Poha with Roasted Peanuts; Irani Cafe Bun Maska & Chai,https://images.unsplash.com/photo-1546852199-2d8e8c4aa477?auto=format&fit=crop&w=800&q=80
TEA-IN-0918,"Sacred Tulsi Trio (Rama, Krishna, Vana) '25",Himalayan Foothills,Ayurvedic Tisane,"Organic Tulsi (Holy Basil), Ashwagandha Root, Wild Himalayan Turmeric, Brahmi Leaves, Licorice (Mulethi), Fennel Seeds (Saunf), Lemongrass",Warm Ginger; Herbal; Fennel Sweetness; Cooling; Woody,1.4,7.8,6.8,4.2,8.2,0,3,5,95,2.5g per 200ml (or 1:1 milk-water for Chai),Cortisol / Stress Reduction; Joint & Anti-inflammatory; Immunity Fortification; Deep Restful Sleep,Calm; Soothing,Monsoon Special,339.0,4.6,286,"An exquisite handcrafted ayurvedic tisane harvest from the famed terroirs of Himalayan Foothills. Imbued with prominent sensory notes of Warm Ginger, Herbal, Fennel Sweetness, this blend exhibits an aroma rating of 8.2/10. Specially curated for calm, soothing rituals, it offers potent cortisol / stress reduction, joint & anti-inflammatory.",Crisp Hot Samosas with Mint & Tamarind Chutney; Spicy Bhakarwadi & Mathri; Warm Cardamom Nankhatai,https://images.unsplash.com/photo-1544787219-7f47ccb76574?auto=format&fit=crop&w=800&q=80
TEA-IN-0919,Himalayan Cedar Scented Kangra,Himachal Pradesh (Palampur),Kangra Valley,100% Certified GI Tagged Kangra Valley Whole Leaf Tea,Floral; Roasted Corn; Nutty,2.9,7.1,7.9,1.4,8.0,35,3,2,85,2.5g per 200ml (or 1:1 milk-water for Chai),Antioxidant Shield; Peaceful Focus,Calm; Focused,Second Flush Summer,888.0,4.51,121,"An exquisite handcrafted kangra valley harvest from the famed terroirs of Himachal Pradesh (Palampur). Imbued with prominent sensory notes of Floral, Roasted Corn, Nutty, this blend exhibits an aroma rating of 8.0/10. Specially curated for calm, focused rituals, it offers potent antioxidant shield, peaceful focus.",Poha with Roasted Peanuts; Gulab Jamun with Rosewater Syrup; Traditional Osmania Butter Biscuits,https://images.unsplash.com/photo-1576092768241-dec231879fc3?auto=format&fit=crop&w=800&q=80
TEA-IN-0920,Temi Estate 100% Organic First Flush Lot #214 '24,Sikkim (Ravangla Highlands),Sikkim Temi,100% Organic Single Estate Temi Leaves,Honeyed Wood; Muscatel; Sweet Floral; Caramel,2.4,7.4,8.4,2.7,9.5,35,0,3,85,2.5g per 200ml (or 1:1 milk-water for Chai),L-Theanine Serenity; Cardiovascular Support; Skin Vitality,Focused; Serene,All Season,1561.0,4.55,102,"An exquisite handcrafted sikkim temi harvest from the famed terroirs of Sikkim (Ravangla Highlands). Imbued with prominent sensory notes of Honeyed Wood, Muscatel, Sweet Floral, this blend exhibits an aroma rating of 9.5/10. Specially curated for focused, serene rituals, it offers potent l-theanine serenity, cardiovascular support.",Poha with Roasted Peanuts; Dhokla with Green Chilies; Spicy Bhakarwadi & Mathri,https://images.unsplash.com/photo-1546852199-2d8e8c4aa477?auto=format&fit=crop&w=800&q=80
TEA-IN-0921,Castleton Muscatel Supreme Lot #797,Darjeeling (Makaibari),Darjeeling,100% Hand-Picked Camellia Sinensis Single Estate Darjeeling Leaves,Floral; Apricot; Pine Wood; Green Apple; Muscatel,2.0,5.9,7.7,0.5,9.9,31,4,3,86,2.5g per 200ml (or 1:1 milk-water for Chai),Mental Clarity; Cellular Protection; Gentle Vitality; Heart Wellness,Calm; Meditative,Autumnal Harvest,1835.0,4.41,279,"An exquisite handcrafted darjeeling harvest from the famed terroirs of Darjeeling (Makaibari). Imbued with prominent sensory notes of Floral, Apricot, Pine Wood, this blend exhibits an aroma rating of 9.9/10. Specially curated for calm, meditative rituals, it offers potent mental clarity, cellular protection.",Dhokla with Green Chilies; Warm Cardamom Nankhatai,https://images.unsplash.com/photo-1594631252845-29fc4cc8cde9?auto=format&fit=crop&w=800&q=80
TEA-IN-0922,Imperial Halmari Single Estate Lot #932,Assam (Jorhat),Assam,100% High-Grade Assam Whole Leaf & Golden Buds (Camellia Sinensis var. Assamica),Dark Cocoa; Malty; Woody; Caramel,5.2,4.8,3.6,4.4,7.6,71,3,5,99,2.5g per 200ml (or 1:1 milk-water for Chai),Metabolic Fire; Immune Strength,Motivated; Cozy,Second Flush Summer,627.0,4.74,264,"An exquisite handcrafted assam harvest from the famed terroirs of Assam (Jorhat). Imbued with prominent sensory notes of Dark Cocoa, Malty, Woody, this blend exhibits an aroma rating of 7.6/10. Specially curated for motivated, cozy rituals, it offers potent metabolic fire, immune strength.",Kashmiri Girda Flatbread with Butter; Crisp Hot Samosas with Mint & Tamarind Chutney; Spicy Bhakarwadi & Mathri,https://images.unsplash.com/photo-1544787219-7f47ccb76574?auto=format&fit=crop&w=800&q=80
TEA-IN-0923,Cinnamon Bark & Clove Monsoon Chai Lot #222 '24,Rajasthan Royal Palace,Masala Chai,"Assam CTC Black Tea, Green Cardamom Pods, Crushed Dry Ginger, Ceylon Cinnamon, Cloves, Black Pepper, Star Anise, Saffron",Cardamom (Elaichi); Clove (Laung); Creamy; Peppery,4.2,5.5,2.2,9.5,9.6,45,38,5,98,2.5g per 200ml (or 1:1 milk-water for Chai),Immunity Shield; Digestive Comfort; Cold & Cough Relief; Instant Warming,Refreshed; Energetic; Comforting,All Season,380.0,4.75,263,"An exquisite handcrafted masala chai harvest from the famed terroirs of Rajasthan Royal Palace. Imbued with prominent sensory notes of Cardamom (Elaichi), Clove (Laung), Creamy, this blend exhibits an aroma rating of 9.6/10. Specially curated for refreshed, energetic rituals, it offers potent immunity shield, digestive comfort.",Dhokla with Green Chilies; Traditional Osmania Butter Biscuits,https://images.unsplash.com/photo-1544787219-7f47ccb76574?auto=format&fit=crop&w=800&q=80
TEA-IN-0924,Pink Salted Noon Chai (Sheer Chai) Lot #698 '25,Kashmir (Pampore Saffron Fields),Kashmir Kahwa,"Kashmiri Green Tea Leaves, Pampore Pure Saffron Strands, Green Cardamom, Cinnamon, Crushed Almond Slivers, Dried Rose Petals",Delicate Green; Floral Honey; Saffron (Kesar),1.6,7.8,9.0,5.2,9.0,28,3,3,80,2.5g per 200ml (or 1:1 milk-water for Chai),Calming Warmth; Stress Relief; Skin Glow & Radiance; Immunity Boost,Refreshed; Relaxed,Second Flush Summer,1854.0,4.81,340,"An exquisite handcrafted kashmir kahwa harvest from the famed terroirs of Kashmir (Pampore Saffron Fields). Imbued with prominent sensory notes of Delicate Green, Floral Honey, Saffron (Kesar), this blend exhibits an aroma rating of 9.0/10. Specially curated for refreshed, relaxed rituals, it offers potent calming warmth, stress relief.",Shrewsbury Butter Biscuits; Traditional Osmania Butter Biscuits; Warm Cardamom Nankhatai,https://images.unsplash.com/photo-1576092768241-dec231879fc3?auto=format&fit=crop&w=800&q=80
TEA-IN-0925,Nilgiri Golden Needle Rare Estate Lot #102,Nilgiri (Blue Mountains),Nilgiri,100% High-Elevation Nilgiri Camellia Sinensis,Light Malt; Honey; Sweet Melon; Bright Citrus; Plum,2.8,7.3,8.0,0.9,9.3,48,3,3,95,2.5g per 200ml (or 1:1 milk-water for Chai),Weight Balance; Antioxidant Rich,Calm; Creative,Autumnal Harvest,1394.0,4.47,231,"An exquisite handcrafted nilgiri harvest from the famed terroirs of Nilgiri (Blue Mountains). Imbued with prominent sensory notes of Light Malt, Honey, Sweet Melon, this blend exhibits an aroma rating of 9.3/10. Specially curated for calm, creative rituals, it offers potent weight balance, antioxidant rich.",Poha with Roasted Peanuts; Gulab Jamun with Rosewater Syrup,https://images.unsplash.com/photo-1546852199-2d8e8c4aa477?auto=format&fit=crop&w=800&q=80
TEA-IN-0926,Triphala & Fennel Digestive Nectar,Uttarakhand Sacred Valleys,Ayurvedic Tisane,"Organic Tulsi (Holy Basil), Ashwagandha Root, Wild Himalayan Turmeric, Brahmi Leaves, Licorice (Mulethi), Fennel Seeds (Saunf), Lemongrass",Warm Ginger; Herbal; Woody; Botanical,3.0,7.1,6.1,2.5,7.8,0,0,7,100,2.5g per 200ml (or 1:1 milk-water for Chai),Cortisol / Stress Reduction; Deep Restful Sleep,Calm; Meditative,Winter Warmth,454.0,4.64,182,"An exquisite handcrafted ayurvedic tisane harvest from the famed terroirs of Uttarakhand Sacred Valleys. Imbued with prominent sensory notes of Warm Ginger, Herbal, Woody, this blend exhibits an aroma rating of 7.8/10. Specially curated for calm, meditative rituals, it offers potent cortisol / stress reduction, deep restful sleep.",Poha with Roasted Peanuts; Spicy Bhakarwadi & Mathri; Kolkata Style Kathi Rolls,https://images.unsplash.com/photo-1597481499750-3e6b22637e12?auto=format&fit=crop&w=800&q=80
TEA-IN-0927,Himalayan Cedar Scented Kangra Lot #116 '24,Himachal Pradesh (Dharamshala),Kangra Valley,100% Certified GI Tagged Kangra Valley Whole Leaf Tea,Mellow Green; Floral; Roasted Corn,1.6,6.9,5.2,1.4,7.5,28,2,2,83,2.5g per 200ml (or 1:1 milk-water for Chai),Digestive Ease; Peaceful Focus,Calm; Refreshed; Meditative; Uplifted,First Flush Spring,1171.0,4.58,151,"An exquisite handcrafted kangra valley harvest from the famed terroirs of Himachal Pradesh (Dharamshala). Imbued with prominent sensory notes of Mellow Green, Floral, Roasted Corn, this blend exhibits an aroma rating of 7.5/10. Specially curated for calm, refreshed rituals, it offers potent digestive ease, peaceful focus.",Kashmiri Girda Flatbread with Butter; Crisp Onion & Paneer Pakoras; Irani Cafe Bun Maska & Chai,https://images.unsplash.com/photo-1563822249548-9a72b6353cd1?auto=format&fit=crop&w=800&q=80
TEA-IN-0928,Sikkim Royal Orthodox Muscatel Lot #355 '26,Sikkim (Ravangla Highlands),Sikkim Temi,100% Organic Single Estate Temi Leaves,Muscatel; Peach; Sweet Floral,2.8,7.9,8.3,1.9,8.2,49,0,3,87,2.5g per 200ml (or 1:1 milk-water for Chai),Pure Organic Nutrition; L-Theanine Serenity; Skin Vitality,Meditative; Serene; Focused,All Season,867.0,4.76,420,"An exquisite handcrafted sikkim temi harvest from the famed terroirs of Sikkim (Ravangla Highlands). Imbued with prominent sensory notes of Muscatel, Peach, Sweet Floral, this blend exhibits an aroma rating of 8.2/10. Specially curated for meditative, serene rituals, it offers potent pure organic nutrition, l-theanine serenity.",Kashmiri Girda Flatbread with Butter; Crisp Onion & Paneer Pakoras,https://images.unsplash.com/photo-1546852199-2d8e8c4aa477?auto=format&fit=crop&w=800&q=80
TEA-IN-0929,Margaret's Hope Golden Tips Lot #271 '26,Darjeeling (Jungpana),Darjeeling,100% Hand-Picked Camellia Sinensis Single Estate Darjeeling Leaves,Muscatel; Honeysuckle; Floral,2.7,7.4,7.5,1.0,8.2,33,5,4,86,2.5g per 200ml (or 1:1 milk-water for Chai),Cellular Protection; Gentle Vitality; Heart Wellness,Calm; Refreshed; Focused; Uplifted,Winter Warmth,2023.0,4.42,183,"An exquisite handcrafted darjeeling harvest from the famed terroirs of Darjeeling (Jungpana). Imbued with prominent sensory notes of Muscatel, Honeysuckle, Floral, this blend exhibits an aroma rating of 8.2/10. Specially curated for calm, refreshed rituals, it offers potent cellular protection, gentle vitality.",Shrewsbury Butter Biscuits; Kolkata Style Kathi Rolls; Warm Cardamom Nankhatai,https://images.unsplash.com/photo-1594631252845-29fc4cc8cde9?auto=format&fit=crop&w=800&q=80
TEA-IN-0930,Dark Mahogany Malt Reserve Lot #839,Assam (Golaghat),Assam,100% High-Grade Assam Whole Leaf & Golden Buds (Camellia Sinensis var. Assamica),Honey; Bold Body; Toasted Grain; Caramel; Woody,7.2,5.0,2.8,2.6,8.2,70,2,4,99,2.5g per 200ml (or 1:1 milk-water for Chai),Digestive Power; Cardiovascular Support; High Sustained Energy; Metabolic Fire,Energetic; Focused; Motivated; Cozy,Autumnal Harvest,433.0,4.54,354,"An exquisite handcrafted assam harvest from the famed terroirs of Assam (Golaghat). Imbued with prominent sensory notes of Honey, Bold Body, Toasted Grain, this blend exhibits an aroma rating of 8.2/10. Specially curated for energetic, focused rituals, it offers potent digestive power, cardiovascular support.",Shrewsbury Butter Biscuits; Kashmiri Girda Flatbread with Butter,https://images.unsplash.com/photo-1571934811356-5cc061b6821f?auto=format&fit=crop&w=800&q=80
TEA-IN-0931,Dhaba Style Kulhad Strong Chai,Assam & Kerala Spice Hills,Masala Chai,"Assam CTC Black Tea, Green Cardamom Pods, Crushed Dry Ginger, Ceylon Cinnamon, Cloves, Black Pepper, Star Anise, Saffron",Clove (Laung); Cardamom (Elaichi); Ginger (Adrak),4.7,7.3,1.5,8.0,9.8,56,38,5,96,2.5g per 200ml (or 1:1 milk-water for Chai),Digestive Comfort; Cold & Cough Relief; Anti-inflammatory; Instant Warming,Cozy; Comforting,All Season,536.0,4.44,107,"An exquisite handcrafted masala chai harvest from the famed terroirs of Assam & Kerala Spice Hills. Imbued with prominent sensory notes of Clove (Laung), Cardamom (Elaichi), Ginger (Adrak), this blend exhibits an aroma rating of 9.8/10. Specially curated for cozy, comforting rituals, it offers potent digestive comfort, cold & cough relief.",Poha with Roasted Peanuts; Gulab Jamun with Rosewater Syrup,https://images.unsplash.com/photo-1571934811356-5cc061b6821f?auto=format&fit=crop&w=800&q=80
TEA-IN-0932,Rose Petal & Kashmiri Cardamom Kahwa Lot #462 '25,Kashmir (Gulmarg Hills),Kashmir Kahwa,"Kashmiri Green Tea Leaves, Pampore Pure Saffron Strands, Green Cardamom, Cinnamon, Crushed Almond Slivers, Dried Rose Petals",Sweet Almond; Cinnamon; Nutty,2.1,6.4,6.0,5.4,9.1,21,0,5,82,2.5g per 200ml (or 1:1 milk-water for Chai),Calming Warmth; Digestive Fire; Skin Glow & Radiance; Immunity Boost,Calm; Refreshed; Relaxed,Winter Warmth,1523.0,4.52,189,"An exquisite handcrafted kashmir kahwa harvest from the famed terroirs of Kashmir (Gulmarg Hills). Imbued with prominent sensory notes of Sweet Almond, Cinnamon, Nutty, this blend exhibits an aroma rating of 9.1/10. Specially curated for calm, refreshed rituals, it offers potent calming warmth, digestive fire.",Crisp Onion & Paneer Pakoras; Kolkata Style Kathi Rolls; Irani Cafe Bun Maska & Chai,https://images.unsplash.com/photo-1576092768241-dec231879fc3?auto=format&fit=crop&w=800&q=80
TEA-IN-0933,Nilgiri Frost Tea Winter Pluck Lot #183,Nilgiri (Blue Mountains),Nilgiri,100% High-Elevation Nilgiri Camellia Sinensis,Honey; Bright Citrus; Floral,1.3,6.8,7.6,1.0,8.2,43,1,3,85,2.5g per 200ml (or 1:1 milk-water for Chai),Weight Balance; Antioxidant Rich; Gentle Alertness,Refreshed; Focused; Calm,All Season,648.0,4.4,439,"An exquisite handcrafted nilgiri harvest from the famed terroirs of Nilgiri (Blue Mountains). Imbued with prominent sensory notes of Honey, Bright Citrus, Floral, this blend exhibits an aroma rating of 8.2/10. Specially curated for refreshed, focused rituals, it offers potent weight balance, antioxidant rich.",Crisp Hot Samosas with Mint & Tamarind Chutney; Traditional Osmania Butter Biscuits,https://images.unsplash.com/photo-1546852199-2d8e8c4aa477?auto=format&fit=crop&w=800&q=80
TEA-IN-0934,Brahmi & Shankhpushpi Memory Tonic,Uttarakhand Sacred Valleys,Ayurvedic Tisane,"Organic Tulsi (Holy Basil), Ashwagandha Root, Wild Himalayan Turmeric, Brahmi Leaves, Licorice (Mulethi), Fennel Seeds (Saunf), Lemongrass",Warm Ginger; Cooling; Herbal; Botanical,0.8,5.7,6.3,5.4,8.6,0,0,6,100,2.5g per 200ml (or 1:1 milk-water for Chai),Gut Health & Detox; Immunity Fortification; Joint & Anti-inflammatory; Deep Restful Sleep,Calm; Cozy,Second Flush Summer,891.0,4.34,29,"An exquisite handcrafted ayurvedic tisane harvest from the famed terroirs of Uttarakhand Sacred Valleys. Imbued with prominent sensory notes of Warm Ginger, Cooling, Herbal, this blend exhibits an aroma rating of 8.6/10. Specially curated for calm, cozy rituals, it offers potent gut health & detox, immunity fortification.",Crisp Onion & Paneer Pakoras; Warm Cardamom Nankhatai,https://images.unsplash.com/photo-1544787219-7f47ccb76574?auto=format&fit=crop&w=800&q=80
TEA-IN-0935,Kangra Imperial Green Dragon,Himachal Pradesh (Dharamshala),Kangra Valley,100% Certified GI Tagged Kangra Valley Whole Leaf Tea,Mellow Green; Floral; Pine Mist,1.0,7.2,6.0,1.7,7.7,25,2,4,85,2.5g per 200ml (or 1:1 milk-water for Chai),Peaceful Focus; Antioxidant Shield,Refreshed; Calm; Meditative; Focused,Monsoon Special,669.0,4.31,332,"An exquisite handcrafted kangra valley harvest from the famed terroirs of Himachal Pradesh (Dharamshala). Imbued with prominent sensory notes of Mellow Green, Floral, Pine Mist, this blend exhibits an aroma rating of 7.7/10. Specially curated for refreshed, calm rituals, it offers potent peaceful focus, antioxidant shield.",Kashmiri Girda Flatbread with Butter; Kolkata Style Kathi Rolls; Crisp Onion & Paneer Pakoras,https://images.unsplash.com/photo-1563822249548-9a72b6353cd1?auto=format&fit=crop&w=800&q=80
TEA-IN-0936,Sikkim Green Dragon Spring Leaf '24,Sikkim (Ravangla Highlands),Sikkim Temi,100% Organic Single Estate Temi Leaves,Honeyed Wood; Peach; Caramel; Muscatel; Gentle Spice,1.7,8.1,8.3,1.7,9.0,43,1,3,87,2.5g per 200ml (or 1:1 milk-water for Chai),Cardiovascular Support; Pure Organic Nutrition; L-Theanine Serenity; Skin Vitality,Calm; Refreshed; Focused; Meditative,First Flush Spring,1165.0,4.33,74,"An exquisite handcrafted sikkim temi harvest from the famed terroirs of Sikkim (Ravangla Highlands). Imbued with prominent sensory notes of Honeyed Wood, Peach, Caramel, this blend exhibits an aroma rating of 9.0/10. Specially curated for calm, refreshed rituals, it offers potent cardiovascular support, pure organic nutrition.",Poha with Roasted Peanuts; Crisp Onion & Paneer Pakoras,https://images.unsplash.com/photo-1546852199-2d8e8c4aa477?auto=format&fit=crop&w=800&q=80
TEA-IN-0937,Second Flush Muscatel Gold Lot #937,Darjeeling (Margaret's Hope),Darjeeling,100% Hand-Picked Camellia Sinensis Single Estate Darjeeling Leaves,Honey; Honeysuckle; Green Apple,2.8,6.7,7.5,1.2,9.1,43,3,3,83,2.5g per 200ml (or 1:1 milk-water for Chai),High Antioxidants; Cellular Protection; Gentle Vitality; Heart Wellness,Calm; Refreshed; Uplifted,Monsoon Special,2029.0,4.88,178,"An exquisite handcrafted darjeeling harvest from the famed terroirs of Darjeeling (Margaret's Hope). Imbued with prominent sensory notes of Honey, Honeysuckle, Green Apple, this blend exhibits an aroma rating of 9.1/10. Specially curated for calm, refreshed rituals, it offers potent high antioxidants, cellular protection.",Shrewsbury Butter Biscuits; Spicy Bhakarwadi & Mathri; Kolkata Style Kathi Rolls,https://images.unsplash.com/photo-1576092768241-dec231879fc3?auto=format&fit=crop&w=800&q=80
TEA-IN-0938,Imperial Halmari Single Estate Lot #326,Assam (Sibsagar),Assam,100% High-Grade Assam Whole Leaf & Golden Buds (Camellia Sinensis var. Assamica),Honey; Bold Body; Caramel; Toasted Grain,6.5,6.4,3.3,3.5,7.9,80,0,5,100,2.5g per 200ml (or 1:1 milk-water for Chai),Digestive Power; Cardiovascular Support; High Sustained Energy,Energetic; Focused; Motivated; Uplifted,Second Flush Summer,720.0,4.96,246,"An exquisite handcrafted assam harvest from the famed terroirs of Assam (Sibsagar). Imbued with prominent sensory notes of Honey, Bold Body, Caramel, this blend exhibits an aroma rating of 7.9/10. Specially curated for energetic, focused rituals, it offers potent digestive power, cardiovascular support.",Kashmiri Girda Flatbread with Butter; Warm Cardamom Nankhatai,https://images.unsplash.com/photo-1571934811356-5cc061b6821f?auto=format&fit=crop&w=800&q=80
TEA-IN-0939,Cinnamon Bark & Clove Monsoon Chai,Assam & Kerala Spice Hills,Masala Chai,"Assam CTC Black Tea, Green Cardamom Pods, Crushed Dry Ginger, Ceylon Cinnamon, Cloves, Black Pepper, Star Anise, Saffron",Cardamom (Elaichi); Ginger (Adrak); Creamy; Clove (Laung); Spicy,4.6,8.4,3.5,9.9,9.6,67,17,4,97,2.5g per 200ml (or 1:1 milk-water for Chai),Immunity Shield; Cold & Cough Relief; Instant Warming,Refreshed; Comforting,First Flush Spring,618.0,4.73,284,"An exquisite handcrafted masala chai harvest from the famed terroirs of Assam & Kerala Spice Hills. Imbued with prominent sensory notes of Cardamom (Elaichi), Ginger (Adrak), Creamy, this blend exhibits an aroma rating of 9.6/10. Specially curated for refreshed, comforting rituals, it offers potent immunity shield, cold & cough relief.",Gulab Jamun with Rosewater Syrup; Spicy Bhakarwadi & Mathri; Kolkata Style Kathi Rolls,https://images.unsplash.com/photo-1544787219-7f47ccb76574?auto=format&fit=crop&w=800&q=80
TEA-IN-0940,Royal Kashmiri Saffron Almond Kahwa Lot #608,Kashmir (Gulmarg Hills),Kashmir Kahwa,"Kashmiri Green Tea Leaves, Pampore Pure Saffron Strands, Green Cardamom, Cinnamon, Crushed Almond Slivers, Dried Rose Petals",Sweet Almond; Cinnamon; Saffron (Kesar),2.8,8.2,8.6,7.2,9.6,26,3,5,84,2.5g per 200ml (or 1:1 milk-water for Chai),Calming Warmth; Digestive Fire; Skin Glow & Radiance; Immunity Boost,Refreshed; Relaxed; Meditative; Cozy,Winter Warmth,1581.0,4.48,140,"An exquisite handcrafted kashmir kahwa harvest from the famed terroirs of Kashmir (Gulmarg Hills). Imbued with prominent sensory notes of Sweet Almond, Cinnamon, Saffron (Kesar), this blend exhibits an aroma rating of 9.6/10. Specially curated for refreshed, relaxed rituals, it offers potent calming warmth, digestive fire.",Poha with Roasted Peanuts; Shrewsbury Butter Biscuits; Kolkata Style Kathi Rolls,https://images.unsplash.com/photo-1563822249548-9a72b6353cd1?auto=format&fit=crop&w=800&q=80
TEA-IN-0941,Coonoor Highland Fragrant Amber '26,Nilgiri (Coonoor),Nilgiri,100% High-Elevation Nilgiri Camellia Sinensis,Honey; Crisp Fruit; Light Malt; Plum,1.0,6.0,6.7,1.7,8.9,54,5,4,89,2.5g per 200ml (or 1:1 milk-water for Chai),Weight Balance; Antioxidant Rich; Gentle Alertness,Calm; Creative; Focused,Second Flush Summer,1069.0,4.5,251,"An exquisite handcrafted nilgiri harvest from the famed terroirs of Nilgiri (Coonoor). Imbued with prominent sensory notes of Honey, Crisp Fruit, Light Malt, this blend exhibits an aroma rating of 8.9/10. Specially curated for calm, creative rituals, it offers potent weight balance, antioxidant rich.",Spicy Bhakarwadi & Mathri; Crisp Onion & Paneer Pakoras; Irani Cafe Bun Maska & Chai,https://images.unsplash.com/photo-1546852199-2d8e8c4aa477?auto=format&fit=crop&w=800&q=80
TEA-IN-0942,Ashwagandha Stress Relief Golden Elixir '25,Uttarakhand Sacred Valleys,Ayurvedic Tisane,"Organic Tulsi (Holy Basil), Ashwagandha Root, Wild Himalayan Turmeric, Brahmi Leaves, Licorice (Mulethi), Fennel Seeds (Saunf), Lemongrass",Warm Ginger; Herbal; Fennel Sweetness; Woody; Botanical,1.1,6.3,7.7,2.8,8.7,0,5,7,100,2.5g per 200ml (or 1:1 milk-water for Chai),Immunity Fortification; Joint & Anti-inflammatory; Deep Restful Sleep,Calm; Soothing; Meditative; Cozy,Winter Warmth,500.0,4.86,176,"An exquisite handcrafted ayurvedic tisane harvest from the famed terroirs of Uttarakhand Sacred Valleys. Imbued with prominent sensory notes of Warm Ginger, Herbal, Fennel Sweetness, this blend exhibits an aroma rating of 8.7/10. Specially curated for calm, soothing rituals, it offers potent immunity fortification, joint & anti-inflammatory.",Gulab Jamun with Rosewater Syrup; Spicy Bhakarwadi & Mathri,https://images.unsplash.com/photo-1597481499750-3e6b22637e12?auto=format&fit=crop&w=800&q=80
TEA-IN-0943,Himalayan Cedar Scented Kangra '26,Himachal Pradesh (Palampur),Kangra Valley,100% Certified GI Tagged Kangra Valley Whole Leaf Tea,Mellow Green; Sweet Vegetal; Roasted Corn; Nutty,2.7,7.5,7.9,1.2,7.8,42,5,4,78,2.5g per 200ml (or 1:1 milk-water for Chai),Peaceful Focus; Digestive Ease; High Polyphenols; Antioxidant Shield,Meditative; Uplifted,First Flush Spring,747.0,4.7,194,"An exquisite handcrafted kangra valley harvest from the famed terroirs of Himachal Pradesh (Palampur). Imbued with prominent sensory notes of Mellow Green, Sweet Vegetal, Roasted Corn, this blend exhibits an aroma rating of 7.8/10. Specially curated for meditative, uplifted rituals, it offers potent peaceful focus, digestive ease.",Crisp Hot Samosas with Mint & Tamarind Chutney; Traditional Osmania Butter Biscuits; Warm Cardamom Nankhatai,https://images.unsplash.com/photo-1576092768241-dec231879fc3?auto=format&fit=crop&w=800&q=80
TEA-IN-0944,Sikkim Green Dragon Spring Leaf Lot #145 '24,Sikkim (Ravangla Highlands),Sikkim Temi,100% Organic Single Estate Temi Leaves,Honeyed Wood; Muscatel; Sweet Floral; Caramel,1.7,8.5,6.8,2.6,9.2,36,1,4,86,2.5g per 200ml (or 1:1 milk-water for Chai),Pure Organic Nutrition; L-Theanine Serenity; Cardiovascular Support; Skin Vitality,Focused; Serene,Autumnal Harvest,540.0,4.59,333,"An exquisite handcrafted sikkim temi harvest from the famed terroirs of Sikkim (Ravangla Highlands). Imbued with prominent sensory notes of Honeyed Wood, Muscatel, Sweet Floral, this blend exhibits an aroma rating of 9.2/10. Specially curated for focused, serene rituals, it offers potent pure organic nutrition, l-theanine serenity.",Gulab Jamun with Rosewater Syrup; Warm Cardamom Nankhatai,https://images.unsplash.com/photo-1576092768241-dec231879fc3?auto=format&fit=crop&w=800&q=80
TEA-IN-0945,First Flush Spring Champagne,Darjeeling (Okayti),Darjeeling,100% Hand-Picked Camellia Sinensis Single Estate Darjeeling Leaves,Honeysuckle; Apricot; Floral; Green Apple,2.4,7.8,10.0,0.6,10.0,30,3,3,87,2.5g per 200ml (or 1:1 milk-water for Chai),Mental Clarity; Cellular Protection; Heart Wellness,Calm; Focused; Uplifted,Monsoon Special,2320.0,4.4,366,"An exquisite handcrafted darjeeling harvest from the famed terroirs of Darjeeling (Okayti). Imbued with prominent sensory notes of Honeysuckle, Apricot, Floral, this blend exhibits an aroma rating of 10.0/10. Specially curated for calm, focused rituals, it offers potent mental clarity, cellular protection.",Poha with Roasted Peanuts; Dhokla with Green Chilies,https://images.unsplash.com/photo-1546852199-2d8e8c4aa477?auto=format&fit=crop&w=800&q=80
TEA-IN-0946,Golden Tips Extra Special Orthodox,Assam (Golaghat),Assam,100% High-Grade Assam Whole Leaf & Golden Buds (Camellia Sinensis var. Assamica),Honey; Bold Body; Molasses; Caramel,5.4,6.2,1.5,1.9,9.4,72,5,4,97,2.5g per 200ml (or 1:1 milk-water for Chai),Metabolic Fire; Cardiovascular Support; High Sustained Energy; Immune Strength,Uplifted; Cozy; Focused,First Flush Spring,1173.0,4.44,190,"An exquisite handcrafted assam harvest from the famed terroirs of Assam (Golaghat). Imbued with prominent sensory notes of Honey, Bold Body, Molasses, this blend exhibits an aroma rating of 9.4/10. Specially curated for uplifted, cozy rituals, it offers potent metabolic fire, cardiovascular support.",Dhokla with Green Chilies; Crisp Hot Samosas with Mint & Tamarind Chutney; Crisp Onion & Paneer Pakoras,https://images.unsplash.com/photo-1571934811356-5cc061b6821f?auto=format&fit=crop&w=800&q=80
TEA-IN-0947,Authentic Mumbai Cutting Masala Chai Lot #887,Rajasthan Royal Palace,Masala Chai,"Assam CTC Black Tea, Green Cardamom Pods, Crushed Dry Ginger, Ceylon Cinnamon, Cloves, Black Pepper, Star Anise, Saffron",Ginger (Adrak); Peppery; Cinnamon (Dalchini); Sweet Heat; Spicy,5.4,5.4,3.4,8.1,9.1,52,27,6,100,2.5g per 200ml (or 1:1 milk-water for Chai),Anti-inflammatory; Cold & Cough Relief,Refreshed; Energetic; Uplifted; Comforting,Monsoon Special,350.0,4.77,96,"An exquisite handcrafted masala chai harvest from the famed terroirs of Rajasthan Royal Palace. Imbued with prominent sensory notes of Ginger (Adrak), Peppery, Cinnamon (Dalchini), this blend exhibits an aroma rating of 9.1/10. Specially curated for refreshed, energetic rituals, it offers potent anti-inflammatory, cold & cough relief.",Dhokla with Green Chilies; Spicy Bhakarwadi & Mathri,https://images.unsplash.com/photo-1544787219-7f47ccb76574?auto=format&fit=crop&w=800&q=80
TEA-IN-0948,Zaffran Emerald Heritage Brew Lot #793,Kashmir (Pampore Saffron Fields),Kashmir Kahwa,"Kashmiri Green Tea Leaves, Pampore Pure Saffron Strands, Green Cardamom, Cinnamon, Crushed Almond Slivers, Dried Rose Petals",Delicate Green; Saffron (Kesar); Cardamom; Sweet Almond; Nutty,1.2,8.3,6.1,6.9,9.9,15,5,3,82,2.5g per 200ml (or 1:1 milk-water for Chai),Calming Warmth; Stress Relief; Skin Glow & Radiance; Immunity Boost,Refreshed; Relaxed; Calm,All Season,602.0,4.74,371,"An exquisite handcrafted kashmir kahwa harvest from the famed terroirs of Kashmir (Pampore Saffron Fields). Imbued with prominent sensory notes of Delicate Green, Saffron (Kesar), Cardamom, this blend exhibits an aroma rating of 9.9/10. Specially curated for refreshed, relaxed rituals, it offers potent calming warmth, stress relief.",Spicy Bhakarwadi & Mathri; Irani Cafe Bun Maska & Chai,https://images.unsplash.com/photo-1576092768241-dec231879fc3?auto=format&fit=crop&w=800&q=80
TEA-IN-0949,High Altitude Floral White Nilgiri Lot #262,Nilgiri (Blue Mountains),Nilgiri,100% High-Elevation Nilgiri Camellia Sinensis,Bright Citrus; Light Malt; Floral; Sweet Melon,1.9,7.6,6.4,0.5,8.5,35,0,3,87,2.5g per 200ml (or 1:1 milk-water for Chai),Weight Balance; Gentle Alertness,Calm; Creative; Uplifted; Focused,Second Flush Summer,664.0,4.68,271,"An exquisite handcrafted nilgiri harvest from the famed terroirs of Nilgiri (Blue Mountains). Imbued with prominent sensory notes of Bright Citrus, Light Malt, Floral, this blend exhibits an aroma rating of 8.5/10. Specially curated for calm, creative rituals, it offers potent weight balance, gentle alertness.",Gulab Jamun with Rosewater Syrup; Crisp Hot Samosas with Mint & Tamarind Chutney,https://images.unsplash.com/photo-1546852199-2d8e8c4aa477?auto=format&fit=crop&w=800&q=80
TEA-IN-0950,Turmeric Ginger Curcumin Immunity Guard,Himalayan Foothills,Ayurvedic Tisane,"Organic Tulsi (Holy Basil), Ashwagandha Root, Wild Himalayan Turmeric, Brahmi Leaves, Licorice (Mulethi), Fennel Seeds (Saunf), Lemongrass",Warm Ginger; Herbal; Fennel Sweetness; Woody; Tulsi Mint,0.9,6.6,7.3,5.0,7.6,0,1,6,99,2.5g per 200ml (or 1:1 milk-water for Chai),Cortisol / Stress Reduction; Immunity Fortification; Joint & Anti-inflammatory,Calm; Soothing; Relaxed; Meditative,Second Flush Summer,585.0,4.77,151,"An exquisite handcrafted ayurvedic tisane harvest from the famed terroirs of Himalayan Foothills. Imbued with prominent sensory notes of Warm Ginger, Herbal, Fennel Sweetness, this blend exhibits an aroma rating of 7.6/10. Specially curated for calm, soothing rituals, it offers potent cortisol / stress reduction, immunity fortification.",Kashmiri Girda Flatbread with Butter; Spicy Bhakarwadi & Mathri; Crisp Hot Samosas with Mint & Tamarind Chutney,https://images.unsplash.com/photo-1544787219-7f47ccb76574?auto=format&fit=crop&w=800&q=80
TEA-IN-0951,Palampur Orthodox Spring Gold Lot #564,Himachal Pradesh (Dharamshala),Kangra Valley,100% Certified GI Tagged Kangra Valley Whole Leaf Tea,Mellow Green; Floral; Sweet Vegetal; Pine Mist,2.7,6.7,6.9,1.3,7.0,25,5,4,84,2.5g per 200ml (or 1:1 milk-water for Chai),Antioxidant Shield; High Polyphenols; Peaceful Focus,Calm; Uplifted,First Flush Spring,738.0,4.34,326,"An exquisite handcrafted kangra valley harvest from the famed terroirs of Himachal Pradesh (Dharamshala). Imbued with prominent sensory notes of Mellow Green, Floral, Sweet Vegetal, this blend exhibits an aroma rating of 7.0/10. Specially curated for calm, uplifted rituals, it offers potent antioxidant shield, high polyphenols.",Shrewsbury Butter Biscuits; Warm Cardamom Nankhatai,https://images.unsplash.com/photo-1576092768241-dec231879fc3?auto=format&fit=crop&w=800&q=80
TEA-IN-0952,Sikkim Green Dragon Spring Leaf Lot #804 '26,"Sikkim (Temi Tea Estate, South Sikkim)",Sikkim Temi,100% Organic Single Estate Temi Leaves,Sweet Floral; Gentle Spice; Peach; Caramel,2.8,6.9,6.8,1.1,8.5,47,0,4,85,2.5g per 200ml (or 1:1 milk-water for Chai),Cardiovascular Support; Skin Vitality,Refreshed; Meditative; Serene,Winter Warmth,1078.0,4.91,109,"An exquisite handcrafted sikkim temi harvest from the famed terroirs of Sikkim (Temi Tea Estate, South Sikkim). Imbued with prominent sensory notes of Sweet Floral, Gentle Spice, Peach, this blend exhibits an aroma rating of 8.5/10. Specially curated for refreshed, meditative rituals, it offers potent cardiovascular support, skin vitality.",Gulab Jamun with Rosewater Syrup; Irani Cafe Bun Maska & Chai,https://images.unsplash.com/photo-1576092768241-dec231879fc3?auto=format&fit=crop&w=800&q=80
TEA-IN-0953,Silver Needle White Darjeeling Lot #344 '26,Darjeeling (Okayti),Darjeeling,100% Hand-Picked Camellia Sinensis Single Estate Darjeeling Leaves,Muscatel; Honeysuckle; Citrus Zest,3.2,5.3,8.2,0.5,9.2,32,4,4,88,2.5g per 200ml (or 1:1 milk-water for Chai),High Antioxidants; Gentle Vitality,Calm; Uplifted; Meditative; Focused,Autumnal Harvest,1750.0,4.79,48,"An exquisite handcrafted darjeeling harvest from the famed terroirs of Darjeeling (Okayti). Imbued with prominent sensory notes of Muscatel, Honeysuckle, Citrus Zest, this blend exhibits an aroma rating of 9.2/10. Specially curated for calm, uplifted rituals, it offers potent high antioxidants, gentle vitality.",Gulab Jamun with Rosewater Syrup; Crisp Hot Samosas with Mint & Tamarind Chutney; Irani Cafe Bun Maska & Chai,https://images.unsplash.com/photo-1594631252845-29fc4cc8cde9?auto=format&fit=crop&w=800&q=80
TEA-IN-0954,Smoked Wild Bamboo Assam,Assam (Upper Brahmaputra Valley),Assam,100% High-Grade Assam Whole Leaf & Golden Buds (Camellia Sinensis var. Assamica),Bold Body; Caramel; Woody; Malty; Molasses,7.4,5.0,3.2,3.3,8.1,55,2,5,95,2.5g per 200ml (or 1:1 milk-water for Chai),Metabolic Fire; Cardiovascular Support; High Sustained Energy; Immune Strength,Energetic; Motivated,Second Flush Summer,342.0,4.54,167,"An exquisite handcrafted assam harvest from the famed terroirs of Assam (Upper Brahmaputra Valley). Imbued with prominent sensory notes of Bold Body, Caramel, Woody, this blend exhibits an aroma rating of 8.1/10. Specially curated for energetic, motivated rituals, it offers potent metabolic fire, cardiovascular support.",Kashmiri Girda Flatbread with Butter; Crisp Hot Samosas with Mint & Tamarind Chutney; Irani Cafe Bun Maska & Chai,https://images.unsplash.com/photo-1514733670139-4d87a1941d55?auto=format&fit=crop&w=800&q=80
TEA-IN-0955,Caramelized Jaggery (Gur) Spiced Chai Lot #742,Mumbai Heritage,Masala Chai,"Assam CTC Black Tea, Green Cardamom Pods, Crushed Dry Ginger, Ceylon Cinnamon, Cloves, Black Pepper, Star Anise, Saffron",Ginger (Adrak); Peppery; Cinnamon (Dalchini); Creamy; Sweet Heat,5.0,4.8,1.2,10.0,9.2,67,45,5,99,2.5g per 200ml (or 1:1 milk-water for Chai),Digestive Comfort; Anti-inflammatory; Cold & Cough Relief; Instant Warming,Refreshed; Energetic; Comforting; Cozy,All Season,623.0,4.82,152,"An exquisite handcrafted masala chai harvest from the famed terroirs of Mumbai Heritage. Imbued with prominent sensory notes of Ginger (Adrak), Peppery, Cinnamon (Dalchini), this blend exhibits an aroma rating of 9.2/10. Specially curated for refreshed, energetic rituals, it offers potent digestive comfort, anti-inflammatory.",Poha with Roasted Peanuts; Spicy Bhakarwadi & Mathri,https://images.unsplash.com/photo-1544787219-7f47ccb76574?auto=format&fit=crop&w=800&q=80
TEA-IN-0956,Royal Kashmiri Saffron Almond Kahwa,Kashmir (Pampore Saffron Fields),Kashmir Kahwa,"Kashmiri Green Tea Leaves, Pampore Pure Saffron Strands, Green Cardamom, Cinnamon, Crushed Almond Slivers, Dried Rose Petals",Cardamom; Sweet Almond; Nutty,1.7,8.2,7.5,5.1,9.8,25,2,3,81,2.5g per 200ml (or 1:1 milk-water for Chai),Calming Warmth; Digestive Fire; Immunity Boost,Calm; Refreshed; Relaxed; Cozy,Second Flush Summer,1194.0,4.36,427,"An exquisite handcrafted kashmir kahwa harvest from the famed terroirs of Kashmir (Pampore Saffron Fields). Imbued with prominent sensory notes of Cardamom, Sweet Almond, Nutty, this blend exhibits an aroma rating of 9.8/10. Specially curated for calm, refreshed rituals, it offers potent calming warmth, digestive fire.",Shrewsbury Butter Biscuits; Crisp Hot Samosas with Mint & Tamarind Chutney; Crisp Onion & Paneer Pakoras,https://images.unsplash.com/photo-1563822249548-9a72b6353cd1?auto=format&fit=crop&w=800&q=80
TEA-IN-0957,Emerald Dew Nilgiri Green Lot #634,Nilgiri (Blue Mountains),Nilgiri,100% High-Elevation Nilgiri Camellia Sinensis,Bright Citrus; Crisp Fruit; Floral; Plum,2.8,7.3,6.2,1.0,8.9,45,1,4,93,2.5g per 200ml (or 1:1 milk-water for Chai),Weight Balance; Daily Refreshment; Gentle Alertness,Creative; Uplifted,Second Flush Summer,1191.0,4.52,245,"An exquisite handcrafted nilgiri harvest from the famed terroirs of Nilgiri (Blue Mountains). Imbued with prominent sensory notes of Bright Citrus, Crisp Fruit, Floral, this blend exhibits an aroma rating of 8.9/10. Specially curated for creative, uplifted rituals, it offers potent weight balance, daily refreshment.",Warm Cardamom Nankhatai; Irani Cafe Bun Maska & Chai,https://images.unsplash.com/photo-1597481499750-3e6b22637e12?auto=format&fit=crop&w=800&q=80
TEA-IN-0958,Ashwagandha Stress Relief Golden Elixir '26,Kerala (Western Ghats),Ayurvedic Tisane,"Organic Tulsi (Holy Basil), Ashwagandha Root, Wild Himalayan Turmeric, Brahmi Leaves, Licorice (Mulethi), Fennel Seeds (Saunf), Lemongrass",Herbal; Sweet Earthy; Cooling; Woody; Botanical,1.8,7.2,7.4,5.8,8.0,0,4,7,99,2.5g per 200ml (or 1:1 milk-water for Chai),Gut Health & Detox; Immunity Fortification,Calm; Cozy,All Season,751.0,4.74,374,"An exquisite handcrafted ayurvedic tisane harvest from the famed terroirs of Kerala (Western Ghats). Imbued with prominent sensory notes of Herbal, Sweet Earthy, Cooling, this blend exhibits an aroma rating of 8.0/10. Specially curated for calm, cozy rituals, it offers potent gut health & detox, immunity fortification.",Poha with Roasted Peanuts; Gulab Jamun with Rosewater Syrup,https://images.unsplash.com/photo-1597481499750-3e6b22637e12?auto=format&fit=crop&w=800&q=80
TEA-IN-0959,Kangra Imperial Green Dragon '25,Himachal Pradesh (Kangra Valley),Kangra Valley,100% Certified GI Tagged Kangra Valley Whole Leaf Tea,Mellow Green; Floral; Roasted Corn,1.4,7.0,8.3,1.5,7.3,31,2,3,83,2.5g per 200ml (or 1:1 milk-water for Chai),Peaceful Focus; Digestive Ease; High Polyphenols; Antioxidant Shield,Refreshed; Uplifted; Meditative,First Flush Spring,896.0,4.94,73,"An exquisite handcrafted kangra valley harvest from the famed terroirs of Himachal Pradesh (Kangra Valley). Imbued with prominent sensory notes of Mellow Green, Floral, Roasted Corn, this blend exhibits an aroma rating of 7.3/10. Specially curated for refreshed, uplifted rituals, it offers potent peaceful focus, digestive ease.",Spicy Bhakarwadi & Mathri; Warm Cardamom Nankhatai; Crisp Hot Samosas with Mint & Tamarind Chutney,https://images.unsplash.com/photo-1563822249548-9a72b6353cd1?auto=format&fit=crop&w=800&q=80
TEA-IN-0960,Sikkim Green Dragon Spring Leaf Lot #914 '24,Sikkim (Ravangla Highlands),Sikkim Temi,100% Organic Single Estate Temi Leaves,Honeyed Wood; Gentle Spice; Peach; Caramel,2.0,6.2,7.0,1.7,8.1,35,1,3,88,2.5g per 200ml (or 1:1 milk-water for Chai),Pure Organic Nutrition; L-Theanine Serenity; Cardiovascular Support; Skin Vitality,Refreshed; Focused; Serene,Monsoon Special,589.0,4.72,89,"An exquisite handcrafted sikkim temi harvest from the famed terroirs of Sikkim (Ravangla Highlands). Imbued with prominent sensory notes of Honeyed Wood, Gentle Spice, Peach, this blend exhibits an aroma rating of 8.1/10. Specially curated for refreshed, focused rituals, it offers potent pure organic nutrition, l-theanine serenity.",Kolkata Style Kathi Rolls; Traditional Osmania Butter Biscuits; Warm Cardamom Nankhatai,https://images.unsplash.com/photo-1546852199-2d8e8c4aa477?auto=format&fit=crop&w=800&q=80
TEA-IN-0961,Misty Mountain Bio-Dynamic First Flush Lot #717,Darjeeling (Makaibari),Darjeeling,100% Hand-Picked Camellia Sinensis Single Estate Darjeeling Leaves,Honey; Honeysuckle; Pine Wood,3.2,6.3,10.0,2.0,9.2,36,1,3,81,2.5g per 200ml (or 1:1 milk-water for Chai),Mental Clarity; Cellular Protection; Gentle Vitality,Refreshed; Meditative,Autumnal Harvest,1576.0,4.57,381,"An exquisite handcrafted darjeeling harvest from the famed terroirs of Darjeeling (Makaibari). Imbued with prominent sensory notes of Honey, Honeysuckle, Pine Wood, this blend exhibits an aroma rating of 9.2/10. Specially curated for refreshed, meditative rituals, it offers potent mental clarity, cellular protection.",Kashmiri Girda Flatbread with Butter; Kolkata Style Kathi Rolls; Crisp Onion & Paneer Pakoras,https://images.unsplash.com/photo-1576092768241-dec231879fc3?auto=format&fit=crop&w=800&q=80
TEA-IN-0962,Brahmaputra Valley Bold Red Lot #931,Assam (Upper Brahmaputra Valley),Assam,100% High-Grade Assam Whole Leaf & Golden Buds (Camellia Sinensis var. Assamica),Honey; Bold Body; Caramel; Woody; Dark Cocoa,6.3,4.2,1.8,1.6,7.8,58,3,4,96,2.5g per 200ml (or 1:1 milk-water for Chai),High Sustained Energy; Metabolic Fire,Energetic; Focused; Motivated,Second Flush Summer,568.0,4.89,200,"An exquisite handcrafted assam harvest from the famed terroirs of Assam (Upper Brahmaputra Valley). Imbued with prominent sensory notes of Honey, Bold Body, Caramel, this blend exhibits an aroma rating of 7.8/10. Specially curated for energetic, focused rituals, it offers potent high sustained energy, metabolic fire.",Poha with Roasted Peanuts; Kashmiri Girda Flatbread with Butter; Irani Cafe Bun Maska & Chai,https://images.unsplash.com/photo-1571934811356-5cc061b6821f?auto=format&fit=crop&w=800&q=80
TEA-IN-0963,Five-Spice Maharaja Special Chai Lot #208,Assam & Kerala Spice Hills,Masala Chai,"Assam CTC Black Tea, Green Cardamom Pods, Crushed Dry Ginger, Ceylon Cinnamon, Cloves, Black Pepper, Star Anise, Saffron",Cardamom (Elaichi); Ginger (Adrak); Creamy; Peppery,3.2,6.4,1.0,8.9,9.2,67,49,4,98,2.5g per 200ml (or 1:1 milk-water for Chai),Digestive Comfort; Cold & Cough Relief; Instant Warming,Refreshed; Uplifted; Comforting,Winter Warmth,761.0,4.41,302,"An exquisite handcrafted masala chai harvest from the famed terroirs of Assam & Kerala Spice Hills. Imbued with prominent sensory notes of Cardamom (Elaichi), Ginger (Adrak), Creamy, this blend exhibits an aroma rating of 9.2/10. Specially curated for refreshed, uplifted rituals, it offers potent digestive comfort, cold & cough relief.",Kolkata Style Kathi Rolls; Crisp Onion & Paneer Pakoras; Warm Cardamom Nankhatai,https://images.unsplash.com/photo-1544787219-7f47ccb76574?auto=format&fit=crop&w=800&q=80
TEA-IN-0964,Gulmarg Winter Spice Kahwa,Kashmir (Srinagar Valley),Kashmir Kahwa,"Kashmiri Green Tea Leaves, Pampore Pure Saffron Strands, Green Cardamom, Cinnamon, Crushed Almond Slivers, Dried Rose Petals",Delicate Green; Saffron (Kesar); Cinnamon; Floral Honey; Nutty,2.3,8.1,7.3,6.8,9.9,19,4,4,83,2.5g per 200ml (or 1:1 milk-water for Chai),Calming Warmth; Stress Relief; Digestive Fire; Immunity Boost,Calm; Relaxed; Meditative,All Season,807.0,4.76,437,"An exquisite handcrafted kashmir kahwa harvest from the famed terroirs of Kashmir (Srinagar Valley). Imbued with prominent sensory notes of Delicate Green, Saffron (Kesar), Cinnamon, this blend exhibits an aroma rating of 9.9/10. Specially curated for calm, relaxed rituals, it offers potent calming warmth, stress relief.",Kolkata Style Kathi Rolls; Traditional Osmania Butter Biscuits,https://images.unsplash.com/photo-1563822249548-9a72b6353cd1?auto=format&fit=crop&w=800&q=80
TEA-IN-0965,Blue Mountain Aromatic Orthdox,Nilgiri (Coonoor),Nilgiri,100% High-Elevation Nilgiri Camellia Sinensis,Honey; Crisp Fruit; Floral; Light Malt,1.0,8.2,8.8,1.5,9.5,37,3,4,93,2.5g per 200ml (or 1:1 milk-water for Chai),Weight Balance; Heart Health,Refreshed; Creative; Uplifted; Calm,Autumnal Harvest,843.0,4.45,157,"An exquisite handcrafted nilgiri harvest from the famed terroirs of Nilgiri (Coonoor). Imbued with prominent sensory notes of Honey, Crisp Fruit, Floral, this blend exhibits an aroma rating of 9.5/10. Specially curated for refreshed, creative rituals, it offers potent weight balance, heart health.",Shrewsbury Butter Biscuits; Crisp Hot Samosas with Mint & Tamarind Chutney,https://images.unsplash.com/photo-1546852199-2d8e8c4aa477?auto=format&fit=crop&w=800&q=80
TEA-IN-0966,Ashwagandha Stress Relief Golden Elixir Lot #782,Kerala (Western Ghats),Ayurvedic Tisane,"Organic Tulsi (Holy Basil), Ashwagandha Root, Wild Himalayan Turmeric, Brahmi Leaves, Licorice (Mulethi), Fennel Seeds (Saunf), Lemongrass",Warm Ginger; Cooling; Sweet Earthy; Tulsi Mint,2.6,5.1,6.5,5.3,9.0,0,5,7,97,2.5g per 200ml (or 1:1 milk-water for Chai),Gut Health & Detox; Deep Restful Sleep,Calm; Relaxed; Cozy,Second Flush Summer,758.0,4.62,51,"An exquisite handcrafted ayurvedic tisane harvest from the famed terroirs of Kerala (Western Ghats). Imbued with prominent sensory notes of Warm Ginger, Cooling, Sweet Earthy, this blend exhibits an aroma rating of 9.0/10. Specially curated for calm, relaxed rituals, it offers potent gut health & detox, deep restful sleep.",Shrewsbury Butter Biscuits; Crisp Onion & Paneer Pakoras; Traditional Osmania Butter Biscuits,https://images.unsplash.com/photo-1597481499750-3e6b22637e12?auto=format&fit=crop&w=800&q=80
TEA-IN-0967,Himalayan Cedar Scented Kangra Lot #786 '24,Himachal Pradesh (Kangra Valley),Kangra Valley,100% Certified GI Tagged Kangra Valley Whole Leaf Tea,Mellow Green; Roasted Corn; Pine Mist; Sweet Vegetal,2.4,7.5,7.8,1.9,7.0,39,2,2,77,2.5g per 200ml (or 1:1 milk-water for Chai),Peaceful Focus; Digestive Ease; Metabolic Balance; Antioxidant Shield,Refreshed; Focused; Uplifted,Winter Warmth,856.0,4.95,204,"An exquisite handcrafted kangra valley harvest from the famed terroirs of Himachal Pradesh (Kangra Valley). Imbued with prominent sensory notes of Mellow Green, Roasted Corn, Pine Mist, this blend exhibits an aroma rating of 7.0/10. Specially curated for refreshed, focused rituals, it offers potent peaceful focus, digestive ease.",Gulab Jamun with Rosewater Syrup; Spicy Bhakarwadi & Mathri,https://images.unsplash.com/photo-1563822249548-9a72b6353cd1?auto=format&fit=crop&w=800&q=80
TEA-IN-0968,Sikkim Royal Orthodox Muscatel Lot #572,Sikkim (Ravangla Highlands),Sikkim Temi,100% Organic Single Estate Temi Leaves,Honeyed Wood; Sweet Floral; Peach; Caramel; Muscatel,2.3,8.0,8.7,1.8,8.0,49,2,4,90,2.5g per 200ml (or 1:1 milk-water for Chai),Pure Organic Nutrition; L-Theanine Serenity; Cardiovascular Support; Skin Vitality,Refreshed; Focused; Serene,Monsoon Special,1241.0,4.59,102,"An exquisite handcrafted sikkim temi harvest from the famed terroirs of Sikkim (Ravangla Highlands). Imbued with prominent sensory notes of Honeyed Wood, Sweet Floral, Peach, this blend exhibits an aroma rating of 8.0/10. Specially curated for refreshed, focused rituals, it offers potent pure organic nutrition, l-theanine serenity.",Gulab Jamun with Rosewater Syrup; Kashmiri Girda Flatbread with Butter; Crisp Hot Samosas with Mint & Tamarind Chutney,https://images.unsplash.com/photo-1546852199-2d8e8c4aa477?auto=format&fit=crop&w=800&q=80
TEA-IN-0969,Margaret's Hope Golden Tips,Darjeeling (Okayti),Darjeeling,100% Hand-Picked Camellia Sinensis Single Estate Darjeeling Leaves,Citrus Zest; Honeysuckle; Floral,3.6,7.7,7.8,0.7,8.5,42,0,4,83,2.5g per 200ml (or 1:1 milk-water for Chai),Cellular Protection; Heart Wellness,Calm; Refreshed; Uplifted; Meditative,Autumnal Harvest,719.0,4.82,93,"An exquisite handcrafted darjeeling harvest from the famed terroirs of Darjeeling (Okayti). Imbued with prominent sensory notes of Citrus Zest, Honeysuckle, Floral, this blend exhibits an aroma rating of 8.5/10. Specially curated for calm, refreshed rituals, it offers potent cellular protection, heart wellness.",Shrewsbury Butter Biscuits; Kashmiri Girda Flatbread with Butter,https://images.unsplash.com/photo-1546852199-2d8e8c4aa477?auto=format&fit=crop&w=800&q=80
TEA-IN-0970,Brahmaputra Valley Bold Red,Assam (Jorhat),Assam,100% High-Grade Assam Whole Leaf & Golden Buds (Camellia Sinensis var. Assamica),Dark Cocoa; Bold Body; Caramel,4.2,6.1,2.6,4.5,7.1,73,0,5,96,2.5g per 200ml (or 1:1 milk-water for Chai),Digestive Power; Cardiovascular Support; High Sustained Energy,Motivated; Cozy,Monsoon Special,1198.0,4.93,207,"An exquisite handcrafted assam harvest from the famed terroirs of Assam (Jorhat). Imbued with prominent sensory notes of Dark Cocoa, Bold Body, Caramel, this blend exhibits an aroma rating of 7.1/10. Specially curated for motivated, cozy rituals, it offers potent digestive power, cardiovascular support.",Shrewsbury Butter Biscuits; Gulab Jamun with Rosewater Syrup,https://images.unsplash.com/photo-1514733670139-4d87a1941d55?auto=format&fit=crop&w=800&q=80
TEA-IN-0971,Dhaba Style Kulhad Strong Chai '26,Delhi Old Quarter,Masala Chai,"Assam CTC Black Tea, Green Cardamom Pods, Crushed Dry Ginger, Ceylon Cinnamon, Cloves, Black Pepper, Star Anise, Saffron",Cinnamon (Dalchini); Creamy; Peppery; Sweet Heat,5.0,5.3,3.9,8.4,9.3,57,38,4,97,2.5g per 200ml (or 1:1 milk-water for Chai),Immunity Shield; Cold & Cough Relief,Energetic; Uplifted; Cozy,First Flush Spring,592.0,4.94,373,"An exquisite handcrafted masala chai harvest from the famed terroirs of Delhi Old Quarter. Imbued with prominent sensory notes of Cinnamon (Dalchini), Creamy, Peppery, this blend exhibits an aroma rating of 9.3/10. Specially curated for energetic, uplifted rituals, it offers potent immunity shield, cold & cough relief.",Shrewsbury Butter Biscuits; Kolkata Style Kathi Rolls; Warm Cardamom Nankhatai,https://images.unsplash.com/photo-1571934811356-5cc061b6821f?auto=format&fit=crop&w=800&q=80
TEA-IN-0972,Traditional Samovar Cinnamon Kahwa Lot #476,Kashmir (Gulmarg Hills),Kashmir Kahwa,"Kashmiri Green Tea Leaves, Pampore Pure Saffron Strands, Green Cardamom, Cinnamon, Crushed Almond Slivers, Dried Rose Petals",Delicate Green; Cardamom; Nutty; Saffron (Kesar),2.9,8.8,9.1,7.3,9.6,22,0,4,85,2.5g per 200ml (or 1:1 milk-water for Chai),Calming Warmth; Immunity Boost,Calm; Meditative; Cozy,Monsoon Special,1604.0,4.75,262,"An exquisite handcrafted kashmir kahwa harvest from the famed terroirs of Kashmir (Gulmarg Hills). Imbued with prominent sensory notes of Delicate Green, Cardamom, Nutty, this blend exhibits an aroma rating of 9.6/10. Specially curated for calm, meditative rituals, it offers potent calming warmth, immunity boost.",Crisp Hot Samosas with Mint & Tamarind Chutney; Traditional Osmania Butter Biscuits,https://images.unsplash.com/photo-1563822249548-9a72b6353cd1?auto=format&fit=crop&w=800&q=80
TEA-IN-0973,Emerald Dew Nilgiri Green,Nilgiri (Kotagiri),Nilgiri,100% High-Elevation Nilgiri Camellia Sinensis,Crisp Fruit; Sweet Melon; Plum,2.9,6.4,8.9,0.9,9.1,48,1,3,86,2.5g per 200ml (or 1:1 milk-water for Chai),Weight Balance; Gentle Alertness,Calm; Focused; Uplifted,Monsoon Special,543.0,4.79,441,"An exquisite handcrafted nilgiri harvest from the famed terroirs of Nilgiri (Kotagiri). Imbued with prominent sensory notes of Crisp Fruit, Sweet Melon, Plum, this blend exhibits an aroma rating of 9.1/10. Specially curated for calm, focused rituals, it offers potent weight balance, gentle alertness.",Dhokla with Green Chilies; Warm Cardamom Nankhatai,https://images.unsplash.com/photo-1597481499750-3e6b22637e12?auto=format&fit=crop&w=800&q=80
TEA-IN-0974,Triphala & Fennel Digestive Nectar,Himalayan Foothills,Ayurvedic Tisane,"Organic Tulsi (Holy Basil), Ashwagandha Root, Wild Himalayan Turmeric, Brahmi Leaves, Licorice (Mulethi), Fennel Seeds (Saunf), Lemongrass",Cooling; Tulsi Mint; Fennel Sweetness,2.0,4.2,4.1,5.7,8.5,0,0,5,100,2.5g per 200ml (or 1:1 milk-water for Chai),Cortisol / Stress Reduction; Immunity Fortification; Joint & Anti-inflammatory,Calm; Relaxed; Meditative; Cozy,All Season,538.0,4.35,129,"An exquisite handcrafted ayurvedic tisane harvest from the famed terroirs of Himalayan Foothills. Imbued with prominent sensory notes of Cooling, Tulsi Mint, Fennel Sweetness, this blend exhibits an aroma rating of 8.5/10. Specially curated for calm, relaxed rituals, it offers potent cortisol / stress reduction, immunity fortification.",Shrewsbury Butter Biscuits; Warm Cardamom Nankhatai,https://images.unsplash.com/photo-1544787219-7f47ccb76574?auto=format&fit=crop&w=800&q=80
TEA-IN-0975,Wild Herb Infused Kangra Tea Lot #538,Himachal Pradesh (Kangra Valley),Kangra Valley,100% Certified GI Tagged Kangra Valley Whole Leaf Tea,Floral; Sweet Vegetal; Pine Mist; Nutty; Mellow Green,1.2,6.7,6.0,0.7,8.5,28,1,4,76,2.5g per 200ml (or 1:1 milk-water for Chai),Metabolic Balance; Antioxidant Shield,Refreshed; Focused; Meditative; Uplifted,All Season,750.0,4.85,100,"An exquisite handcrafted kangra valley harvest from the famed terroirs of Himachal Pradesh (Kangra Valley). Imbued with prominent sensory notes of Floral, Sweet Vegetal, Pine Mist, this blend exhibits an aroma rating of 8.5/10. Specially curated for refreshed, focused rituals, it offers potent metabolic balance, antioxidant shield.",Dhokla with Green Chilies; Spicy Bhakarwadi & Mathri,https://images.unsplash.com/photo-1576092768241-dec231879fc3?auto=format&fit=crop&w=800&q=80
TEA-IN-0976,Temi Estate 100% Organic First Flush Lot #990,"Sikkim (Temi Tea Estate, South Sikkim)",Sikkim Temi,100% Organic Single Estate Temi Leaves,Muscatel; Honeyed Wood; Peach; Caramel,2.5,6.2,7.0,1.6,9.4,44,5,3,85,2.5g per 200ml (or 1:1 milk-water for Chai),Pure Organic Nutrition; Cardiovascular Support; Skin Vitality,Calm; Refreshed; Meditative; Serene,Winter Warmth,561.0,4.38,279,"An exquisite handcrafted sikkim temi harvest from the famed terroirs of Sikkim (Temi Tea Estate, South Sikkim). Imbued with prominent sensory notes of Muscatel, Honeyed Wood, Peach, this blend exhibits an aroma rating of 9.4/10. Specially curated for calm, refreshed rituals, it offers potent pure organic nutrition, cardiovascular support.",Shrewsbury Butter Biscuits; Kashmiri Girda Flatbread with Butter,https://images.unsplash.com/photo-1576092768241-dec231879fc3?auto=format&fit=crop&w=800&q=80
TEA-IN-0977,Moonlight Imperial Pluck '24,Darjeeling (Makaibari),Darjeeling,100% Hand-Picked Camellia Sinensis Single Estate Darjeeling Leaves,Muscatel; Honeysuckle; Green Apple,2.1,5.8,7.5,1.6,10.0,36,2,4,86,2.5g per 200ml (or 1:1 milk-water for Chai),High Antioxidants; Cellular Protection; Gentle Vitality; Heart Wellness,Calm; Meditative; Focused; Uplifted,First Flush Spring,968.0,4.86,407,"An exquisite handcrafted darjeeling harvest from the famed terroirs of Darjeeling (Makaibari). Imbued with prominent sensory notes of Muscatel, Honeysuckle, Green Apple, this blend exhibits an aroma rating of 10.0/10. Specially curated for calm, meditative rituals, it offers potent high antioxidants, cellular protection.",Poha with Roasted Peanuts; Gulab Jamun with Rosewater Syrup; Kashmiri Girda Flatbread with Butter,https://images.unsplash.com/photo-1546852199-2d8e8c4aa477?auto=format&fit=crop&w=800&q=80
TEA-IN-0978,Brahmaputra Valley Bold Red '26,Assam (Upper Brahmaputra Valley),Assam,100% High-Grade Assam Whole Leaf & Golden Buds (Camellia Sinensis var. Assamica),Dark Cocoa; Woody; Molasses; Malty,5.7,5.2,3.2,1.8,9.4,73,0,5,100,2.5g per 200ml (or 1:1 milk-water for Chai),Cardiovascular Support; High Sustained Energy; Metabolic Fire,Energetic; Motivated; Cozy,Autumnal Harvest,1123.0,4.89,223,"An exquisite handcrafted assam harvest from the famed terroirs of Assam (Upper Brahmaputra Valley). Imbued with prominent sensory notes of Dark Cocoa, Woody, Molasses, this blend exhibits an aroma rating of 9.4/10. Specially curated for energetic, motivated rituals, it offers potent cardiovascular support, high sustained energy.",Dhokla with Green Chilies; Kashmiri Girda Flatbread with Butter; Warm Cardamom Nankhatai,https://images.unsplash.com/photo-1571934811356-5cc061b6821f?auto=format&fit=crop&w=800&q=80
TEA-IN-0979,Five-Spice Maharaja Special Chai Lot #354,Mumbai Heritage,Masala Chai,"Assam CTC Black Tea, Green Cardamom Pods, Crushed Dry Ginger, Ceylon Cinnamon, Cloves, Black Pepper, Star Anise, Saffron",Clove (Laung); Peppery; Spicy,4.4,4.1,1.3,9.2,9.5,40,16,6,98,2.5g per 200ml (or 1:1 milk-water for Chai),Digestive Comfort; Anti-inflammatory; Immunity Shield; Instant Warming,Energetic; Comforting,Winter Warmth,677.0,4.5,376,"An exquisite handcrafted masala chai harvest from the famed terroirs of Mumbai Heritage. Imbued with prominent sensory notes of Clove (Laung), Peppery, Spicy, this blend exhibits an aroma rating of 9.5/10. Specially curated for energetic, comforting rituals, it offers potent digestive comfort, anti-inflammatory.",Spicy Bhakarwadi & Mathri; Crisp Onion & Paneer Pakoras,https://images.unsplash.com/photo-1544787219-7f47ccb76574?auto=format&fit=crop&w=800&q=80
TEA-IN-0980,Traditional Samovar Cinnamon Kahwa Lot #715 '26,Kashmir (Srinagar Valley),Kashmir Kahwa,"Kashmiri Green Tea Leaves, Pampore Pure Saffron Strands, Green Cardamom, Cinnamon, Crushed Almond Slivers, Dried Rose Petals",Delicate Green; Cinnamon; Floral Honey; Nutty,2.0,6.4,9.0,6.0,9.5,25,5,4,84,2.5g per 200ml (or 1:1 milk-water for Chai),Stress Relief; Skin Glow & Radiance,Refreshed; Relaxed; Cozy; Calm,Autumnal Harvest,1259.0,4.92,300,"An exquisite handcrafted kashmir kahwa harvest from the famed terroirs of Kashmir (Srinagar Valley). Imbued with prominent sensory notes of Delicate Green, Cinnamon, Floral Honey, this blend exhibits an aroma rating of 9.5/10. Specially curated for refreshed, relaxed rituals, it offers potent stress relief, skin glow & radiance.",Spicy Bhakarwadi & Mathri; Traditional Osmania Butter Biscuits,https://images.unsplash.com/photo-1563822249548-9a72b6353cd1?auto=format&fit=crop&w=800&q=80
TEA-IN-0981,High Altitude Floral White Nilgiri Lot #962 '24,Nilgiri (Kotagiri),Nilgiri,100% High-Elevation Nilgiri Camellia Sinensis,Honey; Light Malt; Crisp Fruit; Sweet Melon,3.4,7.3,6.1,1.9,8.6,43,4,4,91,2.5g per 200ml (or 1:1 milk-water for Chai),Antioxidant Rich; Heart Health; Daily Refreshment; Weight Balance,Refreshed; Uplifted,First Flush Spring,465.0,4.53,106,"An exquisite handcrafted nilgiri harvest from the famed terroirs of Nilgiri (Kotagiri). Imbued with prominent sensory notes of Honey, Light Malt, Crisp Fruit, this blend exhibits an aroma rating of 8.6/10. Specially curated for refreshed, uplifted rituals, it offers potent antioxidant rich, heart health.",Crisp Hot Samosas with Mint & Tamarind Chutney; Spicy Bhakarwadi & Mathri,https://images.unsplash.com/photo-1546852199-2d8e8c4aa477?auto=format&fit=crop&w=800&q=80
TEA-IN-0982,Giloy & Tulsi Monsoon Kadha Herbal,Uttarakhand Sacred Valleys,Ayurvedic Tisane,"Organic Tulsi (Holy Basil), Ashwagandha Root, Wild Himalayan Turmeric, Brahmi Leaves, Licorice (Mulethi), Fennel Seeds (Saunf), Lemongrass",Warm Ginger; Sweet Earthy; Cooling; Botanical; Tulsi Mint,1.8,4.0,4.4,5.0,8.0,0,2,6,96,2.5g per 200ml (or 1:1 milk-water for Chai),Cortisol / Stress Reduction; Gut Health & Detox,Calm; Relaxed; Meditative; Cozy,Monsoon Special,357.0,4.71,224,"An exquisite handcrafted ayurvedic tisane harvest from the famed terroirs of Uttarakhand Sacred Valleys. Imbued with prominent sensory notes of Warm Ginger, Sweet Earthy, Cooling, this blend exhibits an aroma rating of 8.0/10. Specially curated for calm, relaxed rituals, it offers potent cortisol / stress reduction, gut health & detox.",Crisp Hot Samosas with Mint & Tamarind Chutney; Spicy Bhakarwadi & Mathri; Traditional Osmania Butter Biscuits,https://images.unsplash.com/photo-1597481499750-3e6b22637e12?auto=format&fit=crop&w=800&q=80
TEA-IN-0983,Dharamshala Mountain Dew Green '25,Himachal Pradesh (Dharamshala),Kangra Valley,100% Certified GI Tagged Kangra Valley Whole Leaf Tea,Mellow Green; Floral; Pine Mist; Nutty,3.4,7.8,5.6,1.1,8.9,32,2,2,82,2.5g per 200ml (or 1:1 milk-water for Chai),Digestive Ease; Metabolic Balance; Antioxidant Shield,Refreshed; Uplifted; Calm,First Flush Spring,1244.0,4.88,67,"An exquisite handcrafted kangra valley harvest from the famed terroirs of Himachal Pradesh (Dharamshala). Imbued with prominent sensory notes of Mellow Green, Floral, Pine Mist, this blend exhibits an aroma rating of 8.9/10. Specially curated for refreshed, uplifted rituals, it offers potent digestive ease, metabolic balance.",Poha with Roasted Peanuts; Spicy Bhakarwadi & Mathri; Crisp Hot Samosas with Mint & Tamarind Chutney,https://images.unsplash.com/photo-1563822249548-9a72b6353cd1?auto=format&fit=crop&w=800&q=80
TEA-IN-0984,Kanchenjunga Mist Golden Tips Lot #254 '26,"Sikkim (Temi Tea Estate, South Sikkim)",Sikkim Temi,100% Organic Single Estate Temi Leaves,Muscatel; Gentle Spice; Peach,2.3,7.5,8.8,2.4,9.0,43,5,4,90,2.5g per 200ml (or 1:1 milk-water for Chai),Cardiovascular Support; Pure Organic Nutrition; L-Theanine Serenity; Skin Vitality,Calm; Refreshed; Meditative; Serene,Monsoon Special,938.0,4.92,204,"An exquisite handcrafted sikkim temi harvest from the famed terroirs of Sikkim (Temi Tea Estate, South Sikkim). Imbued with prominent sensory notes of Muscatel, Gentle Spice, Peach, this blend exhibits an aroma rating of 9.0/10. Specially curated for calm, refreshed rituals, it offers potent cardiovascular support, pure organic nutrition.",Dhokla with Green Chilies; Crisp Hot Samosas with Mint & Tamarind Chutney; Poha with Roasted Peanuts,https://images.unsplash.com/photo-1546852199-2d8e8c4aa477?auto=format&fit=crop&w=800&q=80
TEA-IN-0985,High Elevation Queen of Teas,Darjeeling (Makaibari),Darjeeling,100% Hand-Picked Camellia Sinensis Single Estate Darjeeling Leaves,Citrus Zest; Honeysuckle; Apricot; Pine Wood,3.2,6.0,9.7,1.7,8.0,36,4,4,88,2.5g per 200ml (or 1:1 milk-water for Chai),Mental Clarity; High Antioxidants; Cellular Protection,Refreshed; Focused; Meditative,Second Flush Summer,2171.0,4.38,435,"An exquisite handcrafted darjeeling harvest from the famed terroirs of Darjeeling (Makaibari). Imbued with prominent sensory notes of Citrus Zest, Honeysuckle, Apricot, this blend exhibits an aroma rating of 8.0/10. Specially curated for refreshed, focused rituals, it offers potent mental clarity, high antioxidants.",Poha with Roasted Peanuts; Dhokla with Green Chilies; Kashmiri Girda Flatbread with Butter,https://images.unsplash.com/photo-1576092768241-dec231879fc3?auto=format&fit=crop&w=800&q=80
TEA-IN-0986,Royal Mangalam Golden Needle '25,Assam (Dibrugarh),Assam,100% High-Grade Assam Whole Leaf & Golden Buds (Camellia Sinensis var. Assamica),Dark Cocoa; Bold Body; Caramel,6.0,4.0,3.5,4.4,8.9,66,5,5,98,2.5g per 200ml (or 1:1 milk-water for Chai),Digestive Power; Cardiovascular Support; High Sustained Energy; Metabolic Fire,Energetic; Motivated; Cozy; Focused,All Season,976.0,4.7,139,"An exquisite handcrafted assam harvest from the famed terroirs of Assam (Dibrugarh). Imbued with prominent sensory notes of Dark Cocoa, Bold Body, Caramel, this blend exhibits an aroma rating of 8.9/10. Specially curated for energetic, motivated rituals, it offers potent digestive power, cardiovascular support.",Dhokla with Green Chilies; Gulab Jamun with Rosewater Syrup; Warm Cardamom Nankhatai,https://images.unsplash.com/photo-1571934811356-5cc061b6821f?auto=format&fit=crop&w=800&q=80
TEA-IN-0987,Royal Elaichi & Kesar Rich Chai Lot #665,Rajasthan Royal Palace,Masala Chai,"Assam CTC Black Tea, Green Cardamom Pods, Crushed Dry Ginger, Ceylon Cinnamon, Cloves, Black Pepper, Star Anise, Saffron",Spicy; Sweet Heat; Cinnamon (Dalchini),3.5,5.3,3.2,9.0,9.7,60,58,4,95,2.5g per 200ml (or 1:1 milk-water for Chai),Digestive Comfort; Anti-inflammatory; Immunity Shield; Instant Warming,Energetic; Uplifted; Cozy; Comforting,Winter Warmth,415.0,4.49,377,"An exquisite handcrafted masala chai harvest from the famed terroirs of Rajasthan Royal Palace. Imbued with prominent sensory notes of Spicy, Sweet Heat, Cinnamon (Dalchini), this blend exhibits an aroma rating of 9.7/10. Specially curated for energetic, uplifted rituals, it offers potent digestive comfort, anti-inflammatory.",Crisp Hot Samosas with Mint & Tamarind Chutney; Warm Cardamom Nankhatai,https://images.unsplash.com/photo-1571934811356-5cc061b6821f?auto=format&fit=crop&w=800&q=80
TEA-IN-0988,Traditional Samovar Cinnamon Kahwa Lot #753 '24,Kashmir (Gulmarg Hills),Kashmir Kahwa,"Kashmiri Green Tea Leaves, Pampore Pure Saffron Strands, Green Cardamom, Cinnamon, Crushed Almond Slivers, Dried Rose Petals",Sweet Almond; Floral Honey; Nutty,1.6,7.1,6.5,8.0,9.8,23,5,3,83,2.5g per 200ml (or 1:1 milk-water for Chai),Calming Warmth; Stress Relief; Digestive Fire; Immunity Boost,Calm; Relaxed; Meditative; Refreshed,Second Flush Summer,1029.0,4.73,384,"An exquisite handcrafted kashmir kahwa harvest from the famed terroirs of Kashmir (Gulmarg Hills). Imbued with prominent sensory notes of Sweet Almond, Floral Honey, Nutty, this blend exhibits an aroma rating of 9.8/10. Specially curated for calm, relaxed rituals, it offers potent calming warmth, stress relief.",Spicy Bhakarwadi & Mathri; Irani Cafe Bun Maska & Chai,https://images.unsplash.com/photo-1563822249548-9a72b6353cd1?auto=format&fit=crop&w=800&q=80
TEA-IN-0989,Blue Mountain Aromatic Orthdox,Nilgiri (Blue Mountains),Nilgiri,100% High-Elevation Nilgiri Camellia Sinensis,Light Malt; Honey; Sweet Melon; Bright Citrus; Plum,3.2,7.8,6.2,1.5,9.5,44,0,4,86,2.5g per 200ml (or 1:1 milk-water for Chai),Weight Balance; Antioxidant Rich; Gentle Alertness,Calm; Creative; Focused,Winter Warmth,614.0,4.82,254,"An exquisite handcrafted nilgiri harvest from the famed terroirs of Nilgiri (Blue Mountains). Imbued with prominent sensory notes of Light Malt, Honey, Sweet Melon, this blend exhibits an aroma rating of 9.5/10. Specially curated for calm, creative rituals, it offers potent weight balance, antioxidant rich.",Dhokla with Green Chilies; Kolkata Style Kathi Rolls,https://images.unsplash.com/photo-1546852199-2d8e8c4aa477?auto=format&fit=crop&w=800&q=80
TEA-IN-0990,Moringa & Lemongrass Detox Flush Lot #410 '25,Himalayan Foothills,Ayurvedic Tisane,"Organic Tulsi (Holy Basil), Ashwagandha Root, Wild Himalayan Turmeric, Brahmi Leaves, Licorice (Mulethi), Fennel Seeds (Saunf), Lemongrass",Cooling; Fennel Sweetness; Botanical,1.0,6.9,7.1,4.1,8.6,0,2,7,96,2.5g per 200ml (or 1:1 milk-water for Chai),Gut Health & Detox; Immunity Fortification; Deep Restful Sleep,Relaxed; Meditative,Second Flush Summer,457.0,4.53,68,"An exquisite handcrafted ayurvedic tisane harvest from the famed terroirs of Himalayan Foothills. Imbued with prominent sensory notes of Cooling, Fennel Sweetness, Botanical, this blend exhibits an aroma rating of 8.6/10. Specially curated for relaxed, meditative rituals, it offers potent gut health & detox, immunity fortification.",Poha with Roasted Peanuts; Irani Cafe Bun Maska & Chai,https://images.unsplash.com/photo-1597481499750-3e6b22637e12?auto=format&fit=crop&w=800&q=80
TEA-IN-0991,Kangra Imperial Green Dragon Lot #669 '26,Himachal Pradesh (Palampur),Kangra Valley,100% Certified GI Tagged Kangra Valley Whole Leaf Tea,Floral; Roasted Corn; Sweet Vegetal; Nutty; Mellow Green,3.4,7.4,6.4,1.4,8.2,37,5,3,81,2.5g per 200ml (or 1:1 milk-water for Chai),High Polyphenols; Digestive Ease; Metabolic Balance; Antioxidant Shield,Refreshed; Uplifted; Calm,Monsoon Special,560.0,4.98,261,"An exquisite handcrafted kangra valley harvest from the famed terroirs of Himachal Pradesh (Palampur). Imbued with prominent sensory notes of Floral, Roasted Corn, Sweet Vegetal, this blend exhibits an aroma rating of 8.2/10. Specially curated for refreshed, uplifted rituals, it offers potent high polyphenols, digestive ease.",Crisp Hot Samosas with Mint & Tamarind Chutney; Kolkata Style Kathi Rolls,https://images.unsplash.com/photo-1576092768241-dec231879fc3?auto=format&fit=crop&w=800&q=80
TEA-IN-0992,Sikkim Green Dragon Spring Leaf Lot #931,"Sikkim (Temi Tea Estate, South Sikkim)",Sikkim Temi,100% Organic Single Estate Temi Leaves,Sweet Floral; Peach; Muscatel,2.5,6.2,8.1,2.5,8.6,44,3,3,86,2.5g per 200ml (or 1:1 milk-water for Chai),Pure Organic Nutrition; L-Theanine Serenity; Skin Vitality,Refreshed; Meditative; Serene; Focused,Winter Warmth,942.0,4.34,263,"An exquisite handcrafted sikkim temi harvest from the famed terroirs of Sikkim (Temi Tea Estate, South Sikkim). Imbued with prominent sensory notes of Sweet Floral, Peach, Muscatel, this blend exhibits an aroma rating of 8.6/10. Specially curated for refreshed, meditative rituals, it offers potent pure organic nutrition, l-theanine serenity.",Poha with Roasted Peanuts; Spicy Bhakarwadi & Mathri; Irani Cafe Bun Maska & Chai,https://images.unsplash.com/photo-1576092768241-dec231879fc3?auto=format&fit=crop&w=800&q=80
TEA-IN-0993,Margaret's Hope Golden Tips,Darjeeling (Singbulli),Darjeeling,100% Hand-Picked Camellia Sinensis Single Estate Darjeeling Leaves,Honey; Honeysuckle; Green Apple,2.3,5.5,8.4,1.0,8.6,49,4,3,88,2.5g per 200ml (or 1:1 milk-water for Chai),Mental Clarity; High Antioxidants; Gentle Vitality,Refreshed; Focused,First Flush Spring,1359.0,4.42,333,"An exquisite handcrafted darjeeling harvest from the famed terroirs of Darjeeling (Singbulli). Imbued with prominent sensory notes of Honey, Honeysuckle, Green Apple, this blend exhibits an aroma rating of 8.6/10. Specially curated for refreshed, focused rituals, it offers potent mental clarity, high antioxidants.",Kashmiri Girda Flatbread with Butter; Crisp Hot Samosas with Mint & Tamarind Chutney; Irani Cafe Bun Maska & Chai,https://images.unsplash.com/photo-1576092768241-dec231879fc3?auto=format&fit=crop&w=800&q=80
TEA-IN-0994,Golden Tips Extra Special Orthodox '26,Assam (Jorhat),Assam,100% High-Grade Assam Whole Leaf & Golden Buds (Camellia Sinensis var. Assamica),Honey; Woody; Malty; Dark Cocoa,7.3,3.9,1.5,4.3,9.4,57,0,4,98,2.5g per 200ml (or 1:1 milk-water for Chai),Digestive Power; High Sustained Energy; Immune Strength,Focused; Motivated; Cozy,Monsoon Special,412.0,4.78,122,"An exquisite handcrafted assam harvest from the famed terroirs of Assam (Jorhat). Imbued with prominent sensory notes of Honey, Woody, Malty, this blend exhibits an aroma rating of 9.4/10. Specially curated for focused, motivated rituals, it offers potent digestive power, high sustained energy.",Gulab Jamun with Rosewater Syrup; Spicy Bhakarwadi & Mathri; Crisp Onion & Paneer Pakoras,https://images.unsplash.com/photo-1571934811356-5cc061b6821f?auto=format&fit=crop&w=800&q=80
TEA-IN-0995,Authentic Mumbai Cutting Masala Chai Lot #467 '24,Assam & Kerala Spice Hills,Masala Chai,"Assam CTC Black Tea, Green Cardamom Pods, Crushed Dry Ginger, Ceylon Cinnamon, Cloves, Black Pepper, Star Anise, Saffron",Clove (Laung); Ginger (Adrak); Sweet Heat,4.2,8.2,2.2,9.8,9.2,54,29,4,97,2.5g per 200ml (or 1:1 milk-water for Chai),Digestive Comfort; Anti-inflammatory; Immunity Shield; Instant Warming,Refreshed; Uplifted; Comforting,Winter Warmth,363.0,4.32,434,"An exquisite handcrafted masala chai harvest from the famed terroirs of Assam & Kerala Spice Hills. Imbued with prominent sensory notes of Clove (Laung), Ginger (Adrak), Sweet Heat, this blend exhibits an aroma rating of 9.2/10. Specially curated for refreshed, uplifted rituals, it offers potent digestive comfort, anti-inflammatory.",Crisp Onion & Paneer Pakoras; Irani Cafe Bun Maska & Chai,https://images.unsplash.com/photo-1544787219-7f47ccb76574?auto=format&fit=crop&w=800&q=80
TEA-IN-0996,Zaffran Emerald Heritage Brew Lot #155,Kashmir (Gulmarg Hills),Kashmir Kahwa,"Kashmiri Green Tea Leaves, Pampore Pure Saffron Strands, Green Cardamom, Cinnamon, Crushed Almond Slivers, Dried Rose Petals",Cardamom; Delicate Green; Floral Honey,2.4,6.9,8.3,5.8,9.9,18,3,3,82,2.5g per 200ml (or 1:1 milk-water for Chai),Digestive Fire; Stress Relief; Skin Glow & Radiance; Immunity Boost,Refreshed; Relaxed; Calm,All Season,1790.0,4.48,132,"An exquisite handcrafted kashmir kahwa harvest from the famed terroirs of Kashmir (Gulmarg Hills). Imbued with prominent sensory notes of Cardamom, Delicate Green, Floral Honey, this blend exhibits an aroma rating of 9.9/10. Specially curated for refreshed, relaxed rituals, it offers potent digestive fire, stress relief.",Poha with Roasted Peanuts; Gulab Jamun with Rosewater Syrup; Shrewsbury Butter Biscuits,https://images.unsplash.com/photo-1563822249548-9a72b6353cd1?auto=format&fit=crop&w=800&q=80
TEA-IN-0997,Blue Mountain Aromatic Orthdox Lot #804 '25,Nilgiri (Ooty Highlands),Nilgiri,100% High-Elevation Nilgiri Camellia Sinensis,Bright Citrus; Floral; Crisp Fruit; Plum,3.4,7.4,7.2,0.5,9.5,47,2,4,90,2.5g per 200ml (or 1:1 milk-water for Chai),Weight Balance; Heart Health; Gentle Alertness,Refreshed; Creative; Focused; Uplifted,First Flush Spring,1062.0,4.97,328,"An exquisite handcrafted nilgiri harvest from the famed terroirs of Nilgiri (Ooty Highlands). Imbued with prominent sensory notes of Bright Citrus, Floral, Crisp Fruit, this blend exhibits an aroma rating of 9.5/10. Specially curated for refreshed, creative rituals, it offers potent weight balance, heart health.",Gulab Jamun with Rosewater Syrup; Traditional Osmania Butter Biscuits; Irani Cafe Bun Maska & Chai,https://images.unsplash.com/photo-1546852199-2d8e8c4aa477?auto=format&fit=crop&w=800&q=80
TEA-IN-0998,Triphala & Fennel Digestive Nectar '26,Himalayan Foothills,Ayurvedic Tisane,"Organic Tulsi (Holy Basil), Ashwagandha Root, Wild Himalayan Turmeric, Brahmi Leaves, Licorice (Mulethi), Fennel Seeds (Saunf), Lemongrass",Warm Ginger; Herbal; Sweet Earthy; Botanical; Tulsi Mint,3.0,4.9,7.2,2.2,8.7,0,4,6,100,2.5g per 200ml (or 1:1 milk-water for Chai),Joint & Anti-inflammatory; Deep Restful Sleep,Soothing; Cozy,All Season,745.0,4.32,189,"An exquisite handcrafted ayurvedic tisane harvest from the famed terroirs of Himalayan Foothills. Imbued with prominent sensory notes of Warm Ginger, Herbal, Sweet Earthy, this blend exhibits an aroma rating of 8.7/10. Specially curated for soothing, cozy rituals, it offers potent joint & anti-inflammatory, deep restful sleep.",Kashmiri Girda Flatbread with Butter; Crisp Onion & Paneer Pakoras; Kolkata Style Kathi Rolls,https://images.unsplash.com/photo-1597481499750-3e6b22637e12?auto=format&fit=crop&w=800&q=80
TEA-IN-0999,Himalayan Cedar Scented Kangra Lot #855 '25,Himachal Pradesh (Dharamshala),Kangra Valley,100% Certified GI Tagged Kangra Valley Whole Leaf Tea,Floral; Roasted Corn; Pine Mist; Nutty; Mellow Green,2.6,7.4,6.4,1.2,9.0,34,3,2,79,2.5g per 200ml (or 1:1 milk-water for Chai),High Polyphenols; Peaceful Focus; Metabolic Balance; Antioxidant Shield,Refreshed; Focused; Meditative; Calm,Autumnal Harvest,723.0,4.4,186,"An exquisite handcrafted kangra valley harvest from the famed terroirs of Himachal Pradesh (Dharamshala). Imbued with prominent sensory notes of Floral, Roasted Corn, Pine Mist, this blend exhibits an aroma rating of 9.0/10. Specially curated for refreshed, focused rituals, it offers potent high polyphenols, peaceful focus.",Warm Cardamom Nankhatai; Irani Cafe Bun Maska & Chai,https://images.unsplash.com/photo-1563822249548-9a72b6353cd1?auto=format&fit=crop&w=800&q=80
TEA-IN-1000,Sikkim Green Dragon Spring Leaf '25,Sikkim (Ravangla Highlands),Sikkim Temi,100% Organic Single Estate Temi Leaves,Honeyed Wood; Gentle Spice; Caramel,1.9,7.7,7.5,2.2,8.4,36,4,4,85,2.5g per 200ml (or 1:1 milk-water for Chai),Cardiovascular Support; L-Theanine Serenity; Skin Vitality,Refreshed; Focused; Calm,First Flush Spring,488.0,4.4,66,"An exquisite handcrafted sikkim temi harvest from the famed terroirs of Sikkim (Ravangla Highlands). Imbued with prominent sensory notes of Honeyed Wood, Gentle Spice, Caramel, this blend exhibits an aroma rating of 8.4/10. Specially curated for refreshed, focused rituals, it offers potent cardiovascular support, l-theanine serenity.",Shrewsbury Butter Biscuits; Crisp Hot Samosas with Mint & Tamarind Chutney; Gulab Jamun with Rosewater Syrup,https://images.unsplash.com/photo-1546852199-2d8e8c4aa477?auto=format&fit=crop&w=800&q=80
TEA-IN-1001,Margaret's Hope Golden Tips Lot #579 '25,Darjeeling (Castle Castleton),Darjeeling,100% Hand-Picked Camellia Sinensis Single Estate Darjeeling Leaves,Honey; Apricot; Green Apple,3.2,5.9,9.2,0.8,9.5,46,3,3,82,2.5g per 200ml (or 1:1 milk-water for Chai),Mental Clarity; Cellular Protection; Heart Wellness,Meditative; Uplifted,Monsoon Special,612.0,4.31,300,"An exquisite handcrafted darjeeling harvest from the famed terroirs of Darjeeling (Castle Castleton). Imbued with prominent sensory notes of Honey, Apricot, Green Apple, this blend exhibits an aroma rating of 9.5/10. Specially curated for meditative, uplifted rituals, it offers potent mental clarity, cellular protection.",Dhokla with Green Chilies; Kolkata Style Kathi Rolls,https://images.unsplash.com/photo-1546852199-2d8e8c4aa477?auto=format&fit=crop&w=800&q=80
TEA-IN-1002,Robust Morning Chai Blend Lot #845,Assam (Golaghat),Assam,100% High-Grade Assam Whole Leaf & Golden Buds (Camellia Sinensis var. Assamica),Bold Body; Molasses; Woody; Caramel,5.5,6.4,3.2,2.7,7.8,76,4,4,100,2.5g per 200ml (or 1:1 milk-water for Chai),Digestive Power; Cardiovascular Support,Energetic; Cozy,Autumnal Harvest,563.0,4.94,382,"An exquisite handcrafted assam harvest from the famed terroirs of Assam (Golaghat). Imbued with prominent sensory notes of Bold Body, Molasses, Woody, this blend exhibits an aroma rating of 7.8/10. Specially curated for energetic, cozy rituals, it offers potent digestive power, cardiovascular support.",Gulab Jamun with Rosewater Syrup; Kolkata Style Kathi Rolls,https://images.unsplash.com/photo-1514733670139-4d87a1941d55?auto=format&fit=crop&w=800&q=80
TEA-IN-1003,Cinnamon Bark & Clove Monsoon Chai,Delhi Old Quarter,Masala Chai,"Assam CTC Black Tea, Green Cardamom Pods, Crushed Dry Ginger, Ceylon Cinnamon, Cloves, Black Pepper, Star Anise, Saffron",Cinnamon (Dalchini); Creamy; Sweet Heat; Clove (Laung); Spicy,5.3,7.7,3.1,8.5,10.0,65,31,5,96,2.5g per 200ml (or 1:1 milk-water for Chai),Immunity Shield; Digestive Comfort; Cold & Cough Relief; Anti-inflammatory,Refreshed; Energetic; Uplifted; Comforting,Autumnal Harvest,547.0,4.91,398,"An exquisite handcrafted masala chai harvest from the famed terroirs of Delhi Old Quarter. Imbued with prominent sensory notes of Cinnamon (Dalchini), Creamy, Sweet Heat, this blend exhibits an aroma rating of 10.0/10. Specially curated for refreshed, energetic rituals, it offers potent immunity shield, digestive comfort.",Shrewsbury Butter Biscuits; Traditional Osmania Butter Biscuits,https://images.unsplash.com/photo-1571934811356-5cc061b6821f?auto=format&fit=crop&w=800&q=80
TEA-IN-1004,Zaffran Emerald Heritage Brew Lot #872,Kashmir (Srinagar Valley),Kashmir Kahwa,"Kashmiri Green Tea Leaves, Pampore Pure Saffron Strands, Green Cardamom, Cinnamon, Crushed Almond Slivers, Dried Rose Petals",Sweet Almond; Saffron (Kesar); Nutty,1.5,7.3,6.9,5.8,9.0,27,4,4,84,2.5g per 200ml (or 1:1 milk-water for Chai),Skin Glow & Radiance; Immunity Boost,Relaxed; Cozy,All Season,731.0,4.93,172,"An exquisite handcrafted kashmir kahwa harvest from the famed terroirs of Kashmir (Srinagar Valley). Imbued with prominent sensory notes of Sweet Almond, Saffron (Kesar), Nutty, this blend exhibits an aroma rating of 9.0/10. Specially curated for relaxed, cozy rituals, it offers potent skin glow & radiance, immunity boost.",Dhokla with Green Chilies; Spicy Bhakarwadi & Mathri; Warm Cardamom Nankhatai,https://images.unsplash.com/photo-1576092768241-dec231879fc3?auto=format&fit=crop&w=800&q=80
TEA-IN-1005,Glendale High-Grown Special Lot #710,Nilgiri (Ooty Highlands),Nilgiri,100% High-Elevation Nilgiri Camellia Sinensis,Floral; Light Malt; Sweet Melon; Bright Citrus; Crisp Fruit,3.5,6.5,6.3,1.2,8.0,39,3,3,85,2.5g per 200ml (or 1:1 milk-water for Chai),Weight Balance; Daily Refreshment; Gentle Alertness,Refreshed; Uplifted; Calm,Autumnal Harvest,635.0,4.49,240,"An exquisite handcrafted nilgiri harvest from the famed terroirs of Nilgiri (Ooty Highlands). Imbued with prominent sensory notes of Floral, Light Malt, Sweet Melon, this blend exhibits an aroma rating of 8.0/10. Specially curated for refreshed, uplifted rituals, it offers potent weight balance, daily refreshment.",Gulab Jamun with Rosewater Syrup; Traditional Osmania Butter Biscuits,https://images.unsplash.com/photo-1597481499750-3e6b22637e12?auto=format&fit=crop&w=800&q=80
TEA-IN-1006,Ashwagandha Stress Relief Golden Elixir,Uttarakhand Sacred Valleys,Ayurvedic Tisane,"Organic Tulsi (Holy Basil), Ashwagandha Root, Wild Himalayan Turmeric, Brahmi Leaves, Licorice (Mulethi), Fennel Seeds (Saunf), Lemongrass",Herbal; Sweet Earthy; Woody; Botanical,2.5,4.2,7.0,4.9,9.1,0,2,6,99,2.5g per 200ml (or 1:1 milk-water for Chai),Cortisol / Stress Reduction; Immunity Fortification,Calm; Relaxed; Cozy,Winter Warmth,570.0,4.79,225,"An exquisite handcrafted ayurvedic tisane harvest from the famed terroirs of Uttarakhand Sacred Valleys. Imbued with prominent sensory notes of Herbal, Sweet Earthy, Woody, this blend exhibits an aroma rating of 9.1/10. Specially curated for calm, relaxed rituals, it offers potent cortisol / stress reduction, immunity fortification.",Crisp Onion & Paneer Pakoras; Irani Cafe Bun Maska & Chai,https://images.unsplash.com/photo-1597481499750-3e6b22637e12?auto=format&fit=crop&w=800&q=80
TEA-IN-1007,Kangra Imperial Green Dragon Lot #424 '24,Himachal Pradesh (Kangra Valley),Kangra Valley,100% Certified GI Tagged Kangra Valley Whole Leaf Tea,Mellow Green; Floral; Pine Mist; Nutty,1.4,6.3,8.0,0.8,8.0,27,0,2,77,2.5g per 200ml (or 1:1 milk-water for Chai),High Polyphenols; Metabolic Balance,Refreshed; Focused; Calm,All Season,1067.0,4.55,202,"An exquisite handcrafted kangra valley harvest from the famed terroirs of Himachal Pradesh (Kangra Valley). Imbued with prominent sensory notes of Mellow Green, Floral, Pine Mist, this blend exhibits an aroma rating of 8.0/10. Specially curated for refreshed, focused rituals, it offers potent high polyphenols, metabolic balance.",Spicy Bhakarwadi & Mathri; Traditional Osmania Butter Biscuits,https://images.unsplash.com/photo-1563822249548-9a72b6353cd1?auto=format&fit=crop&w=800&q=80
TEA-IN-1008,Temi Estate 100% Organic First Flush Lot #858 '24,"Sikkim (Temi Tea Estate, South Sikkim)",Sikkim Temi,100% Organic Single Estate Temi Leaves,Sweet Floral; Honeyed Wood; Caramel; Muscatel; Gentle Spice,3.2,7.4,7.8,1.2,8.6,43,0,4,85,2.5g per 200ml (or 1:1 milk-water for Chai),Pure Organic Nutrition; L-Theanine Serenity; Cardiovascular Support; Skin Vitality,Calm; Meditative; Serene,First Flush Spring,1425.0,4.35,119,"An exquisite handcrafted sikkim temi harvest from the famed terroirs of Sikkim (Temi Tea Estate, South Sikkim). Imbued with prominent sensory notes of Sweet Floral, Honeyed Wood, Caramel, this blend exhibits an aroma rating of 8.6/10. Specially curated for calm, meditative rituals, it offers potent pure organic nutrition, l-theanine serenity.",Dhokla with Green Chilies; Traditional Osmania Butter Biscuits,https://images.unsplash.com/photo-1576092768241-dec231879fc3?auto=format&fit=crop&w=800&q=80
TEA-IN-1009,Castleton Muscatel Supreme,Darjeeling (Margaret's Hope),Darjeeling,100% Hand-Picked Camellia Sinensis Single Estate Darjeeling Leaves,Honeysuckle; Apricot; Green Apple,2.9,8.8,9.3,0.9,9.3,53,1,4,90,2.5g per 200ml (or 1:1 milk-water for Chai),Mental Clarity; High Antioxidants; Cellular Protection; Heart Wellness,Refreshed; Calm; Meditative; Uplifted,All Season,2249.0,4.94,112,"An exquisite handcrafted darjeeling harvest from the famed terroirs of Darjeeling (Margaret's Hope). Imbued with prominent sensory notes of Honeysuckle, Apricot, Green Apple, this blend exhibits an aroma rating of 9.3/10. Specially curated for refreshed, calm rituals, it offers potent mental clarity, high antioxidants.",Poha with Roasted Peanuts; Spicy Bhakarwadi & Mathri; Kolkata Style Kathi Rolls,https://images.unsplash.com/photo-1594631252845-29fc4cc8cde9?auto=format&fit=crop&w=800&q=80
TEA-IN-1010,Imperial Halmari Single Estate,Assam (Mangaldai),Assam,100% High-Grade Assam Whole Leaf & Golden Buds (Camellia Sinensis var. Assamica),Dark Cocoa; Honey; Molasses,4.2,4.4,4.0,2.6,7.2,61,5,4,96,2.5g per 200ml (or 1:1 milk-water for Chai),Cardiovascular Support; High Sustained Energy,Focused; Cozy,First Flush Spring,591.0,4.7,401,"An exquisite handcrafted assam harvest from the famed terroirs of Assam (Mangaldai). Imbued with prominent sensory notes of Dark Cocoa, Honey, Molasses, this blend exhibits an aroma rating of 7.2/10. Specially curated for focused, cozy rituals, it offers potent cardiovascular support, high sustained energy.",Crisp Hot Samosas with Mint & Tamarind Chutney; Traditional Osmania Butter Biscuits,https://images.unsplash.com/photo-1514733670139-4d87a1941d55?auto=format&fit=crop&w=800&q=80
TEA-IN-1011,Caramelized Jaggery (Gur) Spiced Chai Lot #239,Delhi Old Quarter,Masala Chai,"Assam CTC Black Tea, Green Cardamom Pods, Crushed Dry Ginger, Ceylon Cinnamon, Cloves, Black Pepper, Star Anise, Saffron",Cardamom (Elaichi); Cinnamon (Dalchini); Creamy; Clove (Laung); Spicy,5.4,5.0,3.4,9.5,9.3,52,57,6,99,2.5g per 200ml (or 1:1 milk-water for Chai),Cold & Cough Relief; Digestive Comfort; Immunity Shield; Instant Warming,Energetic; Comforting; Cozy,First Flush Spring,664.0,4.87,425,"An exquisite handcrafted masala chai harvest from the famed terroirs of Delhi Old Quarter. Imbued with prominent sensory notes of Cardamom (Elaichi), Cinnamon (Dalchini), Creamy, this blend exhibits an aroma rating of 9.3/10. Specially curated for energetic, comforting rituals, it offers potent cold & cough relief, digestive comfort.",Kashmiri Girda Flatbread with Butter; Kolkata Style Kathi Rolls,https://images.unsplash.com/photo-1571934811356-5cc061b6821f?auto=format&fit=crop&w=800&q=80
TEA-IN-1012,Royal Kashmiri Saffron Almond Kahwa '24,Kashmir (Gulmarg Hills),Kashmir Kahwa,"Kashmiri Green Tea Leaves, Pampore Pure Saffron Strands, Green Cardamom, Cinnamon, Crushed Almond Slivers, Dried Rose Petals",Sweet Almond; Floral Honey; Nutty,2.9,8.7,8.7,5.8,9.7,27,0,5,85,2.5g per 200ml (or 1:1 milk-water for Chai),Skin Glow & Radiance; Immunity Boost,Calm; Refreshed; Meditative; Cozy,Monsoon Special,1647.0,4.31,368,"An exquisite handcrafted kashmir kahwa harvest from the famed terroirs of Kashmir (Gulmarg Hills). Imbued with prominent sensory notes of Sweet Almond, Floral Honey, Nutty, this blend exhibits an aroma rating of 9.7/10. Specially curated for calm, refreshed rituals, it offers potent skin glow & radiance, immunity boost.",Dhokla with Green Chilies; Crisp Onion & Paneer Pakoras; Warm Cardamom Nankhatai,https://images.unsplash.com/photo-1563822249548-9a72b6353cd1?auto=format&fit=crop&w=800&q=80
TEA-IN-1013,Nilgiri Frost Tea Winter Pluck Lot #809 '25,Nilgiri (Kotagiri),Nilgiri,100% High-Elevation Nilgiri Camellia Sinensis,Bright Citrus; Crisp Fruit; Floral; Light Malt,1.9,7.1,7.7,1.9,9.0,53,2,3,92,2.5g per 200ml (or 1:1 milk-water for Chai),Weight Balance; Antioxidant Rich; Gentle Alertness,Calm; Creative; Uplifted; Focused,All Season,1187.0,4.66,252,"An exquisite handcrafted nilgiri harvest from the famed terroirs of Nilgiri (Kotagiri). Imbued with prominent sensory notes of Bright Citrus, Crisp Fruit, Floral, this blend exhibits an aroma rating of 9.0/10. Specially curated for calm, creative rituals, it offers potent weight balance, antioxidant rich.",Crisp Onion & Paneer Pakoras; Traditional Osmania Butter Biscuits; Irani Cafe Bun Maska & Chai,https://images.unsplash.com/photo-1546852199-2d8e8c4aa477?auto=format&fit=crop&w=800&q=80
TEA-IN-1014,Chamomile & Shankhpushpi Deep Sleep Lot #926,Kerala (Western Ghats),Ayurvedic Tisane,"Organic Tulsi (Holy Basil), Ashwagandha Root, Wild Himalayan Turmeric, Brahmi Leaves, Licorice (Mulethi), Fennel Seeds (Saunf), Lemongrass",Cooling; Woody; Tulsi Mint; Fennel Sweetness,0.6,5.6,7.4,3.1,7.8,0,3,5,98,2.5g per 200ml (or 1:1 milk-water for Chai),Gut Health & Detox; Deep Restful Sleep,Meditative; Cozy,Autumnal Harvest,388.0,4.79,224,"An exquisite handcrafted ayurvedic tisane harvest from the famed terroirs of Kerala (Western Ghats). Imbued with prominent sensory notes of Cooling, Woody, Tulsi Mint, this blend exhibits an aroma rating of 7.8/10. Specially curated for meditative, cozy rituals, it offers potent gut health & detox, deep restful sleep.",Kashmiri Girda Flatbread with Butter; Kolkata Style Kathi Rolls; Spicy Bhakarwadi & Mathri,https://images.unsplash.com/photo-1544787219-7f47ccb76574?auto=format&fit=crop&w=800&q=80
TEA-IN-1015,Kangra Imperial Green Dragon,Himachal Pradesh (Kangra Valley),Kangra Valley,100% Certified GI Tagged Kangra Valley Whole Leaf Tea,Floral; Pine Mist; Nutty,1.7,7.9,8.1,1.4,8.3,40,3,3,85,2.5g per 200ml (or 1:1 milk-water for Chai),Digestive Ease; Metabolic Balance; Peaceful Focus,Refreshed; Focused; Calm,First Flush Spring,575.0,4.79,95,"An exquisite handcrafted kangra valley harvest from the famed terroirs of Himachal Pradesh (Kangra Valley). Imbued with prominent sensory notes of Floral, Pine Mist, Nutty, this blend exhibits an aroma rating of 8.3/10. Specially curated for refreshed, focused rituals, it offers potent digestive ease, metabolic balance.",Gulab Jamun with Rosewater Syrup; Crisp Onion & Paneer Pakoras,https://images.unsplash.com/photo-1563822249548-9a72b6353cd1?auto=format&fit=crop&w=800&q=80
TEA-IN-1016,Kanchenjunga Mist Golden Tips,Sikkim (Ravangla Highlands),Sikkim Temi,100% Organic Single Estate Temi Leaves,Sweet Floral; Peach; Caramel; Muscatel,1.8,8.1,7.5,1.1,8.8,44,4,4,89,2.5g per 200ml (or 1:1 milk-water for Chai),Pure Organic Nutrition; Cardiovascular Support; Skin Vitality,Refreshed; Focused,All Season,593.0,4.49,231,"An exquisite handcrafted sikkim temi harvest from the famed terroirs of Sikkim (Ravangla Highlands). Imbued with prominent sensory notes of Sweet Floral, Peach, Caramel, this blend exhibits an aroma rating of 8.8/10. Specially curated for refreshed, focused rituals, it offers potent pure organic nutrition, cardiovascular support.",Kashmiri Girda Flatbread with Butter; Kolkata Style Kathi Rolls; Traditional Osmania Butter Biscuits,https://images.unsplash.com/photo-1546852199-2d8e8c4aa477?auto=format&fit=crop&w=800&q=80
TEA-IN-1017,Vintage Muscatel Wonder Lot #739,Darjeeling (Okayti),Darjeeling,100% Hand-Picked Camellia Sinensis Single Estate Darjeeling Leaves,Citrus Zest; Apricot; Pine Wood; Green Apple; Muscatel,3.2,6.0,7.4,1.6,8.2,45,1,4,84,2.5g per 200ml (or 1:1 milk-water for Chai),Mental Clarity; High Antioxidants; Gentle Vitality,Refreshed; Focused,First Flush Spring,1825.0,4.51,407,"An exquisite handcrafted darjeeling harvest from the famed terroirs of Darjeeling (Okayti). Imbued with prominent sensory notes of Citrus Zest, Apricot, Pine Wood, this blend exhibits an aroma rating of 8.2/10. Specially curated for refreshed, focused rituals, it offers potent mental clarity, high antioxidants.",Dhokla with Green Chilies; Gulab Jamun with Rosewater Syrup; Shrewsbury Butter Biscuits,https://images.unsplash.com/photo-1576092768241-dec231879fc3?auto=format&fit=crop&w=800&q=80
TEA-IN-1018,Malty Breakfast Kadak CTC Lot #644,Assam (Upper Brahmaputra Valley),Assam,100% High-Grade Assam Whole Leaf & Golden Buds (Camellia Sinensis var. Assamica),Woody; Malty; Toasted Grain,4.3,4.7,3.8,4.1,9.3,68,4,4,100,2.5g per 200ml (or 1:1 milk-water for Chai),Digestive Power; Cardiovascular Support; High Sustained Energy; Metabolic Fire,Uplifted; Motivated; Cozy,Second Flush Summer,753.0,4.61,164,"An exquisite handcrafted assam harvest from the famed terroirs of Assam (Upper Brahmaputra Valley). Imbued with prominent sensory notes of Woody, Malty, Toasted Grain, this blend exhibits an aroma rating of 9.3/10. Specially curated for uplifted, motivated rituals, it offers potent digestive power, cardiovascular support.",Poha with Roasted Peanuts; Crisp Onion & Paneer Pakoras; Traditional Osmania Butter Biscuits,https://images.unsplash.com/photo-1571934811356-5cc061b6821f?auto=format&fit=crop&w=800&q=80
TEA-IN-1019,Fiery Adrak & Kali Mirch Kadak Chai '26,Rajasthan Royal Palace,Masala Chai,"Assam CTC Black Tea, Green Cardamom Pods, Crushed Dry Ginger, Ceylon Cinnamon, Cloves, Black Pepper, Star Anise, Saffron",Cardamom (Elaichi); Ginger (Adrak); Peppery; Creamy; Sweet Heat,4.6,6.4,1.6,9.4,9.5,58,35,5,97,2.5g per 200ml (or 1:1 milk-water for Chai),Cold & Cough Relief; Anti-inflammatory; Immunity Shield,Refreshed; Energetic; Cozy; Comforting,Second Flush Summer,450.0,4.68,289,"An exquisite handcrafted masala chai harvest from the famed terroirs of Rajasthan Royal Palace. Imbued with prominent sensory notes of Cardamom (Elaichi), Ginger (Adrak), Peppery, this blend exhibits an aroma rating of 9.5/10. Specially curated for refreshed, energetic rituals, it offers potent cold & cough relief, anti-inflammatory.",Crisp Hot Samosas with Mint & Tamarind Chutney; Traditional Osmania Butter Biscuits; Warm Cardamom Nankhatai,https://images.unsplash.com/photo-1544787219-7f47ccb76574?auto=format&fit=crop&w=800&q=80
TEA-IN-1020,Zaffran Emerald Heritage Brew,Kashmir (Srinagar Valley),Kashmir Kahwa,"Kashmiri Green Tea Leaves, Pampore Pure Saffron Strands, Green Cardamom, Cinnamon, Crushed Almond Slivers, Dried Rose Petals",Saffron (Kesar); Cinnamon; Sweet Almond; Floral Honey; Nutty,1.8,7.3,9.2,7.1,9.5,23,3,4,82,2.5g per 200ml (or 1:1 milk-water for Chai),Calming Warmth; Stress Relief; Skin Glow & Radiance; Immunity Boost,Relaxed; Meditative; Cozy,Winter Warmth,1003.0,4.43,210,"An exquisite handcrafted kashmir kahwa harvest from the famed terroirs of Kashmir (Srinagar Valley). Imbued with prominent sensory notes of Saffron (Kesar), Cinnamon, Sweet Almond, this blend exhibits an aroma rating of 9.5/10. Specially curated for relaxed, meditative rituals, it offers potent calming warmth, stress relief.",Kashmiri Girda Flatbread with Butter; Spicy Bhakarwadi & Mathri,https://images.unsplash.com/photo-1576092768241-dec231879fc3?auto=format&fit=crop&w=800&q=80
TEA-IN-1021,Coonoor Highland Fragrant Amber '25,Nilgiri (Coonoor),Nilgiri,100% High-Elevation Nilgiri Camellia Sinensis,Bright Citrus; Crisp Fruit; Light Malt; Plum,3.1,7.8,8.8,1.0,9.4,39,5,3,85,2.5g per 200ml (or 1:1 milk-water for Chai),Heart Health; Gentle Alertness,Calm; Uplifted; Focused,Winter Warmth,1225.0,4.88,69,"An exquisite handcrafted nilgiri harvest from the famed terroirs of Nilgiri (Coonoor). Imbued with prominent sensory notes of Bright Citrus, Crisp Fruit, Light Malt, this blend exhibits an aroma rating of 9.4/10. Specially curated for calm, uplifted rituals, it offers potent heart health, gentle alertness.",Kashmiri Girda Flatbread with Butter; Kolkata Style Kathi Rolls; Traditional Osmania Butter Biscuits,https://images.unsplash.com/photo-1597481499750-3e6b22637e12?auto=format&fit=crop&w=800&q=80
TEA-IN-1022,Triphala & Fennel Digestive Nectar,Himalayan Foothills,Ayurvedic Tisane,"Organic Tulsi (Holy Basil), Ashwagandha Root, Wild Himalayan Turmeric, Brahmi Leaves, Licorice (Mulethi), Fennel Seeds (Saunf), Lemongrass",Warm Ginger; Sweet Earthy; Fennel Sweetness; Botanical; Tulsi Mint,1.2,6.3,5.8,4.5,9.2,0,0,5,95,2.5g per 200ml (or 1:1 milk-water for Chai),Gut Health & Detox; Immunity Fortification; Deep Restful Sleep,Calm; Soothing; Meditative; Cozy,Winter Warmth,629.0,4.87,263,"An exquisite handcrafted ayurvedic tisane harvest from the famed terroirs of Himalayan Foothills. Imbued with prominent sensory notes of Warm Ginger, Sweet Earthy, Fennel Sweetness, this blend exhibits an aroma rating of 9.2/10. Specially curated for calm, soothing rituals, it offers potent gut health & detox, immunity fortification.",Shrewsbury Butter Biscuits; Kashmiri Girda Flatbread with Butter,https://images.unsplash.com/photo-1544787219-7f47ccb76574?auto=format&fit=crop&w=800&q=80
TEA-IN-1023,Kangra Imperial Green Dragon Lot #929 '24,Himachal Pradesh (Palampur),Kangra Valley,100% Certified GI Tagged Kangra Valley Whole Leaf Tea,Floral; Roasted Corn; Pine Mist; Nutty,1.9,7.0,6.7,0.9,7.9,44,1,4,77,2.5g per 200ml (or 1:1 milk-water for Chai),Digestive Ease; High Polyphenols,Meditative; Uplifted,Autumnal Harvest,411.0,4.61,371,"An exquisite handcrafted kangra valley harvest from the famed terroirs of Himachal Pradesh (Palampur). Imbued with prominent sensory notes of Floral, Roasted Corn, Pine Mist, this blend exhibits an aroma rating of 7.9/10. Specially curated for meditative, uplifted rituals, it offers potent digestive ease, high polyphenols.",Shrewsbury Butter Biscuits; Crisp Hot Samosas with Mint & Tamarind Chutney; Warm Cardamom Nankhatai,https://images.unsplash.com/photo-1576092768241-dec231879fc3?auto=format&fit=crop&w=800&q=80
TEA-IN-1024,Sikkim Royal Orthodox Muscatel Lot #669,"Sikkim (Temi Tea Estate, South Sikkim)",Sikkim Temi,100% Organic Single Estate Temi Leaves,Sweet Floral; Gentle Spice; Peach,2.4,7.8,7.7,1.0,8.0,38,3,4,88,2.5g per 200ml (or 1:1 milk-water for Chai),Pure Organic Nutrition; L-Theanine Serenity; Cardiovascular Support; Skin Vitality,Focused; Serene,Winter Warmth,948.0,4.95,104,"An exquisite handcrafted sikkim temi harvest from the famed terroirs of Sikkim (Temi Tea Estate, South Sikkim). Imbued with prominent sensory notes of Sweet Floral, Gentle Spice, Peach, this blend exhibits an aroma rating of 8.0/10. Specially curated for focused, serene rituals, it offers potent pure organic nutrition, l-theanine serenity.",Dhokla with Green Chilies; Traditional Osmania Butter Biscuits,https://images.unsplash.com/photo-1576092768241-dec231879fc3?auto=format&fit=crop&w=800&q=80
TEA-IN-1025,High Elevation Queen of Teas,Darjeeling (Singbulli),Darjeeling,100% Hand-Picked Camellia Sinensis Single Estate Darjeeling Leaves,Floral; Honey; Apricot; Pine Wood; Muscatel,2.6,7.8,7.6,0.8,9.7,52,5,4,90,2.5g per 200ml (or 1:1 milk-water for Chai),High Antioxidants; Gentle Vitality; Heart Wellness,Refreshed; Uplifted; Focused; Calm,Second Flush Summer,930.0,4.53,435,"An exquisite handcrafted darjeeling harvest from the famed terroirs of Darjeeling (Singbulli). Imbued with prominent sensory notes of Floral, Honey, Apricot, this blend exhibits an aroma rating of 9.7/10. Specially curated for refreshed, uplifted rituals, it offers potent high antioxidants, gentle vitality.",Poha with Roasted Peanuts; Warm Cardamom Nankhatai,https://images.unsplash.com/photo-1546852199-2d8e8c4aa477?auto=format&fit=crop&w=800&q=80
TEA-IN-1026,Smoked Wild Bamboo Assam Lot #676,Assam (Sibsagar),Assam,100% High-Grade Assam Whole Leaf & Golden Buds (Camellia Sinensis var. Assamica),Dark Cocoa; Woody; Toasted Grain,7.4,5.3,3.9,3.9,7.9,55,2,4,95,2.5g per 200ml (or 1:1 milk-water for Chai),Cardiovascular Support; High Sustained Energy; Metabolic Fire,Energetic; Uplifted; Motivated; Cozy,Monsoon Special,374.0,4.58,193,"An exquisite handcrafted assam harvest from the famed terroirs of Assam (Sibsagar). Imbued with prominent sensory notes of Dark Cocoa, Woody, Toasted Grain, this blend exhibits an aroma rating of 7.9/10. Specially curated for energetic, uplifted rituals, it offers potent cardiovascular support, high sustained energy.",Poha with Roasted Peanuts; Shrewsbury Butter Biscuits; Warm Cardamom Nankhatai,https://images.unsplash.com/photo-1514733670139-4d87a1941d55?auto=format&fit=crop&w=800&q=80
TEA-IN-1027,Cinnamon Bark & Clove Monsoon Chai Lot #940,Kolkata Street Estate,Masala Chai,"Assam CTC Black Tea, Green Cardamom Pods, Crushed Dry Ginger, Ceylon Cinnamon, Cloves, Black Pepper, Star Anise, Saffron",Cinnamon (Dalchini); Peppery; Sweet Heat; Ginger (Adrak),4.9,5.7,3.8,7.9,9.6,54,27,4,96,2.5g per 200ml (or 1:1 milk-water for Chai),Digestive Comfort; Anti-inflammatory; Cold & Cough Relief; Instant Warming,Refreshed; Uplifted; Comforting,Second Flush Summer,683.0,4.59,126,"An exquisite handcrafted masala chai harvest from the famed terroirs of Kolkata Street Estate. Imbued with prominent sensory notes of Cinnamon (Dalchini), Peppery, Sweet Heat, this blend exhibits an aroma rating of 9.6/10. Specially curated for refreshed, uplifted rituals, it offers potent digestive comfort, anti-inflammatory.",Dhokla with Green Chilies; Crisp Onion & Paneer Pakoras; Traditional Osmania Butter Biscuits,https://images.unsplash.com/photo-1571934811356-5cc061b6821f?auto=format&fit=crop&w=800&q=80
TEA-IN-1028,Pampore Golden Saffron Green Infusion,Kashmir (Pampore Saffron Fields),Kashmir Kahwa,"Kashmiri Green Tea Leaves, Pampore Pure Saffron Strands, Green Cardamom, Cinnamon, Crushed Almond Slivers, Dried Rose Petals",Delicate Green; Cardamom; Floral Honey; Nutty,2.2,6.7,8.8,6.7,10.0,24,2,3,83,2.5g per 200ml (or 1:1 milk-water for Chai),Calming Warmth; Stress Relief; Skin Glow & Radiance; Immunity Boost,Calm; Relaxed; Meditative,Monsoon Special,813.0,4.37,177,"An exquisite handcrafted kashmir kahwa harvest from the famed terroirs of Kashmir (Pampore Saffron Fields). Imbued with prominent sensory notes of Delicate Green, Cardamom, Floral Honey, this blend exhibits an aroma rating of 10.0/10. Specially curated for calm, relaxed rituals, it offers potent calming warmth, stress relief.",Kashmiri Girda Flatbread with Butter; Kolkata Style Kathi Rolls,https://images.unsplash.com/photo-1576092768241-dec231879fc3?auto=format&fit=crop&w=800&q=80
TEA-IN-1029,Emerald Dew Nilgiri Green,Nilgiri (Ooty Highlands),Nilgiri,100% High-Elevation Nilgiri Camellia Sinensis,Bright Citrus; Honey; Crisp Fruit; Plum,3.4,7.2,6.5,0.6,9.5,47,0,3,93,2.5g per 200ml (or 1:1 milk-water for Chai),Weight Balance; Heart Health; Antioxidant Rich; Gentle Alertness,Calm; Uplifted; Focused,Winter Warmth,1382.0,4.56,361,"An exquisite handcrafted nilgiri harvest from the famed terroirs of Nilgiri (Ooty Highlands). Imbued with prominent sensory notes of Bright Citrus, Honey, Crisp Fruit, this blend exhibits an aroma rating of 9.5/10. Specially curated for calm, uplifted rituals, it offers potent weight balance, heart health.",Gulab Jamun with Rosewater Syrup; Spicy Bhakarwadi & Mathri,https://images.unsplash.com/photo-1597481499750-3e6b22637e12?auto=format&fit=crop&w=800&q=80
TEA-IN-1030,Chamomile & Shankhpushpi Deep Sleep,Uttarakhand Sacred Valleys,Ayurvedic Tisane,"Organic Tulsi (Holy Basil), Ashwagandha Root, Wild Himalayan Turmeric, Brahmi Leaves, Licorice (Mulethi), Fennel Seeds (Saunf), Lemongrass",Warm Ginger; Woody; Botanical,2.2,4.5,7.2,5.0,8.4,0,1,7,96,2.5g per 200ml (or 1:1 milk-water for Chai),Cortisol / Stress Reduction; Gut Health & Detox; Joint & Anti-inflammatory; Deep Restful Sleep,Relaxed; Meditative; Cozy,Winter Warmth,426.0,4.82,270,"An exquisite handcrafted ayurvedic tisane harvest from the famed terroirs of Uttarakhand Sacred Valleys. Imbued with prominent sensory notes of Warm Ginger, Woody, Botanical, this blend exhibits an aroma rating of 8.4/10. Specially curated for relaxed, meditative rituals, it offers potent cortisol / stress reduction, gut health & detox.",Poha with Roasted Peanuts; Gulab Jamun with Rosewater Syrup; Crisp Onion & Paneer Pakoras,https://images.unsplash.com/photo-1544787219-7f47ccb76574?auto=format&fit=crop&w=800&q=80
TEA-IN-1031,Kangra Imperial Green Dragon,Himachal Pradesh (Kangra Valley),Kangra Valley,100% Certified GI Tagged Kangra Valley Whole Leaf Tea,Floral; Roasted Corn; Sweet Vegetal; Pine Mist; Mellow Green,2.7,5.7,8.4,1.5,7.4,41,5,3,75,2.5g per 200ml (or 1:1 milk-water for Chai),High Polyphenols; Metabolic Balance,Calm; Uplifted; Meditative; Focused,First Flush Spring,1207.0,4.92,230,"An exquisite handcrafted kangra valley harvest from the famed terroirs of Himachal Pradesh (Kangra Valley). Imbued with prominent sensory notes of Floral, Roasted Corn, Sweet Vegetal, this blend exhibits an aroma rating of 7.4/10. Specially curated for calm, uplifted rituals, it offers potent high polyphenols, metabolic balance.",Dhokla with Green Chilies; Gulab Jamun with Rosewater Syrup; Warm Cardamom Nankhatai,https://images.unsplash.com/photo-1563822249548-9a72b6353cd1?auto=format&fit=crop&w=800&q=80
TEA-IN-1032,Sikkim Royal Orthodox Muscatel,Sikkim (Ravangla Highlands),Sikkim Temi,100% Organic Single Estate Temi Leaves,Honeyed Wood; Peach; Caramel; Muscatel; Gentle Spice,1.8,7.0,7.7,1.8,9.2,47,4,4,87,2.5g per 200ml (or 1:1 milk-water for Chai),Cardiovascular Support; L-Theanine Serenity; Skin Vitality,Calm; Refreshed; Focused,Second Flush Summer,1486.0,4.74,387,"An exquisite handcrafted sikkim temi harvest from the famed terroirs of Sikkim (Ravangla Highlands). Imbued with prominent sensory notes of Honeyed Wood, Peach, Caramel, this blend exhibits an aroma rating of 9.2/10. Specially curated for calm, refreshed rituals, it offers potent cardiovascular support, l-theanine serenity.",Gulab Jamun with Rosewater Syrup; Warm Cardamom Nankhatai,https://images.unsplash.com/photo-1546852199-2d8e8c4aa477?auto=format&fit=crop&w=800&q=80
TEA-IN-1033,Moonlight Imperial Pluck Lot #348,Darjeeling (Makaibari),Darjeeling,100% Hand-Picked Camellia Sinensis Single Estate Darjeeling Leaves,Floral; Honey; Apricot; Green Apple; Muscatel,1.9,7.6,8.7,0.9,9.7,43,3,4,83,2.5g per 200ml (or 1:1 milk-water for Chai),Mental Clarity; High Antioxidants; Heart Wellness,Calm; Refreshed; Uplifted; Meditative,Second Flush Summer,2261.0,4.69,115,"An exquisite handcrafted darjeeling harvest from the famed terroirs of Darjeeling (Makaibari). Imbued with prominent sensory notes of Floral, Honey, Apricot, this blend exhibits an aroma rating of 9.7/10. Specially curated for calm, refreshed rituals, it offers potent mental clarity, high antioxidants.",Shrewsbury Butter Biscuits; Kashmiri Girda Flatbread with Butter,https://images.unsplash.com/photo-1546852199-2d8e8c4aa477?auto=format&fit=crop&w=800&q=80
TEA-IN-1034,Malty Breakfast Kadak CTC Lot #489,Assam (Jorhat),Assam,100% High-Grade Assam Whole Leaf & Golden Buds (Camellia Sinensis var. Assamica),Bold Body; Malty; Woody,6.6,3.2,3.8,3.9,7.1,57,1,4,97,2.5g per 200ml (or 1:1 milk-water for Chai),Immune Strength; Cardiovascular Support; Metabolic Fire,Energetic; Uplifted; Cozy,Autumnal Harvest,624.0,4.46,292,"An exquisite handcrafted assam harvest from the famed terroirs of Assam (Jorhat). Imbued with prominent sensory notes of Bold Body, Malty, Woody, this blend exhibits an aroma rating of 7.1/10. Specially curated for energetic, uplifted rituals, it offers potent immune strength, cardiovascular support.",Kashmiri Girda Flatbread with Butter; Irani Cafe Bun Maska & Chai,https://images.unsplash.com/photo-1571934811356-5cc061b6821f?auto=format&fit=crop&w=800&q=80
TEA-IN-1035,Dhaba Style Kulhad Strong Chai,Mumbai Heritage,Masala Chai,"Assam CTC Black Tea, Green Cardamom Pods, Crushed Dry Ginger, Ceylon Cinnamon, Cloves, Black Pepper, Star Anise, Saffron",Cinnamon (Dalchini); Cardamom (Elaichi); Creamy,4.2,5.3,2.3,9.2,10.0,68,40,5,100,2.5g per 200ml (or 1:1 milk-water for Chai),Anti-inflammatory; Cold & Cough Relief; Instant Warming,Energetic; Comforting,Second Flush Summer,699.0,4.35,65,"An exquisite handcrafted masala chai harvest from the famed terroirs of Mumbai Heritage. Imbued with prominent sensory notes of Cinnamon (Dalchini), Cardamom (Elaichi), Creamy, this blend exhibits an aroma rating of 10.0/10. Specially curated for energetic, comforting rituals, it offers potent anti-inflammatory, cold & cough relief.",Dhokla with Green Chilies; Kashmiri Girda Flatbread with Butter,https://images.unsplash.com/photo-1544787219-7f47ccb76574?auto=format&fit=crop&w=800&q=80
TEA-IN-1036,Traditional Samovar Cinnamon Kahwa Lot #146,Kashmir (Gulmarg Hills),Kashmir Kahwa,"Kashmiri Green Tea Leaves, Pampore Pure Saffron Strands, Green Cardamom, Cinnamon, Crushed Almond Slivers, Dried Rose Petals",Saffron (Kesar); Cardamom; Sweet Almond; Floral Honey; Nutty,2.1,8.0,8.1,5.3,9.3,22,4,4,83,2.5g per 200ml (or 1:1 milk-water for Chai),Digestive Fire; Skin Glow & Radiance,Refreshed; Meditative; Cozy,All Season,1824.0,4.66,127,"An exquisite handcrafted kashmir kahwa harvest from the famed terroirs of Kashmir (Gulmarg Hills). Imbued with prominent sensory notes of Saffron (Kesar), Cardamom, Sweet Almond, this blend exhibits an aroma rating of 9.3/10. Specially curated for refreshed, meditative rituals, it offers potent digestive fire, skin glow & radiance.",Poha with Roasted Peanuts; Crisp Onion & Paneer Pakoras; Warm Cardamom Nankhatai,https://images.unsplash.com/photo-1563822249548-9a72b6353cd1?auto=format&fit=crop&w=800&q=80
TEA-IN-1037,Nilgiri Frost Tea Winter Pluck Lot #887 '24,Nilgiri (Ooty Highlands),Nilgiri,100% High-Elevation Nilgiri Camellia Sinensis,Bright Citrus; Sweet Melon; Light Malt; Plum,2.0,6.5,7.4,2.0,9.3,44,3,4,85,2.5g per 200ml (or 1:1 milk-water for Chai),Weight Balance; Gentle Alertness,Refreshed; Uplifted,First Flush Spring,556.0,4.61,206,"An exquisite handcrafted nilgiri harvest from the famed terroirs of Nilgiri (Ooty Highlands). Imbued with prominent sensory notes of Bright Citrus, Sweet Melon, Light Malt, this blend exhibits an aroma rating of 9.3/10. Specially curated for refreshed, uplifted rituals, it offers potent weight balance, gentle alertness.",Dhokla with Green Chilies; Kolkata Style Kathi Rolls,https://images.unsplash.com/photo-1546852199-2d8e8c4aa477?auto=format&fit=crop&w=800&q=80
TEA-IN-1038,Ashwagandha Stress Relief Golden Elixir Lot #355,Himalayan Foothills,Ayurvedic Tisane,"Organic Tulsi (Holy Basil), Ashwagandha Root, Wild Himalayan Turmeric, Brahmi Leaves, Licorice (Mulethi), Fennel Seeds (Saunf), Lemongrass",Herbal; Fennel Sweetness; Cooling; Botanical; Tulsi Mint,2.8,5.8,5.3,4.8,9.1,0,4,5,95,2.5g per 200ml (or 1:1 milk-water for Chai),Gut Health & Detox; Immunity Fortification,Relaxed; Meditative,All Season,719.0,4.6,394,"An exquisite handcrafted ayurvedic tisane harvest from the famed terroirs of Himalayan Foothills. Imbued with prominent sensory notes of Herbal, Fennel Sweetness, Cooling, this blend exhibits an aroma rating of 9.1/10. Specially curated for relaxed, meditative rituals, it offers potent gut health & detox, immunity fortification.",Shrewsbury Butter Biscuits; Kashmiri Girda Flatbread with Butter; Traditional Osmania Butter Biscuits,https://images.unsplash.com/photo-1544787219-7f47ccb76574?auto=format&fit=crop&w=800&q=80
TEA-IN-1039,Snow Mist Kangra First Flush Lot #334,Himachal Pradesh (Kangra Valley),Kangra Valley,100% Certified GI Tagged Kangra Valley Whole Leaf Tea,Sweet Vegetal; Floral; Roasted Corn; Nutty,3.1,6.4,5.7,1.9,7.7,30,5,2,79,2.5g per 200ml (or 1:1 milk-water for Chai),Peaceful Focus; High Polyphenols; Metabolic Balance; Antioxidant Shield,Refreshed; Uplifted; Meditative,Autumnal Harvest,818.0,4.65,402,"An exquisite handcrafted kangra valley harvest from the famed terroirs of Himachal Pradesh (Kangra Valley). Imbued with prominent sensory notes of Sweet Vegetal, Floral, Roasted Corn, this blend exhibits an aroma rating of 7.7/10. Specially curated for refreshed, uplifted rituals, it offers potent peaceful focus, high polyphenols.",Kolkata Style Kathi Rolls; Traditional Osmania Butter Biscuits; Warm Cardamom Nankhatai,https://images.unsplash.com/photo-1563822249548-9a72b6353cd1?auto=format&fit=crop&w=800&q=80
TEA-IN-1040,Sikkim Royal Orthodox Muscatel Lot #665,Sikkim (Ravangla Highlands),Sikkim Temi,100% Organic Single Estate Temi Leaves,Honeyed Wood; Sweet Floral; Peach; Caramel; Muscatel,2.6,6.8,8.4,1.4,8.3,33,5,3,88,2.5g per 200ml (or 1:1 milk-water for Chai),L-Theanine Serenity; Skin Vitality,Calm; Refreshed; Focused; Serene,Monsoon Special,1529.0,4.71,326,"An exquisite handcrafted sikkim temi harvest from the famed terroirs of Sikkim (Ravangla Highlands). Imbued with prominent sensory notes of Honeyed Wood, Sweet Floral, Peach, this blend exhibits an aroma rating of 8.3/10. Specially curated for calm, refreshed rituals, it offers potent l-theanine serenity, skin vitality.",Poha with Roasted Peanuts; Traditional Osmania Butter Biscuits,https://images.unsplash.com/photo-1576092768241-dec231879fc3?auto=format&fit=crop&w=800&q=80
TEA-IN-1041,Misty Mountain Bio-Dynamic First Flush '24,Darjeeling (Castle Castleton),Darjeeling,100% Hand-Picked Camellia Sinensis Single Estate Darjeeling Leaves,Floral; Citrus Zest; Pine Wood; Green Apple; Muscatel,3.8,6.4,9.9,1.0,9.9,54,0,4,89,2.5g per 200ml (or 1:1 milk-water for Chai),Gentle Vitality; Heart Wellness,Calm; Uplifted,Second Flush Summer,948.0,4.68,187,"An exquisite handcrafted darjeeling harvest from the famed terroirs of Darjeeling (Castle Castleton). Imbued with prominent sensory notes of Floral, Citrus Zest, Pine Wood, this blend exhibits an aroma rating of 9.9/10. Specially curated for calm, uplifted rituals, it offers potent gentle vitality, heart wellness.",Poha with Roasted Peanuts; Dhokla with Green Chilies,https://images.unsplash.com/photo-1576092768241-dec231879fc3?auto=format&fit=crop&w=800&q=80
TEA-IN-1042,Golden Tips Extra Special Orthodox,Assam (Dibrugarh),Assam,100% High-Grade Assam Whole Leaf & Golden Buds (Camellia Sinensis var. Assamica),Bold Body; Toasted Grain; Malty; Woody; Dark Cocoa,7.3,3.5,1.1,4.5,9.1,82,1,4,97,2.5g per 200ml (or 1:1 milk-water for Chai),Cardiovascular Support; Immune Strength,Energetic; Uplifted; Motivated; Focused,First Flush Spring,828.0,4.66,403,"An exquisite handcrafted assam harvest from the famed terroirs of Assam (Dibrugarh). Imbued with prominent sensory notes of Bold Body, Toasted Grain, Malty, this blend exhibits an aroma rating of 9.1/10. Specially curated for energetic, uplifted rituals, it offers potent cardiovascular support, immune strength.",Dhokla with Green Chilies; Gulab Jamun with Rosewater Syrup; Kashmiri Girda Flatbread with Butter,https://images.unsplash.com/photo-1544787219-7f47ccb76574?auto=format&fit=crop&w=800&q=80
TEA-IN-1043,Rose Petal & Green Cardamom Sweet Chai Lot #436,Kolkata Street Estate,Masala Chai,"Assam CTC Black Tea, Green Cardamom Pods, Crushed Dry Ginger, Ceylon Cinnamon, Cloves, Black Pepper, Star Anise, Saffron",Clove (Laung); Ginger (Adrak); Sweet Heat; Spicy,5.5,5.7,1.3,7.9,9.1,60,47,4,98,2.5g per 200ml (or 1:1 milk-water for Chai),Digestive Comfort; Cold & Cough Relief; Anti-inflammatory; Instant Warming,Refreshed; Energetic; Uplifted; Cozy,First Flush Spring,279.0,4.65,314,"An exquisite handcrafted masala chai harvest from the famed terroirs of Kolkata Street Estate. Imbued with prominent sensory notes of Clove (Laung), Ginger (Adrak), Sweet Heat, this blend exhibits an aroma rating of 9.1/10. Specially curated for refreshed, energetic rituals, it offers potent digestive comfort, cold & cough relief.",Dhokla with Green Chilies; Crisp Hot Samosas with Mint & Tamarind Chutney; Crisp Onion & Paneer Pakoras,https://images.unsplash.com/photo-1571934811356-5cc061b6821f?auto=format&fit=crop&w=800&q=80
TEA-IN-1044,Gulmarg Winter Spice Kahwa,Kashmir (Pampore Saffron Fields),Kashmir Kahwa,"Kashmiri Green Tea Leaves, Pampore Pure Saffron Strands, Green Cardamom, Cinnamon, Crushed Almond Slivers, Dried Rose Petals",Cinnamon; Floral Honey; Saffron (Kesar),1.8,8.0,7.2,7.5,9.8,22,2,5,85,2.5g per 200ml (or 1:1 milk-water for Chai),Calming Warmth; Stress Relief; Digestive Fire; Immunity Boost,Refreshed; Relaxed; Meditative,Autumnal Harvest,1805.0,4.58,204,"An exquisite handcrafted kashmir kahwa harvest from the famed terroirs of Kashmir (Pampore Saffron Fields). Imbued with prominent sensory notes of Cinnamon, Floral Honey, Saffron (Kesar), this blend exhibits an aroma rating of 9.8/10. Specially curated for refreshed, relaxed rituals, it offers potent calming warmth, stress relief.",Crisp Hot Samosas with Mint & Tamarind Chutney; Crisp Onion & Paneer Pakoras,https://images.unsplash.com/photo-1563822249548-9a72b6353cd1?auto=format&fit=crop&w=800&q=80
TEA-IN-1045,Glendale High-Grown Special,Nilgiri (Coonoor),Nilgiri,100% High-Elevation Nilgiri Camellia Sinensis,Honey; Crisp Fruit; Sweet Melon; Plum,2.3,8.1,7.5,1.9,9.0,43,2,4,92,2.5g per 200ml (or 1:1 milk-water for Chai),Weight Balance; Heart Health; Gentle Alertness,Refreshed; Creative; Focused,First Flush Spring,880.0,4.62,39,"An exquisite handcrafted nilgiri harvest from the famed terroirs of Nilgiri (Coonoor). Imbued with prominent sensory notes of Honey, Crisp Fruit, Sweet Melon, this blend exhibits an aroma rating of 9.0/10. Specially curated for refreshed, creative rituals, it offers potent weight balance, heart health.",Dhokla with Green Chilies; Warm Cardamom Nankhatai; Irani Cafe Bun Maska & Chai,https://images.unsplash.com/photo-1597481499750-3e6b22637e12?auto=format&fit=crop&w=800&q=80
TEA-IN-1046,Giloy & Tulsi Monsoon Kadha Herbal Lot #996,Kerala (Western Ghats),Ayurvedic Tisane,"Organic Tulsi (Holy Basil), Ashwagandha Root, Wild Himalayan Turmeric, Brahmi Leaves, Licorice (Mulethi), Fennel Seeds (Saunf), Lemongrass",Cooling; Sweet Earthy; Woody; Fennel Sweetness,1.4,7.9,6.2,3.2,8.9,0,2,7,95,2.5g per 200ml (or 1:1 milk-water for Chai),Cortisol / Stress Reduction; Gut Health & Detox; Joint & Anti-inflammatory,Soothing; Cozy,First Flush Spring,805.0,4.59,154,"An exquisite handcrafted ayurvedic tisane harvest from the famed terroirs of Kerala (Western Ghats). Imbued with prominent sensory notes of Cooling, Sweet Earthy, Woody, this blend exhibits an aroma rating of 8.9/10. Specially curated for soothing, cozy rituals, it offers potent cortisol / stress reduction, gut health & detox.",Crisp Hot Samosas with Mint & Tamarind Chutney; Crisp Onion & Paneer Pakoras,https://images.unsplash.com/photo-1597481499750-3e6b22637e12?auto=format&fit=crop&w=800&q=80
TEA-IN-1047,Himalayan Cedar Scented Kangra,Himachal Pradesh (Dharamshala),Kangra Valley,100% Certified GI Tagged Kangra Valley Whole Leaf Tea,Roasted Corn; Sweet Vegetal; Pine Mist; Nutty; Mellow Green,2.9,5.9,5.5,1.2,7.7,41,2,3,76,2.5g per 200ml (or 1:1 milk-water for Chai),Digestive Ease; High Polyphenols; Metabolic Balance; Antioxidant Shield,Refreshed; Meditative; Calm,Second Flush Summer,1185.0,4.84,82,"An exquisite handcrafted kangra valley harvest from the famed terroirs of Himachal Pradesh (Dharamshala). Imbued with prominent sensory notes of Roasted Corn, Sweet Vegetal, Pine Mist, this blend exhibits an aroma rating of 7.7/10. Specially curated for refreshed, meditative rituals, it offers potent digestive ease, high polyphenols.",Dhokla with Green Chilies; Kashmiri Girda Flatbread with Butter; Crisp Onion & Paneer Pakoras,https://images.unsplash.com/photo-1563822249548-9a72b6353cd1?auto=format&fit=crop&w=800&q=80
TEA-IN-1048,Sikkim Green Dragon Spring Leaf '26,"Sikkim (Temi Tea Estate, South Sikkim)",Sikkim Temi,100% Organic Single Estate Temi Leaves,Sweet Floral; Gentle Spice; Peach; Caramel,2.5,8.4,8.4,1.8,8.1,46,4,4,85,2.5g per 200ml (or 1:1 milk-water for Chai),Cardiovascular Support; Pure Organic Nutrition; L-Theanine Serenity; Skin Vitality,Calm; Meditative,All Season,1016.0,4.52,101,"An exquisite handcrafted sikkim temi harvest from the famed terroirs of Sikkim (Temi Tea Estate, South Sikkim). Imbued with prominent sensory notes of Sweet Floral, Gentle Spice, Peach, this blend exhibits an aroma rating of 8.1/10. Specially curated for calm, meditative rituals, it offers potent cardiovascular support, pure organic nutrition.",Kashmiri Girda Flatbread with Butter; Crisp Onion & Paneer Pakoras,https://images.unsplash.com/photo-1546852199-2d8e8c4aa477?auto=format&fit=crop&w=800&q=80
TEA-IN-1049,Margaret's Hope Golden Tips Lot #698,Darjeeling (Goomtee),Darjeeling,100% Hand-Picked Camellia Sinensis Single Estate Darjeeling Leaves,Citrus Zest; Honeysuckle; Honey; Pine Wood; Muscatel,2.5,6.5,7.1,1.9,9.4,36,0,4,80,2.5g per 200ml (or 1:1 milk-water for Chai),Mental Clarity; Cellular Protection,Calm; Refreshed; Focused; Meditative,First Flush Spring,1301.0,4.33,332,"An exquisite handcrafted darjeeling harvest from the famed terroirs of Darjeeling (Goomtee). Imbued with prominent sensory notes of Citrus Zest, Honeysuckle, Honey, this blend exhibits an aroma rating of 9.4/10. Specially curated for calm, refreshed rituals, it offers potent mental clarity, cellular protection.",Crisp Hot Samosas with Mint & Tamarind Chutney; Traditional Osmania Butter Biscuits; Irani Cafe Bun Maska & Chai,https://images.unsplash.com/photo-1546852199-2d8e8c4aa477?auto=format&fit=crop&w=800&q=80
TEA-IN-1050,Brahmaputra Valley Bold Red Lot #344 '26,Assam (Mangaldai),Assam,100% High-Grade Assam Whole Leaf & Golden Buds (Camellia Sinensis var. Assamica),Dark Cocoa; Molasses; Toasted Grain,5.5,4.7,1.1,4.2,8.7,81,4,5,99,2.5g per 200ml (or 1:1 milk-water for Chai),Digestive Power; Immune Strength; Cardiovascular Support; Metabolic Fire,Energetic; Motivated; Uplifted; Focused,All Season,306.0,4.46,282,"An exquisite handcrafted assam harvest from the famed terroirs of Assam (Mangaldai). Imbued with prominent sensory notes of Dark Cocoa, Molasses, Toasted Grain, this blend exhibits an aroma rating of 8.7/10. Specially curated for energetic, motivated rituals, it offers potent digestive power, immune strength.",Traditional Osmania Butter Biscuits; Warm Cardamom Nankhatai; Irani Cafe Bun Maska & Chai,https://images.unsplash.com/photo-1514733670139-4d87a1941d55?auto=format&fit=crop&w=800&q=80
